fund,rebalance_date,ticker,weight
Equity_MinVariance,2021-01-04,ABBV,0.162569
Equity_MinVariance,2021-01-04,ABT,0.0
Equity_MinVariance,2021-01-04,ADBE,0.0
Equity_MinVariance,2021-01-04,AEP,0.0
Equity_MinVariance,2021-01-04,AMD,0.0
Equity_MinVariance,2021-01-04,AMGN,0.0
Equity_MinVariance,2021-01-04,AMT,0.0
Equity_MinVariance,2021-01-04,BA,0.0
Equity_MinVariance,2021-01-04,CAT,0.0
Equity_MinVariance,2021-01-04,CCI,0.0
Equity_MinVariance,2021-01-04,CMCSA,0.0
Equity_MinVariance,2021-01-04,COP,0.0
Equity_MinVariance,2021-01-04,CVX,0.0
Equity_MinVariance,2021-01-04,D,0.0
Equity_MinVariance,2021-01-04,DD,0.0
Equity_MinVariance,2021-01-04,DIS,0.0
Equity_MinVariance,2021-01-04,DOW,0.0
Equity_MinVariance,2021-01-04,DUK,0.0
Equity_MinVariance,2021-01-04,EA,0.073241
Equity_MinVariance,2021-01-04,GE,0.0
Equity_MinVariance,2021-01-04,GILD,0.127372
Equity_MinVariance,2021-01-04,GS,0.0
Equity_MinVariance,2021-01-04,INTC,0.0
Equity_MinVariance,2021-01-04,KO,0.0
Equity_MinVariance,2021-01-04,MMM,0.078526
Equity_MinVariance,2021-01-04,MRK,0.058177
Equity_MinVariance,2021-01-04,MS,0.0
Equity_MinVariance,2021-01-04,NEE,0.0
Equity_MinVariance,2021-01-04,NEM,0.1372
Equity_MinVariance,2021-01-04,NKE,0.005322
Equity_MinVariance,2021-01-04,NUE,0.0
Equity_MinVariance,2021-01-04,NVDA,0.0
Equity_MinVariance,2021-01-04,O,0.0
Equity_MinVariance,2021-01-04,OXY,0.0
Equity_MinVariance,2021-01-04,PLD,0.0
Equity_MinVariance,2021-01-04,PSA,0.07534
Equity_MinVariance,2021-01-04,QCOM,0.0
Equity_MinVariance,2021-01-04,SBUX,0.0
Equity_MinVariance,2021-01-04,SHW,0.0
Equity_MinVariance,2021-01-04,SLB,0.0
Equity_MinVariance,2021-01-04,SO,0.0
Equity_MinVariance,2021-01-04,T,0.0
Equity_MinVariance,2021-01-04,TMUS,0.0
Equity_MinVariance,2021-01-04,TTWO,0.037309
Equity_MinVariance,2021-01-04,UPS,0.013935
Equity_MinVariance,2021-01-04,USB,0.0
Equity_MinVariance,2021-01-04,V,0.0
Equity_MinVariance,2021-01-04,WFC,0.0
Equity_MinVariance,2021-01-04,WMT,0.23101
Equity_MinVariance,2021-01-04,XOM,0.0
Equity_MinVariance,2021-02-01,ABBV,0.148371
Equity_MinVariance,2021-02-01,ABT,0.0
Equity_MinVariance,2021-02-01,ADBE,0.0
Equity_MinVariance,2021-02-01,AEP,0.0
Equity_MinVariance,2021-02-01,AMD,0.0
Equity_MinVariance,2021-02-01,AMGN,0.0
Equity_MinVariance,2021-02-01,AMT,0.0
Equity_MinVariance,2021-02-01,BA,0.0
Equity_MinVariance,2021-02-01,CAT,0.0
Equity_MinVariance,2021-02-01,CCI,0.0
Equity_MinVariance,2021-02-01,CMCSA,0.0
Equity_MinVariance,2021-02-01,COP,0.0
Equity_MinVariance,2021-02-01,CVX,0.0
Equity_MinVariance,2021-02-01,D,0.0
Equity_MinVariance,2021-02-01,DD,0.0
Equity_MinVariance,2021-02-01,DIS,0.0
Equity_MinVariance,2021-02-01,DOW,0.0
Equity_MinVariance,2021-02-01,DUK,0.0
Equity_MinVariance,2021-02-01,EA,0.087051
Equity_MinVariance,2021-02-01,GE,0.0
Equity_MinVariance,2021-02-01,GILD,0.119982
Equity_MinVariance,2021-02-01,GS,0.0
Equity_MinVariance,2021-02-01,INTC,0.0
Equity_MinVariance,2021-02-01,KO,0.0
Equity_MinVariance,2021-02-01,MMM,0.101397
Equity_MinVariance,2021-02-01,MRK,0.067553
Equity_MinVariance,2021-02-01,MS,0.0
Equity_MinVariance,2021-02-01,NEE,0.0
Equity_MinVariance,2021-02-01,NEM,0.1282
Equity_MinVariance,2021-02-01,NKE,0.0
Equity_MinVariance,2021-02-01,NUE,0.0
Equity_MinVariance,2021-02-01,NVDA,0.0
Equity_MinVariance,2021-02-01,O,0.0
Equity_MinVariance,2021-02-01,OXY,0.0
Equity_MinVariance,2021-02-01,PLD,0.0
Equity_MinVariance,2021-02-01,PSA,0.080806
Equity_MinVariance,2021-02-01,QCOM,0.0
Equity_MinVariance,2021-02-01,SBUX,0.0
Equity_MinVariance,2021-02-01,SHW,0.0
Equity_MinVariance,2021-02-01,SLB,0.0
Equity_MinVariance,2021-02-01,SO,0.0
Equity_MinVariance,2021-02-01,T,0.0
Equity_MinVariance,2021-02-01,TMUS,0.0
Equity_MinVariance,2021-02-01,TTWO,0.031613
Equity_MinVariance,2021-02-01,UPS,0.007047
Equity_MinVariance,2021-02-01,USB,0.0
Equity_MinVariance,2021-02-01,V,0.0
Equity_MinVariance,2021-02-01,WFC,0.0
Equity_MinVariance,2021-02-01,WMT,0.227979
Equity_MinVariance,2021-02-01,XOM,0.0
Equity_MinVariance,2021-03-01,ABBV,0.180072
Equity_MinVariance,2021-03-01,ABT,0.0
Equity_MinVariance,2021-03-01,ADBE,0.0
Equity_MinVariance,2021-03-01,AEP,0.0
Equity_MinVariance,2021-03-01,AMD,0.0
Equity_MinVariance,2021-03-01,AMGN,0.0
Equity_MinVariance,2021-03-01,AMT,0.0
Equity_MinVariance,2021-03-01,BA,0.0
Equity_MinVariance,2021-03-01,CAT,0.0
Equity_MinVariance,2021-03-01,CCI,0.0
Equity_MinVariance,2021-03-01,CMCSA,0.0
Equity_MinVariance,2021-03-01,COP,0.0
Equity_MinVariance,2021-03-01,CVX,0.0
Equity_MinVariance,2021-03-01,D,0.0
Equity_MinVariance,2021-03-01,DD,0.0
Equity_MinVariance,2021-03-01,DIS,0.0
Equity_MinVariance,2021-03-01,DOW,0.0
Equity_MinVariance,2021-03-01,DUK,0.0
Equity_MinVariance,2021-03-01,EA,0.09389
Equity_MinVariance,2021-03-01,GE,0.0
Equity_MinVariance,2021-03-01,GILD,0.131694
Equity_MinVariance,2021-03-01,GS,0.0
Equity_MinVariance,2021-03-01,INTC,0.0
Equity_MinVariance,2021-03-01,KO,0.0
Equity_MinVariance,2021-03-01,MMM,0.078136
Equity_MinVariance,2021-03-01,MRK,0.022255
Equity_MinVariance,2021-03-01,MS,0.0
Equity_MinVariance,2021-03-01,NEE,0.0
Equity_MinVariance,2021-03-01,NEM,0.132186
Equity_MinVariance,2021-03-01,NKE,0.0
Equity_MinVariance,2021-03-01,NUE,0.0
Equity_MinVariance,2021-03-01,NVDA,0.0
Equity_MinVariance,2021-03-01,O,0.0
Equity_MinVariance,2021-03-01,OXY,0.0
Equity_MinVariance,2021-03-01,PLD,0.0
Equity_MinVariance,2021-03-01,PSA,0.116807
Equity_MinVariance,2021-03-01,QCOM,0.0
Equity_MinVariance,2021-03-01,SBUX,0.0
Equity_MinVariance,2021-03-01,SHW,0.0
Equity_MinVariance,2021-03-01,SLB,0.0
Equity_MinVariance,2021-03-01,SO,0.0
Equity_MinVariance,2021-03-01,T,0.0
Equity_MinVariance,2021-03-01,TMUS,0.0
Equity_MinVariance,2021-03-01,TTWO,0.014058
Equity_MinVariance,2021-03-01,UPS,0.021443
Equity_MinVariance,2021-03-01,USB,0.0
Equity_MinVariance,2021-03-01,V,0.0
Equity_MinVariance,2021-03-01,WFC,0.0
Equity_MinVariance,2021-03-01,WMT,0.209459
Equity_MinVariance,2021-03-01,XOM,0.0
Equity_MinVariance,2021-04-01,ABBV,0.108397
Equity_MinVariance,2021-04-01,ABT,0.0
Equity_MinVariance,2021-04-01,ADBE,0.0
Equity_MinVariance,2021-04-01,AEP,0.0
Equity_MinVariance,2021-04-01,AMD,0.0
Equity_MinVariance,2021-04-01,AMGN,0.0
Equity_MinVariance,2021-04-01,AMT,0.0
Equity_MinVariance,2021-04-01,BA,0.0
Equity_MinVariance,2021-04-01,CAT,0.0
Equity_MinVariance,2021-04-01,CCI,0.0
Equity_MinVariance,2021-04-01,CMCSA,0.0
Equity_MinVariance,2021-04-01,COP,0.0
Equity_MinVariance,2021-04-01,CVX,0.0
Equity_MinVariance,2021-04-01,D,0.06
Equity_MinVariance,2021-04-01,DD,0.0
Equity_MinVariance,2021-04-01,DIS,0.0069
Equity_MinVariance,2021-04-01,DOW,0.0
Equity_MinVariance,2021-04-01,DUK,0.0
Equity_MinVariance,2021-04-01,EA,0.089676
Equity_MinVariance,2021-04-01,GE,0.0
Equity_MinVariance,2021-04-01,GILD,0.054148
Equity_MinVariance,2021-04-01,GS,0.0
Equity_MinVariance,2021-04-01,INTC,0.0
Equity_MinVariance,2021-04-01,KO,0.0
Equity_MinVariance,2021-04-01,MMM,0.105154
Equity_MinVariance,2021-04-01,MRK,0.047211
Equity_MinVariance,2021-04-01,MS,0.0
Equity_MinVariance,2021-04-01,NEE,0.0
Equity_MinVariance,2021-04-01,NEM,0.00062
Equity_MinVariance,2021-04-01,NKE,0.0
Equity_MinVariance,2021-04-01,NUE,0.0
Equity_MinVariance,2021-04-01,NVDA,0.0
Equity_MinVariance,2021-04-01,O,0.0
Equity_MinVariance,2021-04-01,OXY,0.0
Equity_MinVariance,2021-04-01,PLD,0.0
Equity_MinVariance,2021-04-01,PSA,0.123547
Equity_MinVariance,2021-04-01,QCOM,0.0
Equity_MinVariance,2021-04-01,SBUX,0.0
Equity_MinVariance,2021-04-01,SHW,0.0
Equity_MinVariance,2021-04-01,SLB,0.0
Equity_MinVariance,2021-04-01,SO,0.0
Equity_MinVariance,2021-04-01,T,0.095595
Equity_MinVariance,2021-04-01,TMUS,0.0
Equity_MinVariance,2021-04-01,TTWO,0.077239
Equity_MinVariance,2021-04-01,UPS,0.0
Equity_MinVariance,2021-04-01,USB,0.0
Equity_MinVariance,2021-04-01,V,0.0
Equity_MinVariance,2021-04-01,WFC,0.0
Equity_MinVariance,2021-04-01,WMT,0.231513
Equity_MinVariance,2021-04-01,XOM,0.0
Equity_MinVariance,2021-05-03,ABBV,0.086525
Equity_MinVariance,2021-05-03,ABT,0.0
Equity_MinVariance,2021-05-03,ADBE,0.0
Equity_MinVariance,2021-05-03,AEP,0.056345
Equity_MinVariance,2021-05-03,AMD,0.0
Equity_MinVariance,2021-05-03,AMGN,0.0
Equity_MinVariance,2021-05-03,AMT,0.0
Equity_MinVariance,2021-05-03,BA,0.0
Equity_MinVariance,2021-05-03,CAT,0.0
Equity_MinVariance,2021-05-03,CCI,0.0
Equity_MinVariance,2021-05-03,CMCSA,0.0
Equity_MinVariance,2021-05-03,COP,0.0
Equity_MinVariance,2021-05-03,CVX,0.0
Equity_MinVariance,2021-05-03,D,0.081701
Equity_MinVariance,2021-05-03,DD,0.0
Equity_MinVariance,2021-05-03,DIS,0.0
Equity_MinVariance,2021-05-03,DOW,0.0
Equity_MinVariance,2021-05-03,DUK,0.014097
Equity_MinVariance,2021-05-03,EA,0.062251
Equity_MinVariance,2021-05-03,GE,0.0
Equity_MinVariance,2021-05-03,GILD,0.043798
Equity_MinVariance,2021-05-03,GS,0.0
Equity_MinVariance,2021-05-03,INTC,0.0
Equity_MinVariance,2021-05-03,KO,0.0
Equity_MinVariance,2021-05-03,MMM,0.070674
Equity_MinVariance,2021-05-03,MRK,0.109277
Equity_MinVariance,2021-05-03,MS,0.0
Equity_MinVariance,2021-05-03,NEE,0.0
Equity_MinVariance,2021-05-03,NEM,0.001801
Equity_MinVariance,2021-05-03,NKE,0.027343
Equity_MinVariance,2021-05-03,NUE,0.0
Equity_MinVariance,2021-05-03,NVDA,0.0
Equity_MinVariance,2021-05-03,O,0.0
Equity_MinVariance,2021-05-03,OXY,0.0
Equity_MinVariance,2021-05-03,PLD,0.0
Equity_MinVariance,2021-05-03,PSA,0.065587
Equity_MinVariance,2021-05-03,QCOM,0.0
Equity_MinVariance,2021-05-03,SBUX,0.0
Equity_MinVariance,2021-05-03,SHW,0.0
Equity_MinVariance,2021-05-03,SLB,0.0
Equity_MinVariance,2021-05-03,SO,0.0
Equity_MinVariance,2021-05-03,T,0.114198
Equity_MinVariance,2021-05-03,TMUS,0.0
Equity_MinVariance,2021-05-03,TTWO,0.062174
Equity_MinVariance,2021-05-03,UPS,0.0
Equity_MinVariance,2021-05-03,USB,0.0
Equity_MinVariance,2021-05-03,V,0.0
Equity_MinVariance,2021-05-03,WFC,0.0
Equity_MinVariance,2021-05-03,WMT,0.204229
Equity_MinVariance,2021-05-03,XOM,0.0
Equity_MinVariance,2021-06-01,ABBV,0.047747
Equity_MinVariance,2021-06-01,ABT,0.0
Equity_MinVariance,2021-06-01,ADBE,0.0
Equity_MinVariance,2021-06-01,AEP,0.09192
Equity_MinVariance,2021-06-01,AMD,0.0
Equity_MinVariance,2021-06-01,AMGN,0.0
Equity_MinVariance,2021-06-01,AMT,0.0
Equity_MinVariance,2021-06-01,BA,0.0
Equity_MinVariance,2021-06-01,CAT,0.0
Equity_MinVariance,2021-06-01,CCI,0.0
Equity_MinVariance,2021-06-01,CMCSA,0.0
Equity_MinVariance,2021-06-01,COP,0.0
Equity_MinVariance,2021-06-01,CVX,0.0
Equity_MinVariance,2021-06-01,D,0.050259
Equity_MinVariance,2021-06-01,DD,0.0
Equity_MinVariance,2021-06-01,DIS,0.009892
Equity_MinVariance,2021-06-01,DOW,0.0
Equity_MinVariance,2021-06-01,DUK,0.012713
Equity_MinVariance,2021-06-01,EA,0.062682
Equity_MinVariance,2021-06-01,GE,0.0
Equity_MinVariance,2021-06-01,GILD,0.058817
Equity_MinVariance,2021-06-01,GS,0.0
Equity_MinVariance,2021-06-01,INTC,0.0
Equity_MinVariance,2021-06-01,KO,0.0
Equity_MinVariance,2021-06-01,MMM,0.085091
Equity_MinVariance,2021-06-01,MRK,0.118399
Equity_MinVariance,2021-06-01,MS,0.0
Equity_MinVariance,2021-06-01,NEE,0.0
Equity_MinVariance,2021-06-01,NEM,0.0
Equity_MinVariance,2021-06-01,NKE,0.0259
Equity_MinVariance,2021-06-01,NUE,0.0
Equity_MinVariance,2021-06-01,NVDA,0.0
Equity_MinVariance,2021-06-01,O,0.0
Equity_MinVariance,2021-06-01,OXY,0.0
Equity_MinVariance,2021-06-01,PLD,0.0
Equity_MinVariance,2021-06-01,PSA,0.088387
Equity_MinVariance,2021-06-01,QCOM,0.0
Equity_MinVariance,2021-06-01,SBUX,0.0
Equity_MinVariance,2021-06-01,SHW,0.0
Equity_MinVariance,2021-06-01,SLB,0.0
Equity_MinVariance,2021-06-01,SO,0.0
Equity_MinVariance,2021-06-01,T,0.116535
Equity_MinVariance,2021-06-01,TMUS,0.0
Equity_MinVariance,2021-06-01,TTWO,0.0572
Equity_MinVariance,2021-06-01,UPS,0.0
Equity_MinVariance,2021-06-01,USB,0.0
Equity_MinVariance,2021-06-01,V,0.0
Equity_MinVariance,2021-06-01,WFC,0.0
Equity_MinVariance,2021-06-01,WMT,0.174459
Equity_MinVariance,2021-06-01,XOM,0.0
Equity_MinVariance,2021-07-01,ABBV,0.038044
Equity_MinVariance,2021-07-01,ABT,0.001602
Equity_MinVariance,2021-07-01,ADBE,0.0
Equity_MinVariance,2021-07-01,AEP,0.073075
Equity_MinVariance,2021-07-01,AMD,0.007323
Equity_MinVariance,2021-07-01,AMGN,0.0
Equity_MinVariance,2021-07-01,AMT,0.0
Equity_MinVariance,2021-07-01,BA,0.0
Equity_MinVariance,2021-07-01,CAT,8.8e-05
Equity_MinVariance,2021-07-01,CCI,0.053932
Equity_MinVariance,2021-07-01,CMCSA,0.0
Equity_MinVariance,2021-07-01,COP,0.0
Equity_MinVariance,2021-07-01,CVX,0.0
Equity_MinVariance,2021-07-01,D,0.023538
Equity_MinVariance,2021-07-01,DD,0.0
Equity_MinVariance,2021-07-01,DIS,0.015021
Equity_MinVariance,2021-07-01,DOW,0.0
Equity_MinVariance,2021-07-01,DUK,0.0
Equity_MinVariance,2021-07-01,EA,0.025502
Equity_MinVariance,2021-07-01,GE,0.0
Equity_MinVariance,2021-07-01,GILD,0.030811
Equity_MinVariance,2021-07-01,GS,0.020635
Equity_MinVariance,2021-07-01,INTC,0.0
Equity_MinVariance,2021-07-01,KO,0.0
Equity_MinVariance,2021-07-01,MMM,0.094418
Equity_MinVariance,2021-07-01,MRK,0.134507
Equity_MinVariance,2021-07-01,MS,0.0
Equity_MinVariance,2021-07-01,NEE,0.0
Equity_MinVariance,2021-07-01,NEM,0.0
Equity_MinVariance,2021-07-01,NKE,0.036325
Equity_MinVariance,2021-07-01,NUE,0.0
Equity_MinVariance,2021-07-01,NVDA,0.0
Equity_MinVariance,2021-07-01,O,0.0
Equity_MinVariance,2021-07-01,OXY,0.0
Equity_MinVariance,2021-07-01,PLD,0.0
Equity_MinVariance,2021-07-01,PSA,0.104112
Equity_MinVariance,2021-07-01,QCOM,0.0
Equity_MinVariance,2021-07-01,SBUX,0.021684
Equity_MinVariance,2021-07-01,SHW,0.0
Equity_MinVariance,2021-07-01,SLB,0.0
Equity_MinVariance,2021-07-01,SO,0.0
Equity_MinVariance,2021-07-01,T,0.164146
Equity_MinVariance,2021-07-01,TMUS,0.0
Equity_MinVariance,2021-07-01,TTWO,0.049172
Equity_MinVariance,2021-07-01,UPS,0.0
Equity_MinVariance,2021-07-01,USB,0.0
Equity_MinVariance,2021-07-01,V,0.0
Equity_MinVariance,2021-07-01,WFC,0.0
Equity_MinVariance,2021-07-01,WMT,0.106064
Equity_MinVariance,2021-07-01,XOM,0.0
Equity_MinVariance,2021-08-02,ABBV,0.030086
Equity_MinVariance,2021-08-02,ABT,0.009447
Equity_MinVariance,2021-08-02,ADBE,0.0
Equity_MinVariance,2021-08-02,AEP,0.084302
Equity_MinVariance,2021-08-02,AMD,0.002145
Equity_MinVariance,2021-08-02,AMGN,0.0
Equity_MinVariance,2021-08-02,AMT,0.0
Equity_MinVariance,2021-08-02,BA,0.0
Equity_MinVariance,2021-08-02,CAT,0.006228
Equity_MinVariance,2021-08-02,CCI,0.06448
Equity_MinVariance,2021-08-02,CMCSA,0.0
Equity_MinVariance,2021-08-02,COP,0.0
Equity_MinVariance,2021-08-02,CVX,0.0
Equity_MinVariance,2021-08-02,D,0.0
Equity_MinVariance,2021-08-02,DD,0.0
Equity_MinVariance,2021-08-02,DIS,0.013807
Equity_MinVariance,2021-08-02,DOW,0.0
Equity_MinVariance,2021-08-02,DUK,0.007457
Equity_MinVariance,2021-08-02,EA,0.023127
Equity_MinVariance,2021-08-02,GE,0.0
Equity_MinVariance,2021-08-02,GILD,0.024736
Equity_MinVariance,2021-08-02,GS,0.0223
Equity_MinVariance,2021-08-02,INTC,0.0
Equity_MinVariance,2021-08-02,KO,0.0
Equity_MinVariance,2021-08-02,MMM,0.082111
Equity_MinVariance,2021-08-02,MRK,0.14534
Equity_MinVariance,2021-08-02,MS,0.0
Equity_MinVariance,2021-08-02,NEE,0.0
Equity_MinVariance,2021-08-02,NEM,0.0
Equity_MinVariance,2021-08-02,NKE,0.033454
Equity_MinVariance,2021-08-02,NUE,0.0
Equity_MinVariance,2021-08-02,NVDA,0.0
Equity_MinVariance,2021-08-02,O,0.0
Equity_MinVariance,2021-08-02,OXY,0.0
Equity_MinVariance,2021-08-02,PLD,0.0
Equity_MinVariance,2021-08-02,PSA,0.104868
Equity_MinVariance,2021-08-02,QCOM,0.0
Equity_MinVariance,2021-08-02,SBUX,0.014643
Equity_MinVariance,2021-08-02,SHW,0.0
Equity_MinVariance,2021-08-02,SLB,0.0
Equity_MinVariance,2021-08-02,SO,0.0
Equity_MinVariance,2021-08-02,T,0.1643
Equity_MinVariance,2021-08-02,TMUS,0.0
Equity_MinVariance,2021-08-02,TTWO,0.056302
Equity_MinVariance,2021-08-02,UPS,0.0
Equity_MinVariance,2021-08-02,USB,0.0
Equity_MinVariance,2021-08-02,V,0.0
Equity_MinVariance,2021-08-02,WFC,0.0
Equity_MinVariance,2021-08-02,WMT,0.110867
Equity_MinVariance,2021-08-02,XOM,0.0
Equity_MinVariance,2021-09-01,ABBV,0.019187
Equity_MinVariance,2021-09-01,ABT,0.01149
Equity_MinVariance,2021-09-01,ADBE,0.0
Equity_MinVariance,2021-09-01,AEP,0.093618
Equity_MinVariance,2021-09-01,AMD,0.011277
Equity_MinVariance,2021-09-01,AMGN,0.0
Equity_MinVariance,2021-09-01,AMT,0.0
Equity_MinVariance,2021-09-01,BA,0.0
Equity_MinVariance,2021-09-01,CAT,0.003963
Equity_MinVariance,2021-09-01,CCI,0.069478
Equity_MinVariance,2021-09-01,CMCSA,0.0
Equity_MinVariance,2021-09-01,COP,0.0
Equity_MinVariance,2021-09-01,CVX,0.0
Equity_MinVariance,2021-09-01,D,0.0
Equity_MinVariance,2021-09-01,DD,0.0
Equity_MinVariance,2021-09-01,DIS,0.013558
Equity_MinVariance,2021-09-01,DOW,0.0
Equity_MinVariance,2021-09-01,DUK,0.007791
Equity_MinVariance,2021-09-01,EA,0.022264
Equity_MinVariance,2021-09-01,GE,0.0
Equity_MinVariance,2021-09-01,GILD,0.01769
Equity_MinVariance,2021-09-01,GS,0.031461
Equity_MinVariance,2021-09-01,INTC,0.0
Equity_MinVariance,2021-09-01,KO,0.0
Equity_MinVariance,2021-09-01,MMM,0.074623
Equity_MinVariance,2021-09-01,MRK,0.131402
Equity_MinVariance,2021-09-01,MS,0.0
Equity_MinVariance,2021-09-01,NEE,0.0
Equity_MinVariance,2021-09-01,NEM,0.0
Equity_MinVariance,2021-09-01,NKE,0.028515
Equity_MinVariance,2021-09-01,NUE,0.0
Equity_MinVariance,2021-09-01,NVDA,0.0
Equity_MinVariance,2021-09-01,O,0.0
Equity_MinVariance,2021-09-01,OXY,0.0
Equity_MinVariance,2021-09-01,PLD,0.0
Equity_MinVariance,2021-09-01,PSA,0.115989
Equity_MinVariance,2021-09-01,QCOM,0.0
Equity_MinVariance,2021-09-01,SBUX,0.00399
Equity_MinVariance,2021-09-01,SHW,0.0
Equity_MinVariance,2021-09-01,SLB,0.0
Equity_MinVariance,2021-09-01,SO,0.0
Equity_MinVariance,2021-09-01,T,0.163775
Equity_MinVariance,2021-09-01,TMUS,0.0
Equity_MinVariance,2021-09-01,TTWO,0.057455
Equity_MinVariance,2021-09-01,UPS,0.0
Equity_MinVariance,2021-09-01,USB,0.0
Equity_MinVariance,2021-09-01,V,0.0
Equity_MinVariance,2021-09-01,WFC,0.0
Equity_MinVariance,2021-09-01,WMT,0.122475
Equity_MinVariance,2021-09-01,XOM,0.0
Equity_MinVariance,2021-10-01,ABBV,0.0
Equity_MinVariance,2021-10-01,ABT,0.033057
Equity_MinVariance,2021-10-01,ADBE,0.0
Equity_MinVariance,2021-10-01,AEP,0.053022
Equity_MinVariance,2021-10-01,AMD,0.02032
Equity_MinVariance,2021-10-01,AMGN,0.0
Equity_MinVariance,2021-10-01,AMT,0.0
Equity_MinVariance,2021-10-01,BA,0.0
Equity_MinVariance,2021-10-01,CAT,0.0
Equity_MinVariance,2021-10-01,CCI,0.090459
Equity_MinVariance,2021-10-01,CMCSA,0.0
Equity_MinVariance,2021-10-01,COP,0.0
Equity_MinVariance,2021-10-01,CVX,0.0
Equity_MinVariance,2021-10-01,D,0.0
Equity_MinVariance,2021-10-01,DD,0.00073
Equity_MinVariance,2021-10-01,DIS,0.007106
Equity_MinVariance,2021-10-01,DOW,0.0
Equity_MinVariance,2021-10-01,DUK,0.045071
Equity_MinVariance,2021-10-01,EA,0.045546
Equity_MinVariance,2021-10-01,GE,0.0
Equity_MinVariance,2021-10-01,GILD,0.005363
Equity_MinVariance,2021-10-01,GS,0.044243
Equity_MinVariance,2021-10-01,INTC,0.002025
Equity_MinVariance,2021-10-01,KO,0.000277
Equity_MinVariance,2021-10-01,MMM,0.083137
Equity_MinVariance,2021-10-01,MRK,0.147426
Equity_MinVariance,2021-10-01,MS,0.0
Equity_MinVariance,2021-10-01,NEE,0.0
Equity_MinVariance,2021-10-01,NEM,0.0
Equity_MinVariance,2021-10-01,NKE,0.0
Equity_MinVariance,2021-10-01,NUE,0.0
Equity_MinVariance,2021-10-01,NVDA,0.0
Equity_MinVariance,2021-10-01,O,0.0
Equity_MinVariance,2021-10-01,OXY,0.002425
Equity_MinVariance,2021-10-01,PLD,0.0
Equity_MinVariance,2021-10-01,PSA,0.09406
Equity_MinVariance,2021-10-01,QCOM,0.0
Equity_MinVariance,2021-10-01,SBUX,0.020137
Equity_MinVariance,2021-10-01,SHW,0.0
Equity_MinVariance,2021-10-01,SLB,0.002009
Equity_MinVariance,2021-10-01,SO,0.0
Equity_MinVariance,2021-10-01,T,0.134725
Equity_MinVariance,2021-10-01,TMUS,0.0
Equity_MinVariance,2021-10-01,TTWO,0.040309
Equity_MinVariance,2021-10-01,UPS,0.0
Equity_MinVariance,2021-10-01,USB,0.0
Equity_MinVariance,2021-10-01,V,0.0
Equity_MinVariance,2021-10-01,WFC,0.0
Equity_MinVariance,2021-10-01,WMT,0.128552
Equity_MinVariance,2021-10-01,XOM,0.0
Equity_MinVariance,2021-11-01,ABBV,0.016247
Equity_MinVariance,2021-11-01,ABT,0.055947
Equity_MinVariance,2021-11-01,ADBE,0.0
Equity_MinVariance,2021-11-01,AEP,0.047066
Equity_MinVariance,2021-11-01,AMD,0.035283
Equity_MinVariance,2021-11-01,AMGN,0.0
Equity_MinVariance,2021-11-01,AMT,0.0
Equity_MinVariance,2021-11-01,BA,0.0
Equity_MinVariance,2021-11-01,CAT,0.0
Equity_MinVariance,2021-11-01,CCI,0.055667
Equity_MinVariance,2021-11-01,CMCSA,0.0
Equity_MinVariance,2021-11-01,COP,0.000544
Equity_MinVariance,2021-11-01,CVX,0.0
Equity_MinVariance,2021-11-01,D,0.0
Equity_MinVariance,2021-11-01,DD,0.0
Equity_MinVariance,2021-11-01,DIS,0.0
Equity_MinVariance,2021-11-01,DOW,0.0
Equity_MinVariance,2021-11-01,DUK,0.054217
Equity_MinVariance,2021-11-01,EA,0.0527
Equity_MinVariance,2021-11-01,GE,0.0
Equity_MinVariance,2021-11-01,GILD,0.044412
Equity_MinVariance,2021-11-01,GS,0.063135
Equity_MinVariance,2021-11-01,INTC,7.9e-05
Equity_MinVariance,2021-11-01,KO,0.063062
Equity_MinVariance,2021-11-01,MMM,0.064089
Equity_MinVariance,2021-11-01,MRK,0.073521
Equity_MinVariance,2021-11-01,MS,0.0
Equity_MinVariance,2021-11-01,NEE,0.0
Equity_MinVariance,2021-11-01,NEM,0.001197
Equity_MinVariance,2021-11-01,NKE,0.0
Equity_MinVariance,2021-11-01,NUE,0.0
Equity_MinVariance,2021-11-01,NVDA,0.0
Equity_MinVariance,2021-11-01,O,0.0
Equity_MinVariance,2021-11-01,OXY,0.004281
Equity_MinVariance,2021-11-01,PLD,0.0
Equity_MinVariance,2021-11-01,PSA,0.102415
Equity_MinVariance,2021-11-01,QCOM,0.0
Equity_MinVariance,2021-11-01,SBUX,0.013183
Equity_MinVariance,2021-11-01,SHW,0.0
Equity_MinVariance,2021-11-01,SLB,0.0
Equity_MinVariance,2021-11-01,SO,0.0
Equity_MinVariance,2021-11-01,T,0.110741
Equity_MinVariance,2021-11-01,TMUS,0.00081
Equity_MinVariance,2021-11-01,TTWO,0.026865
Equity_MinVariance,2021-11-01,UPS,0.007318
Equity_MinVariance,2021-11-01,USB,0.0
Equity_MinVariance,2021-11-01,V,0.0
Equity_MinVariance,2021-11-01,WFC,0.0
Equity_MinVariance,2021-11-01,WMT,0.107219
Equity_MinVariance,2021-11-01,XOM,0.0
Equity_MinVariance,2021-12-01,ABBV,0.031549
Equity_MinVariance,2021-12-01,ABT,0.077031
Equity_MinVariance,2021-12-01,ADBE,0.0
Equity_MinVariance,2021-12-01,AEP,0.053563
Equity_MinVariance,2021-12-01,AMD,0.025932
Equity_MinVariance,2021-12-01,AMGN,0.0
Equity_MinVariance,2021-12-01,AMT,0.0
Equity_MinVariance,2021-12-01,BA,0.0
Equity_MinVariance,2021-12-01,CAT,0.0
Equity_MinVariance,2021-12-01,CCI,0.001272
Equity_MinVariance,2021-12-01,CMCSA,0.0
Equity_MinVariance,2021-12-01,COP,0.012194
Equity_MinVariance,2021-12-01,CVX,0.013235
Equity_MinVariance,2021-12-01,D,0.0
Equity_MinVariance,2021-12-01,DD,0.0
Equity_MinVariance,2021-12-01,DIS,0.004884
Equity_MinVariance,2021-12-01,DOW,0.0
Equity_MinVariance,2021-12-01,DUK,0.066607
Equity_MinVariance,2021-12-01,EA,0.06802
Equity_MinVariance,2021-12-01,GE,0.0
Equity_MinVariance,2021-12-01,GILD,0.039403
Equity_MinVariance,2021-12-01,GS,0.051777
Equity_MinVariance,2021-12-01,INTC,0.006448
Equity_MinVariance,2021-12-01,KO,0.033155
Equity_MinVariance,2021-12-01,MMM,0.063484
Equity_MinVariance,2021-12-01,MRK,0.033708
Equity_MinVariance,2021-12-01,MS,0.0
Equity_MinVariance,2021-12-01,NEE,0.0
Equity_MinVariance,2021-12-01,NEM,0.014689
Equity_MinVariance,2021-12-01,NKE,0.001289
Equity_MinVariance,2021-12-01,NUE,0.0
Equity_MinVariance,2021-12-01,NVDA,0.0
Equity_MinVariance,2021-12-01,O,0.003053
Equity_MinVariance,2021-12-01,OXY,0.0
Equity_MinVariance,2021-12-01,PLD,0.0
Equity_MinVariance,2021-12-01,PSA,0.127394
Equity_MinVariance,2021-12-01,QCOM,0.0
Equity_MinVariance,2021-12-01,SBUX,0.011603
Equity_MinVariance,2021-12-01,SHW,0.027224
Equity_MinVariance,2021-12-01,SLB,0.0
Equity_MinVariance,2021-12-01,SO,0.010062
Equity_MinVariance,2021-12-01,T,0.088593
Equity_MinVariance,2021-12-01,TMUS,0.0
Equity_MinVariance,2021-12-01,TTWO,0.021233
Equity_MinVariance,2021-12-01,UPS,0.000267
Equity_MinVariance,2021-12-01,USB,0.0
Equity_MinVariance,2021-12-01,V,0.0
Equity_MinVariance,2021-12-01,WFC,0.0
Equity_MinVariance,2021-12-01,WMT,0.112329
Equity_MinVariance,2021-12-01,XOM,0.0
Equity_MinVariance,2022-01-03,ABBV,0.021737
Equity_MinVariance,2022-01-03,ABT,0.068437
Equity_MinVariance,2022-01-03,ADBE,0.011068
Equity_MinVariance,2022-01-03,AEP,0.053734
Equity_MinVariance,2022-01-03,AMD,0.022663
Equity_MinVariance,2022-01-03,AMGN,0.0
Equity_MinVariance,2022-01-03,AMT,0.0
Equity_MinVariance,2022-01-03,BA,0.0
Equity_MinVariance,2022-01-03,CAT,0.0
Equity_MinVariance,2022-01-03,CCI,0.0
Equity_MinVariance,2022-01-03,CMCSA,0.0
Equity_MinVariance,2022-01-03,COP,0.0
Equity_MinVariance,2022-01-03,CVX,0.017011
Equity_MinVariance,2022-01-03,D,0.0
Equity_MinVariance,2022-01-03,DD,0.0
Equity_MinVariance,2022-01-03,DIS,0.024599
Equity_MinVariance,2022-01-03,DOW,0.0
Equity_MinVariance,2022-01-03,DUK,0.070495
Equity_MinVariance,2022-01-03,EA,0.059628
Equity_MinVariance,2022-01-03,GE,0.0
Equity_MinVariance,2022-01-03,GILD,0.069597
Equity_MinVariance,2022-01-03,GS,0.044613
Equity_MinVariance,2022-01-03,INTC,0.007928
Equity_MinVariance,2022-01-03,KO,0.02498
Equity_MinVariance,2022-01-03,MMM,0.076616
Equity_MinVariance,2022-01-03,MRK,0.048797
Equity_MinVariance,2022-01-03,MS,0.0
Equity_MinVariance,2022-01-03,NEE,0.0
Equity_MinVariance,2022-01-03,NEM,0.013529
Equity_MinVariance,2022-01-03,NKE,0.009252
Equity_MinVariance,2022-01-03,NUE,0.0
Equity_MinVariance,2022-01-03,NVDA,0.0
Equity_MinVariance,2022-01-03,O,0.005659
Equity_MinVariance,2022-01-03,OXY,0.004191
Equity_MinVariance,2022-01-03,PLD,0.0
Equity_MinVariance,2022-01-03,PSA,0.115581
Equity_MinVariance,2022-01-03,QCOM,0.0
Equity_MinVariance,2022-01-03,SBUX,0.0
Equity_MinVariance,2022-01-03,SHW,0.006184
Equity_MinVariance,2022-01-03,SLB,0.0
Equity_MinVariance,2022-01-03,SO,0.012276
Equity_MinVariance,2022-01-03,T,0.073941
Equity_MinVariance,2022-01-03,TMUS,0.0
Equity_MinVariance,2022-01-03,TTWO,0.019737
Equity_MinVariance,2022-01-03,UPS,0.003683
Equity_MinVariance,2022-01-03,USB,0.0
Equity_MinVariance,2022-01-03,V,0.0
Equity_MinVariance,2022-01-03,WFC,0.0
Equity_MinVariance,2022-01-03,WMT,0.114066
Equity_MinVariance,2022-01-03,XOM,0.0
Equity_MinVariance,2022-02-01,ABBV,0.047205
Equity_MinVariance,2022-02-01,ABT,0.035192
Equity_MinVariance,2022-02-01,ADBE,0.006999
Equity_MinVariance,2022-02-01,AEP,0.036526
Equity_MinVariance,2022-02-01,AMD,0.00867
Equity_MinVariance,2022-02-01,AMGN,0.0
Equity_MinVariance,2022-02-01,AMT,0.0
Equity_MinVariance,2022-02-01,BA,0.0
Equity_MinVariance,2022-02-01,CAT,0.017056
Equity_MinVariance,2022-02-01,CCI,0.0
Equity_MinVariance,2022-02-01,CMCSA,0.0
Equity_MinVariance,2022-02-01,COP,0.0
Equity_MinVariance,2022-02-01,CVX,0.076695
Equity_MinVariance,2022-02-01,D,0.0
Equity_MinVariance,2022-02-01,DD,0.0
Equity_MinVariance,2022-02-01,DIS,0.014599
Equity_MinVariance,2022-02-01,DOW,0.0
Equity_MinVariance,2022-02-01,DUK,0.057618
Equity_MinVariance,2022-02-01,EA,0.063259
Equity_MinVariance,2022-02-01,GE,0.0
Equity_MinVariance,2022-02-01,GILD,0.068599
Equity_MinVariance,2022-02-01,GS,0.002919
Equity_MinVariance,2022-02-01,INTC,0.013506
Equity_MinVariance,2022-02-01,KO,0.028546
Equity_MinVariance,2022-02-01,MMM,0.017006
Equity_MinVariance,2022-02-01,MRK,0.062665
Equity_MinVariance,2022-02-01,MS,0.020251
Equity_MinVariance,2022-02-01,NEE,0.0
Equity_MinVariance,2022-02-01,NEM,0.013049
Equity_MinVariance,2022-02-01,NKE,0.018179
Equity_MinVariance,2022-02-01,NUE,0.0
Equity_MinVariance,2022-02-01,NVDA,0.0
Equity_MinVariance,2022-02-01,O,0.006764
Equity_MinVariance,2022-02-01,OXY,0.0
Equity_MinVariance,2022-02-01,PLD,0.0
Equity_MinVariance,2022-02-01,PSA,0.105215
Equity_MinVariance,2022-02-01,QCOM,0.0
Equity_MinVariance,2022-02-01,SBUX,0.024652
Equity_MinVariance,2022-02-01,SHW,0.012108
Equity_MinVariance,2022-02-01,SLB,0.0
Equity_MinVariance,2022-02-01,SO,0.106203
Equity_MinVariance,2022-02-01,T,0.009694
Equity_MinVariance,2022-02-01,TMUS,0.0
Equity_MinVariance,2022-02-01,TTWO,0.031482
Equity_MinVariance,2022-02-01,UPS,0.0021
Equity_MinVariance,2022-02-01,USB,0.0
Equity_MinVariance,2022-02-01,V,0.0
Equity_MinVariance,2022-02-01,WFC,0.0
Equity_MinVariance,2022-02-01,WMT,0.093242
Equity_MinVariance,2022-02-01,XOM,0.0
Equity_MinVariance,2022-03-01,ABBV,0.033999
Equity_MinVariance,2022-03-01,ABT,0.013241
Equity_MinVariance,2022-03-01,ADBE,0.009982
Equity_MinVariance,2022-03-01,AEP,0.04126
Equity_MinVariance,2022-03-01,AMD,0.0
Equity_MinVariance,2022-03-01,AMGN,0.0
Equity_MinVariance,2022-03-01,AMT,0.0
Equity_MinVariance,2022-03-01,BA,0.0
Equity_MinVariance,2022-03-01,CAT,0.01264
Equity_MinVariance,2022-03-01,CCI,0.0
Equity_MinVariance,2022-03-01,CMCSA,0.0
Equity_MinVariance,2022-03-01,COP,0.0
Equity_MinVariance,2022-03-01,CVX,0.059824
Equity_MinVariance,2022-03-01,D,0.0
Equity_MinVariance,2022-03-01,DD,0.0
Equity_MinVariance,2022-03-01,DIS,0.06763
Equity_MinVariance,2022-03-01,DOW,0.0
Equity_MinVariance,2022-03-01,DUK,0.005027
Equity_MinVariance,2022-03-01,EA,0.068423
Equity_MinVariance,2022-03-01,GE,0.0
Equity_MinVariance,2022-03-01,GILD,0.140702
Equity_MinVariance,2022-03-01,GS,0.002683
Equity_MinVariance,2022-03-01,INTC,0.000126
Equity_MinVariance,2022-03-01,KO,0.0918
Equity_MinVariance,2022-03-01,MMM,0.0
Equity_MinVariance,2022-03-01,MRK,0.047249
Equity_MinVariance,2022-03-01,MS,0.009541
Equity_MinVariance,2022-03-01,NEE,0.0
Equity_MinVariance,2022-03-01,NEM,0.021563
Equity_MinVariance,2022-03-01,NKE,0.022788
Equity_MinVariance,2022-03-01,NUE,0.0
Equity_MinVariance,2022-03-01,NVDA,0.0
Equity_MinVariance,2022-03-01,O,0.004665
Equity_MinVariance,2022-03-01,OXY,0.003854
Equity_MinVariance,2022-03-01,PLD,0.0
Equity_MinVariance,2022-03-01,PSA,0.069666
Equity_MinVariance,2022-03-01,QCOM,0.0
Equity_MinVariance,2022-03-01,SBUX,0.0
Equity_MinVariance,2022-03-01,SHW,0.0
Equity_MinVariance,2022-03-01,SLB,0.0
Equity_MinVariance,2022-03-01,SO,0.09052
Equity_MinVariance,2022-03-01,T,0.0
Equity_MinVariance,2022-03-01,TMUS,0.0
Equity_MinVariance,2022-03-01,TTWO,0.040355
Equity_MinVariance,2022-03-01,UPS,0.011793
Equity_MinVariance,2022-03-01,USB,0.0
Equity_MinVariance,2022-03-01,V,0.0
Equity_MinVariance,2022-03-01,WFC,0.0
Equity_MinVariance,2022-03-01,WMT,0.130672
Equity_MinVariance,2022-03-01,XOM,0.0
Equity_MinVariance,2022-04-01,ABBV,0.045124
Equity_MinVariance,2022-04-01,ABT,0.0
Equity_MinVariance,2022-04-01,ADBE,0.010703
Equity_MinVariance,2022-04-01,AEP,0.01171
Equity_MinVariance,2022-04-01,AMD,0.002774
Equity_MinVariance,2022-04-01,AMGN,0.0
Equity_MinVariance,2022-04-01,AMT,0.0
Equity_MinVariance,2022-04-01,BA,0.0
Equity_MinVariance,2022-04-01,CAT,0.028735
Equity_MinVariance,2022-04-01,CCI,0.0
Equity_MinVariance,2022-04-01,CMCSA,0.0
Equity_MinVariance,2022-04-01,COP,0.0
Equity_MinVariance,2022-04-01,CVX,0.08596
Equity_MinVariance,2022-04-01,D,0.0
Equity_MinVariance,2022-04-01,DD,0.0
Equity_MinVariance,2022-04-01,DIS,0.049364
Equity_MinVariance,2022-04-01,DOW,0.0
Equity_MinVariance,2022-04-01,DUK,0.014408
Equity_MinVariance,2022-04-01,EA,0.074426
Equity_MinVariance,2022-04-01,GE,0.0
Equity_MinVariance,2022-04-01,GILD,0.141965
Equity_MinVariance,2022-04-01,GS,0.0
Equity_MinVariance,2022-04-01,INTC,0.001421
Equity_MinVariance,2022-04-01,KO,0.089152
Equity_MinVariance,2022-04-01,MMM,0.0
Equity_MinVariance,2022-04-01,MRK,0.050708
Equity_MinVariance,2022-04-01,MS,0.0
Equity_MinVariance,2022-04-01,NEE,0.019083
Equity_MinVariance,2022-04-01,NEM,0.035157
Equity_MinVariance,2022-04-01,NKE,0.013805
Equity_MinVariance,2022-04-01,NUE,0.0
Equity_MinVariance,2022-04-01,NVDA,0.0
Equity_MinVariance,2022-04-01,O,0.007401
Equity_MinVariance,2022-04-01,OXY,0.0
Equity_MinVariance,2022-04-01,PLD,0.0
Equity_MinVariance,2022-04-01,PSA,0.049387
Equity_MinVariance,2022-04-01,QCOM,0.0
Equity_MinVariance,2022-04-01,SBUX,0.0
Equity_MinVariance,2022-04-01,SHW,0.007761
Equity_MinVariance,2022-04-01,SLB,0.0
Equity_MinVariance,2022-04-01,SO,0.097554
Equity_MinVariance,2022-04-01,T,0.0
Equity_MinVariance,2022-04-01,TMUS,0.014421
Equity_MinVariance,2022-04-01,TTWO,0.033464
Equity_MinVariance,2022-04-01,UPS,0.0
Equity_MinVariance,2022-04-01,USB,0.0
Equity_MinVariance,2022-04-01,V,0.0
Equity_MinVariance,2022-04-01,WFC,0.0
Equity_MinVariance,2022-04-01,WMT,0.11552
Equity_MinVariance,2022-04-01,XOM,0.0
Equity_MinVariance,2022-05-02,ABBV,0.018679
Equity_MinVariance,2022-05-02,ABT,0.0
Equity_MinVariance,2022-05-02,ADBE,0.016268
Equity_MinVariance,2022-05-02,AEP,0.0
Equity_MinVariance,2022-05-02,AMD,0.0
Equity_MinVariance,2022-05-02,AMGN,0.009231
Equity_MinVariance,2022-05-02,AMT,0.0
Equity_MinVariance,2022-05-02,BA,0.0
Equity_MinVariance,2022-05-02,CAT,0.042988
Equity_MinVariance,2022-05-02,CCI,0.0
Equity_MinVariance,2022-05-02,CMCSA,0.0
Equity_MinVariance,2022-05-02,COP,0.0
Equity_MinVariance,2022-05-02,CVX,0.064606
Equity_MinVariance,2022-05-02,D,0.0
Equity_MinVariance,2022-05-02,DD,0.0
Equity_MinVariance,2022-05-02,DIS,0.039436
Equity_MinVariance,2022-05-02,DOW,0.0
Equity_MinVariance,2022-05-02,DUK,0.088804
Equity_MinVariance,2022-05-02,EA,0.094001
Equity_MinVariance,2022-05-02,GE,0.0
Equity_MinVariance,2022-05-02,GILD,0.128866
Equity_MinVariance,2022-05-02,GS,0.0
Equity_MinVariance,2022-05-02,INTC,0.0
Equity_MinVariance,2022-05-02,KO,0.110936
Equity_MinVariance,2022-05-02,MMM,0.0
Equity_MinVariance,2022-05-02,MRK,0.055249
Equity_MinVariance,2022-05-02,MS,0.0
Equity_MinVariance,2022-05-02,NEE,0.0
Equity_MinVariance,2022-05-02,NEM,0.047903
Equity_MinVariance,2022-05-02,NKE,0.0
Equity_MinVariance,2022-05-02,NUE,0.0
Equity_MinVariance,2022-05-02,NVDA,0.0
Equity_MinVariance,2022-05-02,O,0.0
Equity_MinVariance,2022-05-02,OXY,0.0
Equity_MinVariance,2022-05-02,PLD,0.0
Equity_MinVariance,2022-05-02,PSA,0.0
Equity_MinVariance,2022-05-02,QCOM,0.0
Equity_MinVariance,2022-05-02,SBUX,0.0
Equity_MinVariance,2022-05-02,SHW,0.068116
Equity_MinVariance,2022-05-02,SLB,0.0
Equity_MinVariance,2022-05-02,SO,0.068555
Equity_MinVariance,2022-05-02,T,0.0
Equity_MinVariance,2022-05-02,TMUS,0.0
Equity_MinVariance,2022-05-02,TTWO,0.038708
Equity_MinVariance,2022-05-02,UPS,0.0
Equity_MinVariance,2022-05-02,USB,0.0
Equity_MinVariance,2022-05-02,V,0.0
Equity_MinVariance,2022-05-02,WFC,0.0
Equity_MinVariance,2022-05-02,WMT,0.107653
Equity_MinVariance,2022-05-02,XOM,0.0
Equity_MinVariance,2022-06-01,ABBV,0.067783
Equity_MinVariance,2022-06-01,ABT,0.0
Equity_MinVariance,2022-06-01,ADBE,0.004443
Equity_MinVariance,2022-06-01,AEP,0.0
Equity_MinVariance,2022-06-01,AMD,0.0
Equity_MinVariance,2022-06-01,AMGN,0.034592
Equity_MinVariance,2022-06-01,AMT,0.0
Equity_MinVariance,2022-06-01,BA,0.0
Equity_MinVariance,2022-06-01,CAT,0.018543
Equity_MinVariance,2022-06-01,CCI,0.0
Equity_MinVariance,2022-06-01,CMCSA,0.0
Equity_MinVariance,2022-06-01,COP,0.0
Equity_MinVariance,2022-06-01,CVX,0.035391
Equity_MinVariance,2022-06-01,D,0.0
Equity_MinVariance,2022-06-01,DD,0.0
Equity_MinVariance,2022-06-01,DIS,0.058029
Equity_MinVariance,2022-06-01,DOW,0.0
Equity_MinVariance,2022-06-01,DUK,0.164561
Equity_MinVariance,2022-06-01,EA,0.092556
Equity_MinVariance,2022-06-01,GE,0.0
Equity_MinVariance,2022-06-01,GILD,0.169522
Equity_MinVariance,2022-06-01,GS,0.0
Equity_MinVariance,2022-06-01,INTC,0.002919
Equity_MinVariance,2022-06-01,KO,0.0
Equity_MinVariance,2022-06-01,MMM,0.0
Equity_MinVariance,2022-06-01,MRK,0.073514
Equity_MinVariance,2022-06-01,MS,0.0
Equity_MinVariance,2022-06-01,NEE,0.0
Equity_MinVariance,2022-06-01,NEM,0.062223
Equity_MinVariance,2022-06-01,NKE,0.0
Equity_MinVariance,2022-06-01,NUE,0.0
Equity_MinVariance,2022-06-01,NVDA,0.0
Equity_MinVariance,2022-06-01,O,0.0
Equity_MinVariance,2022-06-01,OXY,0.0
Equity_MinVariance,2022-06-01,PLD,0.0
Equity_MinVariance,2022-06-01,PSA,0.0
Equity_MinVariance,2022-06-01,QCOM,0.0
Equity_MinVariance,2022-06-01,SBUX,0.0
Equity_MinVariance,2022-06-01,SHW,0.053313
Equity_MinVariance,2022-06-01,SLB,0.0
Equity_MinVariance,2022-06-01,SO,0.05107
Equity_MinVariance,2022-06-01,T,0.0
Equity_MinVariance,2022-06-01,TMUS,0.0
Equity_MinVariance,2022-06-01,TTWO,0.026179
Equity_MinVariance,2022-06-01,UPS,0.0
Equity_MinVariance,2022-06-01,USB,0.0
Equity_MinVariance,2022-06-01,V,0.0
Equity_MinVariance,2022-06-01,WFC,0.0
Equity_MinVariance,2022-06-01,WMT,0.085362
Equity_MinVariance,2022-06-01,XOM,0.0
Equity_MinVariance,2022-07-01,ABBV,0.043929
Equity_MinVariance,2022-07-01,ABT,0.0
Equity_MinVariance,2022-07-01,ADBE,0.0
Equity_MinVariance,2022-07-01,AEP,0.0
Equity_MinVariance,2022-07-01,AMD,0.0
Equity_MinVariance,2022-07-01,AMGN,0.070164
Equity_MinVariance,2022-07-01,AMT,0.0
Equity_MinVariance,2022-07-01,BA,0.0
Equity_MinVariance,2022-07-01,CAT,0.009028
Equity_MinVariance,2022-07-01,CCI,0.0
Equity_MinVariance,2022-07-01,CMCSA,0.0
Equity_MinVariance,2022-07-01,COP,0.0
Equity_MinVariance,2022-07-01,CVX,0.046706
Equity_MinVariance,2022-07-01,D,0.0
Equity_MinVariance,2022-07-01,DD,0.0
Equity_MinVariance,2022-07-01,DIS,0.052051
Equity_MinVariance,2022-07-01,DOW,0.0
Equity_MinVariance,2022-07-01,DUK,0.177359
Equity_MinVariance,2022-07-01,EA,0.091719
Equity_MinVariance,2022-07-01,GE,0.0
Equity_MinVariance,2022-07-01,GILD,0.17566
Equity_MinVariance,2022-07-01,GS,0.0
Equity_MinVariance,2022-07-01,INTC,0.0
Equity_MinVariance,2022-07-01,KO,0.030649
Equity_MinVariance,2022-07-01,MMM,0.001487
Equity_MinVariance,2022-07-01,MRK,0.06066
Equity_MinVariance,2022-07-01,MS,0.0
Equity_MinVariance,2022-07-01,NEE,0.0
Equity_MinVariance,2022-07-01,NEM,0.062016
Equity_MinVariance,2022-07-01,NKE,0.0
Equity_MinVariance,2022-07-01,NUE,0.0
Equity_MinVariance,2022-07-01,NVDA,0.0
Equity_MinVariance,2022-07-01,O,0.0
Equity_MinVariance,2022-07-01,OXY,0.0
Equity_MinVariance,2022-07-01,PLD,0.0
Equity_MinVariance,2022-07-01,PSA,0.0
Equity_MinVariance,2022-07-01,QCOM,0.0
Equity_MinVariance,2022-07-01,SBUX,0.0
Equity_MinVariance,2022-07-01,SHW,0.027552
Equity_MinVariance,2022-07-01,SLB,0.0
Equity_MinVariance,2022-07-01,SO,0.004645
Equity_MinVariance,2022-07-01,T,0.0
Equity_MinVariance,2022-07-01,TMUS,0.0
Equity_MinVariance,2022-07-01,TTWO,0.02716
Equity_MinVariance,2022-07-01,UPS,0.008793
Equity_MinVariance,2022-07-01,USB,0.0
Equity_MinVariance,2022-07-01,V,0.0
Equity_MinVariance,2022-07-01,WFC,0.0
Equity_MinVariance,2022-07-01,WMT,0.110421
Equity_MinVariance,2022-07-01,XOM,0.0
Equity_MinVariance,2022-08-01,ABBV,0.05429
Equity_MinVariance,2022-08-01,ABT,0.0
Equity_MinVariance,2022-08-01,ADBE,0.0
Equity_MinVariance,2022-08-01,AEP,0.0
Equity_MinVariance,2022-08-01,AMD,0.0
Equity_MinVariance,2022-08-01,AMGN,0.07426
Equity_MinVariance,2022-08-01,AMT,0.0
Equity_MinVariance,2022-08-01,BA,0.0
Equity_MinVariance,2022-08-01,CAT,0.0
Equity_MinVariance,2022-08-01,CCI,0.0
Equity_MinVariance,2022-08-01,CMCSA,0.0
Equity_MinVariance,2022-08-01,COP,0.0
Equity_MinVariance,2022-08-01,CVX,0.048643
Equity_MinVariance,2022-08-01,D,0.0
Equity_MinVariance,2022-08-01,DD,0.0
Equity_MinVariance,2022-08-01,DIS,0.051537
Equity_MinVariance,2022-08-01,DOW,0.0
Equity_MinVariance,2022-08-01,DUK,0.163327
Equity_MinVariance,2022-08-01,EA,0.095649
Equity_MinVariance,2022-08-01,GE,0.0
Equity_MinVariance,2022-08-01,GILD,0.168762
Equity_MinVariance,2022-08-01,GS,0.0
Equity_MinVariance,2022-08-01,INTC,0.0
Equity_MinVariance,2022-08-01,KO,0.027625
Equity_MinVariance,2022-08-01,MMM,0.032378
Equity_MinVariance,2022-08-01,MRK,0.061943
Equity_MinVariance,2022-08-01,MS,0.0
Equity_MinVariance,2022-08-01,NEE,0.0
Equity_MinVariance,2022-08-01,NEM,0.059117
Equity_MinVariance,2022-08-01,NKE,0.0
Equity_MinVariance,2022-08-01,NUE,0.0
Equity_MinVariance,2022-08-01,NVDA,0.0
Equity_MinVariance,2022-08-01,O,0.0
Equity_MinVariance,2022-08-01,OXY,0.0
Equity_MinVariance,2022-08-01,PLD,0.0
Equity_MinVariance,2022-08-01,PSA,0.0
Equity_MinVariance,2022-08-01,QCOM,0.0
Equity_MinVariance,2022-08-01,SBUX,0.0
Equity_MinVariance,2022-08-01,SHW,0.023042
Equity_MinVariance,2022-08-01,SLB,0.0
Equity_MinVariance,2022-08-01,SO,0.003351
Equity_MinVariance,2022-08-01,T,0.0
Equity_MinVariance,2022-08-01,TMUS,0.0
Equity_MinVariance,2022-08-01,TTWO,0.02721
Equity_MinVariance,2022-08-01,UPS,0.0
Equity_MinVariance,2022-08-01,USB,0.0
Equity_MinVariance,2022-08-01,V,0.0
Equity_MinVariance,2022-08-01,WFC,0.0
Equity_MinVariance,2022-08-01,WMT,0.108868
Equity_MinVariance,2022-08-01,XOM,0.0
Equity_MinVariance,2022-09-01,ABBV,0.053775
Equity_MinVariance,2022-09-01,ABT,0.0
Equity_MinVariance,2022-09-01,ADBE,0.0
Equity_MinVariance,2022-09-01,AEP,0.0
Equity_MinVariance,2022-09-01,AMD,0.0
Equity_MinVariance,2022-09-01,AMGN,0.133752
Equity_MinVariance,2022-09-01,AMT,0.0
Equity_MinVariance,2022-09-01,BA,0.0
Equity_MinVariance,2022-09-01,CAT,0.0
Equity_MinVariance,2022-09-01,CCI,0.0
Equity_MinVariance,2022-09-01,CMCSA,0.0
Equity_MinVariance,2022-09-01,COP,0.0
Equity_MinVariance,2022-09-01,CVX,0.074047
Equity_MinVariance,2022-09-01,D,0.0
Equity_MinVariance,2022-09-01,DD,0.0
Equity_MinVariance,2022-09-01,DIS,0.029669
Equity_MinVariance,2022-09-01,DOW,0.0
Equity_MinVariance,2022-09-01,DUK,0.110233
Equity_MinVariance,2022-09-01,EA,0.101313
Equity_MinVariance,2022-09-01,GE,0.0
Equity_MinVariance,2022-09-01,GILD,0.141393
Equity_MinVariance,2022-09-01,GS,0.0
Equity_MinVariance,2022-09-01,INTC,0.0
Equity_MinVariance,2022-09-01,KO,0.033695
Equity_MinVariance,2022-09-01,MMM,0.0
Equity_MinVariance,2022-09-01,MRK,0.064887
Equity_MinVariance,2022-09-01,MS,0.0
Equity_MinVariance,2022-09-01,NEE,0.0
Equity_MinVariance,2022-09-01,NEM,0.059172
Equity_MinVariance,2022-09-01,NKE,0.0
Equity_MinVariance,2022-09-01,NUE,0.0
Equity_MinVariance,2022-09-01,NVDA,0.0
Equity_MinVariance,2022-09-01,O,0.018101
Equity_MinVariance,2022-09-01,OXY,0.0
Equity_MinVariance,2022-09-01,PLD,0.0
Equity_MinVariance,2022-09-01,PSA,0.0
Equity_MinVariance,2022-09-01,QCOM,0.0
Equity_MinVariance,2022-09-01,SBUX,0.0
Equity_MinVariance,2022-09-01,SHW,0.02578
Equity_MinVariance,2022-09-01,SLB,0.0
Equity_MinVariance,2022-09-01,SO,0.038355
Equity_MinVariance,2022-09-01,T,0.0
Equity_MinVariance,2022-09-01,TMUS,0.0
Equity_MinVariance,2022-09-01,TTWO,0.012211
Equity_MinVariance,2022-09-01,UPS,0.004721
Equity_MinVariance,2022-09-01,USB,0.0
Equity_MinVariance,2022-09-01,V,0.0
Equity_MinVariance,2022-09-01,WFC,0.0
Equity_MinVariance,2022-09-01,WMT,0.098895
Equity_MinVariance,2022-09-01,XOM,0.0
Equity_MinVariance,2022-10-03,ABBV,0.073358
Equity_MinVariance,2022-10-03,ABT,0.0
Equity_MinVariance,2022-10-03,ADBE,0.0
Equity_MinVariance,2022-10-03,AEP,0.0
Equity_MinVariance,2022-10-03,AMD,0.0
Equity_MinVariance,2022-10-03,AMGN,0.164305
Equity_MinVariance,2022-10-03,AMT,0.0
Equity_MinVariance,2022-10-03,BA,0.0
Equity_MinVariance,2022-10-03,CAT,0.0
Equity_MinVariance,2022-10-03,CCI,0.0
Equity_MinVariance,2022-10-03,CMCSA,0.0
Equity_MinVariance,2022-10-03,COP,0.0
Equity_MinVariance,2022-10-03,CVX,0.078008
Equity_MinVariance,2022-10-03,D,0.0
Equity_MinVariance,2022-10-03,DD,0.0
Equity_MinVariance,2022-10-03,DIS,0.0
Equity_MinVariance,2022-10-03,DOW,0.0
Equity_MinVariance,2022-10-03,DUK,0.056256
Equity_MinVariance,2022-10-03,EA,0.0943
Equity_MinVariance,2022-10-03,GE,0.0
Equity_MinVariance,2022-10-03,GILD,0.097162
Equity_MinVariance,2022-10-03,GS,0.0
Equity_MinVariance,2022-10-03,INTC,0.0
Equity_MinVariance,2022-10-03,KO,0.064308
Equity_MinVariance,2022-10-03,MMM,0.020692
Equity_MinVariance,2022-10-03,MRK,0.078964
Equity_MinVariance,2022-10-03,MS,0.0
Equity_MinVariance,2022-10-03,NEE,0.0
Equity_MinVariance,2022-10-03,NEM,0.055403
Equity_MinVariance,2022-10-03,NKE,0.0
Equity_MinVariance,2022-10-03,NUE,0.0
Equity_MinVariance,2022-10-03,NVDA,0.0
Equity_MinVariance,2022-10-03,O,0.073675
Equity_MinVariance,2022-10-03,OXY,0.0
Equity_MinVariance,2022-10-03,PLD,0.0
Equity_MinVariance,2022-10-03,PSA,0.0
Equity_MinVariance,2022-10-03,QCOM,0.0
Equity_MinVariance,2022-10-03,SBUX,0.0
Equity_MinVariance,2022-10-03,SHW,0.013674
Equity_MinVariance,2022-10-03,SLB,0.0
Equity_MinVariance,2022-10-03,SO,0.0
Equity_MinVariance,2022-10-03,T,0.0
Equity_MinVariance,2022-10-03,TMUS,0.0
Equity_MinVariance,2022-10-03,TTWO,0.013615
Equity_MinVariance,2022-10-03,UPS,0.000676
Equity_MinVariance,2022-10-03,USB,0.0
Equity_MinVariance,2022-10-03,V,0.0
Equity_MinVariance,2022-10-03,WFC,0.0
Equity_MinVariance,2022-10-03,WMT,0.115602
Equity_MinVariance,2022-10-03,XOM,0.0
Equity_MinVariance,2022-11-01,ABBV,0.089407
Equity_MinVariance,2022-11-01,ABT,0.0
Equity_MinVariance,2022-11-01,ADBE,0.0
Equity_MinVariance,2022-11-01,AEP,0.0
Equity_MinVariance,2022-11-01,AMD,0.0
Equity_MinVariance,2022-11-01,AMGN,0.175953
Equity_MinVariance,2022-11-01,AMT,0.0
Equity_MinVariance,2022-11-01,BA,0.0
Equity_MinVariance,2022-11-01,CAT,0.0
Equity_MinVariance,2022-11-01,CCI,0.0
Equity_MinVariance,2022-11-01,CMCSA,0.0
Equity_MinVariance,2022-11-01,COP,0.0
Equity_MinVariance,2022-11-01,CVX,0.071508
Equity_MinVariance,2022-11-01,D,0.0
Equity_MinVariance,2022-11-01,DD,0.0
Equity_MinVariance,2022-11-01,DIS,0.0
Equity_MinVariance,2022-11-01,DOW,0.0
Equity_MinVariance,2022-11-01,DUK,0.017513
Equity_MinVariance,2022-11-01,EA,0.10588
Equity_MinVariance,2022-11-01,GE,0.0
Equity_MinVariance,2022-11-01,GILD,0.038801
Equity_MinVariance,2022-11-01,GS,0.0
Equity_MinVariance,2022-11-01,INTC,0.0
Equity_MinVariance,2022-11-01,KO,0.081672
Equity_MinVariance,2022-11-01,MMM,0.0
Equity_MinVariance,2022-11-01,MRK,0.133766
Equity_MinVariance,2022-11-01,MS,0.0
Equity_MinVariance,2022-11-01,NEE,0.0
Equity_MinVariance,2022-11-01,NEM,0.055315
Equity_MinVariance,2022-11-01,NKE,0.0
Equity_MinVariance,2022-11-01,NUE,0.0
Equity_MinVariance,2022-11-01,NVDA,0.0
Equity_MinVariance,2022-11-01,O,0.083579
Equity_MinVariance,2022-11-01,OXY,0.0
Equity_MinVariance,2022-11-01,PLD,0.0
Equity_MinVariance,2022-11-01,PSA,0.0
Equity_MinVariance,2022-11-01,QCOM,0.0
Equity_MinVariance,2022-11-01,SBUX,0.0
Equity_MinVariance,2022-11-01,SHW,0.0
Equity_MinVariance,2022-11-01,SLB,0.0
Equity_MinVariance,2022-11-01,SO,0.000984
Equity_MinVariance,2022-11-01,T,0.0
Equity_MinVariance,2022-11-01,TMUS,0.0
Equity_MinVariance,2022-11-01,TTWO,0.019458
Equity_MinVariance,2022-11-01,UPS,0.015694
Equity_MinVariance,2022-11-01,USB,0.0
Equity_MinVariance,2022-11-01,V,0.0
Equity_MinVariance,2022-11-01,WFC,0.0
Equity_MinVariance,2022-11-01,WMT,0.11047
Equity_MinVariance,2022-11-01,XOM,0.0
Equity_MinVariance,2022-12-01,ABBV,0.063013
Equity_MinVariance,2022-12-01,ABT,0.0
Equity_MinVariance,2022-12-01,ADBE,0.0
Equity_MinVariance,2022-12-01,AEP,0.0
Equity_MinVariance,2022-12-01,AMD,0.0
Equity_MinVariance,2022-12-01,AMGN,0.171563
Equity_MinVariance,2022-12-01,AMT,0.0
Equity_MinVariance,2022-12-01,BA,0.0
Equity_MinVariance,2022-12-01,CAT,0.0
Equity_MinVariance,2022-12-01,CCI,0.0
Equity_MinVariance,2022-12-01,CMCSA,0.0
Equity_MinVariance,2022-12-01,COP,0.0
Equity_MinVariance,2022-12-01,CVX,0.058308
Equity_MinVariance,2022-12-01,D,0.007095
Equity_MinVariance,2022-12-01,DD,0.0
Equity_MinVariance,2022-12-01,DIS,0.0
Equity_MinVariance,2022-12-01,DOW,0.0
Equity_MinVariance,2022-12-01,DUK,0.009817
Equity_MinVariance,2022-12-01,EA,0.105435
Equity_MinVariance,2022-12-01,GE,0.0
Equity_MinVariance,2022-12-01,GILD,0.027397
Equity_MinVariance,2022-12-01,GS,0.0
Equity_MinVariance,2022-12-01,INTC,0.0
Equity_MinVariance,2022-12-01,KO,0.092503
Equity_MinVariance,2022-12-01,MMM,0.0
Equity_MinVariance,2022-12-01,MRK,0.239308
Equity_MinVariance,2022-12-01,MS,0.0
Equity_MinVariance,2022-12-01,NEE,0.0
Equity_MinVariance,2022-12-01,NEM,0.015396
Equity_MinVariance,2022-12-01,NKE,0.0
Equity_MinVariance,2022-12-01,NUE,0.0
Equity_MinVariance,2022-12-01,NVDA,0.0
Equity_MinVariance,2022-12-01,O,0.043236
Equity_MinVariance,2022-12-01,OXY,0.0
Equity_MinVariance,2022-12-01,PLD,0.0
Equity_MinVariance,2022-12-01,PSA,0.0
Equity_MinVariance,2022-12-01,QCOM,0.0
Equity_MinVariance,2022-12-01,SBUX,0.0
Equity_MinVariance,2022-12-01,SHW,0.0
Equity_MinVariance,2022-12-01,SLB,0.0
Equity_MinVariance,2022-12-01,SO,0.0
Equity_MinVariance,2022-12-01,T,0.0
Equity_MinVariance,2022-12-01,TMUS,0.0
Equity_MinVariance,2022-12-01,TTWO,0.036834
Equity_MinVariance,2022-12-01,UPS,0.0
Equity_MinVariance,2022-12-01,USB,0.0
Equity_MinVariance,2022-12-01,V,0.0
Equity_MinVariance,2022-12-01,WFC,0.0
Equity_MinVariance,2022-12-01,WMT,0.112529
Equity_MinVariance,2022-12-01,XOM,0.017567
Equity_MinVariance,2023-01-03,ABBV,0.077769
Equity_MinVariance,2023-01-03,ABT,0.0
Equity_MinVariance,2023-01-03,ADBE,0.0
Equity_MinVariance,2023-01-03,AEP,0.0
Equity_MinVariance,2023-01-03,AMD,0.0
Equity_MinVariance,2023-01-03,AMGN,0.176134
Equity_MinVariance,2023-01-03,AMT,0.0
Equity_MinVariance,2023-01-03,BA,0.0
Equity_MinVariance,2023-01-03,CAT,0.0
Equity_MinVariance,2023-01-03,CCI,0.0
Equity_MinVariance,2023-01-03,CMCSA,0.0
Equity_MinVariance,2023-01-03,COP,0.0
Equity_MinVariance,2023-01-03,CVX,0.051667
Equity_MinVariance,2023-01-03,D,0.015006
Equity_MinVariance,2023-01-03,DD,0.0
Equity_MinVariance,2023-01-03,DIS,0.0
Equity_MinVariance,2023-01-03,DOW,0.0
Equity_MinVariance,2023-01-03,DUK,0.020092
Equity_MinVariance,2023-01-03,EA,0.104634
Equity_MinVariance,2023-01-03,GE,0.0
Equity_MinVariance,2023-01-03,GILD,0.010051
Equity_MinVariance,2023-01-03,GS,0.0
Equity_MinVariance,2023-01-03,INTC,0.0
Equity_MinVariance,2023-01-03,KO,0.092237
Equity_MinVariance,2023-01-03,MMM,0.0
Equity_MinVariance,2023-01-03,MRK,0.221488
Equity_MinVariance,2023-01-03,MS,0.0
Equity_MinVariance,2023-01-03,NEE,0.0
Equity_MinVariance,2023-01-03,NEM,0.014677
Equity_MinVariance,2023-01-03,NKE,0.0
Equity_MinVariance,2023-01-03,NUE,0.0
Equity_MinVariance,2023-01-03,NVDA,0.0
Equity_MinVariance,2023-01-03,O,0.060769
Equity_MinVariance,2023-01-03,OXY,0.0
Equity_MinVariance,2023-01-03,PLD,0.0
Equity_MinVariance,2023-01-03,PSA,0.0
Equity_MinVariance,2023-01-03,QCOM,0.0
Equity_MinVariance,2023-01-03,SBUX,0.0
Equity_MinVariance,2023-01-03,SHW,0.0
Equity_MinVariance,2023-01-03,SLB,0.0
Equity_MinVariance,2023-01-03,SO,0.0
Equity_MinVariance,2023-01-03,T,0.003066
Equity_MinVariance,2023-01-03,TMUS,0.0
Equity_MinVariance,2023-01-03,TTWO,0.035619
Equity_MinVariance,2023-01-03,UPS,0.0
Equity_MinVariance,2023-01-03,USB,0.0
Equity_MinVariance,2023-01-03,V,0.0
Equity_MinVariance,2023-01-03,WFC,0.0
Equity_MinVariance,2023-01-03,WMT,0.107463
Equity_MinVariance,2023-01-03,XOM,0.009331
Equity_MinVariance,2023-02-01,ABBV,0.061067
Equity_MinVariance,2023-02-01,ABT,0.0
Equity_MinVariance,2023-02-01,ADBE,0.0
Equity_MinVariance,2023-02-01,AEP,0.0
Equity_MinVariance,2023-02-01,AMD,0.0
Equity_MinVariance,2023-02-01,AMGN,0.179881
Equity_MinVariance,2023-02-01,AMT,0.0
Equity_MinVariance,2023-02-01,BA,0.0
Equity_MinVariance,2023-02-01,CAT,0.0
Equity_MinVariance,2023-02-01,CCI,0.0
Equity_MinVariance,2023-02-01,CMCSA,0.0
Equity_MinVariance,2023-02-01,COP,0.0
Equity_MinVariance,2023-02-01,CVX,0.050619
Equity_MinVariance,2023-02-01,D,0.030296
Equity_MinVariance,2023-02-01,DD,0.0
Equity_MinVariance,2023-02-01,DIS,0.0
Equity_MinVariance,2023-02-01,DOW,0.0
Equity_MinVariance,2023-02-01,DUK,0.011306
Equity_MinVariance,2023-02-01,EA,0.132718
Equity_MinVariance,2023-02-01,GE,0.0
Equity_MinVariance,2023-02-01,GILD,0.0
Equity_MinVariance,2023-02-01,GS,0.0
Equity_MinVariance,2023-02-01,INTC,0.0
Equity_MinVariance,2023-02-01,KO,0.077838
Equity_MinVariance,2023-02-01,MMM,0.0
Equity_MinVariance,2023-02-01,MRK,0.21401
Equity_MinVariance,2023-02-01,MS,0.0
Equity_MinVariance,2023-02-01,NEE,0.0
Equity_MinVariance,2023-02-01,NEM,0.006838
Equity_MinVariance,2023-02-01,NKE,0.0
Equity_MinVariance,2023-02-01,NUE,0.0
Equity_MinVariance,2023-02-01,NVDA,0.0
Equity_MinVariance,2023-02-01,O,0.0722
Equity_MinVariance,2023-02-01,OXY,0.0
Equity_MinVariance,2023-02-01,PLD,0.0
Equity_MinVariance,2023-02-01,PSA,0.0
Equity_MinVariance,2023-02-01,QCOM,0.0
Equity_MinVariance,2023-02-01,SBUX,0.0
Equity_MinVariance,2023-02-01,SHW,0.0
Equity_MinVariance,2023-02-01,SLB,0.0
Equity_MinVariance,2023-02-01,SO,0.0
Equity_MinVariance,2023-02-01,T,0.030168
Equity_MinVariance,2023-02-01,TMUS,0.0
Equity_MinVariance,2023-02-01,TTWO,0.023394
Equity_MinVariance,2023-02-01,UPS,0.0
Equity_MinVariance,2023-02-01,USB,0.0
Equity_MinVariance,2023-02-01,V,0.0
Equity_MinVariance,2023-02-01,WFC,0.0
Equity_MinVariance,2023-02-01,WMT,0.10167
Equity_MinVariance,2023-02-01,XOM,0.007994
Equity_MinVariance,2023-03-01,ABBV,0.048195
Equity_MinVariance,2023-03-01,ABT,0.0
Equity_MinVariance,2023-03-01,ADBE,0.0
Equity_MinVariance,2023-03-01,AEP,0.0
Equity_MinVariance,2023-03-01,AMD,0.0
Equity_MinVariance,2023-03-01,AMGN,0.200747
Equity_MinVariance,2023-03-01,AMT,0.0
Equity_MinVariance,2023-03-01,BA,0.0
Equity_MinVariance,2023-03-01,CAT,0.0
Equity_MinVariance,2023-03-01,CCI,0.0
Equity_MinVariance,2023-03-01,CMCSA,0.0
Equity_MinVariance,2023-03-01,COP,0.0
Equity_MinVariance,2023-03-01,CVX,0.061349
Equity_MinVariance,2023-03-01,D,0.00652
Equity_MinVariance,2023-03-01,DD,0.0
Equity_MinVariance,2023-03-01,DIS,0.0
Equity_MinVariance,2023-03-01,DOW,0.0
Equity_MinVariance,2023-03-01,DUK,0.044496
Equity_MinVariance,2023-03-01,EA,0.094012
Equity_MinVariance,2023-03-01,GE,0.0
Equity_MinVariance,2023-03-01,GILD,0.0
Equity_MinVariance,2023-03-01,GS,0.0
Equity_MinVariance,2023-03-01,INTC,0.0
Equity_MinVariance,2023-03-01,KO,0.084032
Equity_MinVariance,2023-03-01,MMM,0.0
Equity_MinVariance,2023-03-01,MRK,0.205917
Equity_MinVariance,2023-03-01,MS,0.0
Equity_MinVariance,2023-03-01,NEE,0.0
Equity_MinVariance,2023-03-01,NEM,0.000978
Equity_MinVariance,2023-03-01,NKE,0.0
Equity_MinVariance,2023-03-01,NUE,0.0
Equity_MinVariance,2023-03-01,NVDA,0.0
Equity_MinVariance,2023-03-01,O,0.086996
Equity_MinVariance,2023-03-01,OXY,0.0
Equity_MinVariance,2023-03-01,PLD,0.0
Equity_MinVariance,2023-03-01,PSA,0.0
Equity_MinVariance,2023-03-01,QCOM,0.0
Equity_MinVariance,2023-03-01,SBUX,0.0
Equity_MinVariance,2023-03-01,SHW,0.0
Equity_MinVariance,2023-03-01,SLB,0.0
Equity_MinVariance,2023-03-01,SO,0.0
Equity_MinVariance,2023-03-01,T,0.043318
Equity_MinVariance,2023-03-01,TMUS,0.0
Equity_MinVariance,2023-03-01,TTWO,0.027621
Equity_MinVariance,2023-03-01,UPS,0.0
Equity_MinVariance,2023-03-01,USB,0.0
Equity_MinVariance,2023-03-01,V,0.0
Equity_MinVariance,2023-03-01,WFC,0.0
Equity_MinVariance,2023-03-01,WMT,0.095818
Equity_MinVariance,2023-03-01,XOM,0.0
Equity_MinVariance,2023-04-03,ABBV,0.055177
Equity_MinVariance,2023-04-03,ABT,0.0
Equity_MinVariance,2023-04-03,ADBE,0.0
Equity_MinVariance,2023-04-03,AEP,0.0
Equity_MinVariance,2023-04-03,AMD,0.0
Equity_MinVariance,2023-04-03,AMGN,0.191691
Equity_MinVariance,2023-04-03,AMT,0.0
Equity_MinVariance,2023-04-03,BA,0.0
Equity_MinVariance,2023-04-03,CAT,0.0
Equity_MinVariance,2023-04-03,CCI,0.0
Equity_MinVariance,2023-04-03,CMCSA,0.0
Equity_MinVariance,2023-04-03,COP,0.0
Equity_MinVariance,2023-04-03,CVX,0.032727
Equity_MinVariance,2023-04-03,D,0.014272
Equity_MinVariance,2023-04-03,DD,0.0
Equity_MinVariance,2023-04-03,DIS,0.0
Equity_MinVariance,2023-04-03,DOW,0.0
Equity_MinVariance,2023-04-03,DUK,0.010839
Equity_MinVariance,2023-04-03,EA,0.104934
Equity_MinVariance,2023-04-03,GE,0.0
Equity_MinVariance,2023-04-03,GILD,0.0
Equity_MinVariance,2023-04-03,GS,0.0
Equity_MinVariance,2023-04-03,INTC,0.0
Equity_MinVariance,2023-04-03,KO,0.135027
Equity_MinVariance,2023-04-03,MMM,0.0
Equity_MinVariance,2023-04-03,MRK,0.189203
Equity_MinVariance,2023-04-03,MS,0.0
Equity_MinVariance,2023-04-03,NEE,0.0
Equity_MinVariance,2023-04-03,NEM,0.005738
Equity_MinVariance,2023-04-03,NKE,0.0
Equity_MinVariance,2023-04-03,NUE,0.0
Equity_MinVariance,2023-04-03,NVDA,0.0
Equity_MinVariance,2023-04-03,O,0.07176
Equity_MinVariance,2023-04-03,OXY,0.0
Equity_MinVariance,2023-04-03,PLD,0.0
Equity_MinVariance,2023-04-03,PSA,0.0
Equity_MinVariance,2023-04-03,QCOM,0.0
Equity_MinVariance,2023-04-03,SBUX,0.0
Equity_MinVariance,2023-04-03,SHW,0.0
Equity_MinVariance,2023-04-03,SLB,0.0
Equity_MinVariance,2023-04-03,SO,0.0
Equity_MinVariance,2023-04-03,T,0.051173
Equity_MinVariance,2023-04-03,TMUS,0.0
Equity_MinVariance,2023-04-03,TTWO,0.023725
Equity_MinVariance,2023-04-03,UPS,0.0
Equity_MinVariance,2023-04-03,USB,0.0
Equity_MinVariance,2023-04-03,V,0.0
Equity_MinVariance,2023-04-03,WFC,0.0
Equity_MinVariance,2023-04-03,WMT,0.104283
Equity_MinVariance,2023-04-03,XOM,0.00945
Equity_MinVariance,2023-05-01,ABBV,0.076808
Equity_MinVariance,2023-05-01,ABT,0.0
Equity_MinVariance,2023-05-01,ADBE,0.0
Equity_MinVariance,2023-05-01,AEP,0.0
Equity_MinVariance,2023-05-01,AMD,0.0
Equity_MinVariance,2023-05-01,AMGN,0.179795
Equity_MinVariance,2023-05-01,AMT,0.0
Equity_MinVariance,2023-05-01,BA,0.0
Equity_MinVariance,2023-05-01,CAT,0.0
Equity_MinVariance,2023-05-01,CCI,0.0
Equity_MinVariance,2023-05-01,CMCSA,0.0
Equity_MinVariance,2023-05-01,COP,0.0
Equity_MinVariance,2023-05-01,CVX,0.04214
Equity_MinVariance,2023-05-01,D,0.007299
Equity_MinVariance,2023-05-01,DD,0.0
Equity_MinVariance,2023-05-01,DIS,0.0
Equity_MinVariance,2023-05-01,DOW,0.0
Equity_MinVariance,2023-05-01,DUK,0.0
Equity_MinVariance,2023-05-01,EA,0.078357
Equity_MinVariance,2023-05-01,GE,0.0
Equity_MinVariance,2023-05-01,GILD,0.0
Equity_MinVariance,2023-05-01,GS,0.0
Equity_MinVariance,2023-05-01,INTC,0.0
Equity_MinVariance,2023-05-01,KO,0.15165
Equity_MinVariance,2023-05-01,MMM,0.0
Equity_MinVariance,2023-05-01,MRK,0.177345
Equity_MinVariance,2023-05-01,MS,0.0
Equity_MinVariance,2023-05-01,NEE,0.0
Equity_MinVariance,2023-05-01,NEM,0.00431
Equity_MinVariance,2023-05-01,NKE,0.0
Equity_MinVariance,2023-05-01,NUE,0.0
Equity_MinVariance,2023-05-01,NVDA,0.0
Equity_MinVariance,2023-05-01,O,0.103621
Equity_MinVariance,2023-05-01,OXY,0.0
Equity_MinVariance,2023-05-01,PLD,0.0
Equity_MinVariance,2023-05-01,PSA,0.0
Equity_MinVariance,2023-05-01,QCOM,0.0
Equity_MinVariance,2023-05-01,SBUX,0.0
Equity_MinVariance,2023-05-01,SHW,0.0
Equity_MinVariance,2023-05-01,SLB,0.0
Equity_MinVariance,2023-05-01,SO,0.0
Equity_MinVariance,2023-05-01,T,0.036117
Equity_MinVariance,2023-05-01,TMUS,0.0
Equity_MinVariance,2023-05-01,TTWO,0.022754
Equity_MinVariance,2023-05-01,UPS,0.0
Equity_MinVariance,2023-05-01,USB,0.0
Equity_MinVariance,2023-05-01,V,0.0
Equity_MinVariance,2023-05-01,WFC,0.0
Equity_MinVariance,2023-05-01,WMT,0.119804
Equity_MinVariance,2023-05-01,XOM,0.0
Equity_MinVariance,2023-06-01,ABBV,0.049869
Equity_MinVariance,2023-06-01,ABT,0.0
Equity_MinVariance,2023-06-01,ADBE,0.0
Equity_MinVariance,2023-06-01,AEP,0.0
Equity_MinVariance,2023-06-01,AMD,0.0
Equity_MinVariance,2023-06-01,AMGN,0.080501
Equity_MinVariance,2023-06-01,AMT,0.0
Equity_MinVariance,2023-06-01,BA,0.0
Equity_MinVariance,2023-06-01,CAT,0.0
Equity_MinVariance,2023-06-01,CCI,0.0
Equity_MinVariance,2023-06-01,CMCSA,0.0
Equity_MinVariance,2023-06-01,COP,0.0
Equity_MinVariance,2023-06-01,CVX,0.03968
Equity_MinVariance,2023-06-01,D,0.0
Equity_MinVariance,2023-06-01,DD,0.0
Equity_MinVariance,2023-06-01,DIS,0.0
Equity_MinVariance,2023-06-01,DOW,0.0
Equity_MinVariance,2023-06-01,DUK,0.0
Equity_MinVariance,2023-06-01,EA,0.125131
Equity_MinVariance,2023-06-01,GE,0.0
Equity_MinVariance,2023-06-01,GILD,0.0
Equity_MinVariance,2023-06-01,GS,0.0
Equity_MinVariance,2023-06-01,INTC,0.0
Equity_MinVariance,2023-06-01,KO,0.28618
Equity_MinVariance,2023-06-01,MMM,0.0
Equity_MinVariance,2023-06-01,MRK,0.157153
Equity_MinVariance,2023-06-01,MS,0.0
Equity_MinVariance,2023-06-01,NEE,0.0
Equity_MinVariance,2023-06-01,NEM,0.0
Equity_MinVariance,2023-06-01,NKE,0.0
Equity_MinVariance,2023-06-01,NUE,0.0
Equity_MinVariance,2023-06-01,NVDA,0.0
Equity_MinVariance,2023-06-01,O,0.084359
Equity_MinVariance,2023-06-01,OXY,0.0
Equity_MinVariance,2023-06-01,PLD,0.0
Equity_MinVariance,2023-06-01,PSA,0.0
Equity_MinVariance,2023-06-01,QCOM,0.0
Equity_MinVariance,2023-06-01,SBUX,0.0
Equity_MinVariance,2023-06-01,SHW,0.0
Equity_MinVariance,2023-06-01,SLB,0.0
Equity_MinVariance,2023-06-01,SO,0.0
Equity_MinVariance,2023-06-01,T,0.023972
Equity_MinVariance,2023-06-01,TMUS,0.0
Equity_MinVariance,2023-06-01,TTWO,0.0
Equity_MinVariance,2023-06-01,UPS,0.0
Equity_MinVariance,2023-06-01,USB,0.0
Equity_MinVariance,2023-06-01,V,0.0
Equity_MinVariance,2023-06-01,WFC,0.0
Equity_MinVariance,2023-06-01,WMT,0.153155
Equity_MinVariance,2023-06-01,XOM,0.0
Equity_MinVariance,2023-07-03,ABBV,0.086859
Equity_MinVariance,2023-07-03,ABT,0.0
Equity_MinVariance,2023-07-03,ADBE,0.0
Equity_MinVariance,2023-07-03,AEP,0.0
Equity_MinVariance,2023-07-03,AMD,0.0
Equity_MinVariance,2023-07-03,AMGN,0.012429
Equity_MinVariance,2023-07-03,AMT,0.0
Equity_MinVariance,2023-07-03,BA,0.0
Equity_MinVariance,2023-07-03,CAT,0.0
Equity_MinVariance,2023-07-03,CCI,0.0
Equity_MinVariance,2023-07-03,CMCSA,0.0
Equity_MinVariance,2023-07-03,COP,0.0
Equity_MinVariance,2023-07-03,CVX,0.014674
Equity_MinVariance,2023-07-03,D,0.0
Equity_MinVariance,2023-07-03,DD,0.0
Equity_MinVariance,2023-07-03,DIS,0.0
Equity_MinVariance,2023-07-03,DOW,0.0
Equity_MinVariance,2023-07-03,DUK,0.0
Equity_MinVariance,2023-07-03,EA,0.126187
Equity_MinVariance,2023-07-03,GE,0.0
Equity_MinVariance,2023-07-03,GILD,0.0
Equity_MinVariance,2023-07-03,GS,0.0
Equity_MinVariance,2023-07-03,INTC,0.0
Equity_MinVariance,2023-07-03,KO,0.238521
Equity_MinVariance,2023-07-03,MMM,0.0
Equity_MinVariance,2023-07-03,MRK,0.176513
Equity_MinVariance,2023-07-03,MS,0.0
Equity_MinVariance,2023-07-03,NEE,0.0
Equity_MinVariance,2023-07-03,NEM,0.0
Equity_MinVariance,2023-07-03,NKE,0.0
Equity_MinVariance,2023-07-03,NUE,0.0
Equity_MinVariance,2023-07-03,NVDA,0.0
Equity_MinVariance,2023-07-03,O,0.11695
Equity_MinVariance,2023-07-03,OXY,0.004588
Equity_MinVariance,2023-07-03,PLD,0.0
Equity_MinVariance,2023-07-03,PSA,0.0
Equity_MinVariance,2023-07-03,QCOM,0.0
Equity_MinVariance,2023-07-03,SBUX,0.0
Equity_MinVariance,2023-07-03,SHW,0.0
Equity_MinVariance,2023-07-03,SLB,0.0
Equity_MinVariance,2023-07-03,SO,0.0
Equity_MinVariance,2023-07-03,T,0.043877
Equity_MinVariance,2023-07-03,TMUS,0.030199
Equity_MinVariance,2023-07-03,TTWO,0.000655
Equity_MinVariance,2023-07-03,UPS,0.0
Equity_MinVariance,2023-07-03,USB,0.0
Equity_MinVariance,2023-07-03,V,0.0
Equity_MinVariance,2023-07-03,WFC,0.0
Equity_MinVariance,2023-07-03,WMT,0.139543
Equity_MinVariance,2023-07-03,XOM,0.009003
Equity_MinVariance,2023-08-01,ABBV,0.08729
Equity_MinVariance,2023-08-01,ABT,0.0
Equity_MinVariance,2023-08-01,ADBE,0.0
Equity_MinVariance,2023-08-01,AEP,0.0
Equity_MinVariance,2023-08-01,AMD,0.0
Equity_MinVariance,2023-08-01,AMGN,0.014616
Equity_MinVariance,2023-08-01,AMT,0.0
Equity_MinVariance,2023-08-01,BA,0.0
Equity_MinVariance,2023-08-01,CAT,0.0
Equity_MinVariance,2023-08-01,CCI,0.0
Equity_MinVariance,2023-08-01,CMCSA,0.0
Equity_MinVariance,2023-08-01,COP,0.0
Equity_MinVariance,2023-08-01,CVX,0.013527
Equity_MinVariance,2023-08-01,D,0.0
Equity_MinVariance,2023-08-01,DD,0.0
Equity_MinVariance,2023-08-01,DIS,0.0
Equity_MinVariance,2023-08-01,DOW,0.0
Equity_MinVariance,2023-08-01,DUK,0.0
Equity_MinVariance,2023-08-01,EA,0.11529
Equity_MinVariance,2023-08-01,GE,0.0
Equity_MinVariance,2023-08-01,GILD,0.0
Equity_MinVariance,2023-08-01,GS,0.0
Equity_MinVariance,2023-08-01,INTC,0.0
Equity_MinVariance,2023-08-01,KO,0.232385
Equity_MinVariance,2023-08-01,MMM,0.0
Equity_MinVariance,2023-08-01,MRK,0.160449
Equity_MinVariance,2023-08-01,MS,0.0
Equity_MinVariance,2023-08-01,NEE,0.0
Equity_MinVariance,2023-08-01,NEM,0.0
Equity_MinVariance,2023-08-01,NKE,0.0
Equity_MinVariance,2023-08-01,NUE,0.0
Equity_MinVariance,2023-08-01,NVDA,0.0
Equity_MinVariance,2023-08-01,O,0.12135
Equity_MinVariance,2023-08-01,OXY,0.012761
Equity_MinVariance,2023-08-01,PLD,0.0
Equity_MinVariance,2023-08-01,PSA,0.0
Equity_MinVariance,2023-08-01,QCOM,0.0
Equity_MinVariance,2023-08-01,SBUX,0.0
Equity_MinVariance,2023-08-01,SHW,0.0
Equity_MinVariance,2023-08-01,SLB,0.0
Equity_MinVariance,2023-08-01,SO,0.0
Equity_MinVariance,2023-08-01,T,0.026681
Equity_MinVariance,2023-08-01,TMUS,0.05299
Equity_MinVariance,2023-08-01,TTWO,0.001834
Equity_MinVariance,2023-08-01,UPS,0.0
Equity_MinVariance,2023-08-01,USB,0.0
Equity_MinVariance,2023-08-01,V,0.013861
Equity_MinVariance,2023-08-01,WFC,0.0
Equity_MinVariance,2023-08-01,WMT,0.13908
Equity_MinVariance,2023-08-01,XOM,0.007885
Equity_MinVariance,2023-09-01,ABBV,0.07368
Equity_MinVariance,2023-09-01,ABT,0.0
Equity_MinVariance,2023-09-01,ADBE,0.0
Equity_MinVariance,2023-09-01,AEP,0.0
Equity_MinVariance,2023-09-01,AMD,0.0
Equity_MinVariance,2023-09-01,AMGN,0.041084
Equity_MinVariance,2023-09-01,AMT,0.0
Equity_MinVariance,2023-09-01,BA,0.0
Equity_MinVariance,2023-09-01,CAT,0.0
Equity_MinVariance,2023-09-01,CCI,0.0
Equity_MinVariance,2023-09-01,CMCSA,0.0
Equity_MinVariance,2023-09-01,COP,0.0
Equity_MinVariance,2023-09-01,CVX,0.0
Equity_MinVariance,2023-09-01,D,0.0
Equity_MinVariance,2023-09-01,DD,0.0
Equity_MinVariance,2023-09-01,DIS,0.0
Equity_MinVariance,2023-09-01,DOW,0.0
Equity_MinVariance,2023-09-01,DUK,0.0
Equity_MinVariance,2023-09-01,EA,0.078081
Equity_MinVariance,2023-09-01,GE,0.0
Equity_MinVariance,2023-09-01,GILD,0.0
Equity_MinVariance,2023-09-01,GS,0.0
Equity_MinVariance,2023-09-01,INTC,0.0
Equity_MinVariance,2023-09-01,KO,0.256092
Equity_MinVariance,2023-09-01,MMM,0.0
Equity_MinVariance,2023-09-01,MRK,0.141313
Equity_MinVariance,2023-09-01,MS,0.0
Equity_MinVariance,2023-09-01,NEE,0.0
Equity_MinVariance,2023-09-01,NEM,0.0
Equity_MinVariance,2023-09-01,NKE,0.0
Equity_MinVariance,2023-09-01,NUE,0.0
Equity_MinVariance,2023-09-01,NVDA,0.0
Equity_MinVariance,2023-09-01,O,0.093933
Equity_MinVariance,2023-09-01,OXY,0.019443
Equity_MinVariance,2023-09-01,PLD,0.0
Equity_MinVariance,2023-09-01,PSA,0.0
Equity_MinVariance,2023-09-01,QCOM,0.0
Equity_MinVariance,2023-09-01,SBUX,0.0
Equity_MinVariance,2023-09-01,SHW,0.0
Equity_MinVariance,2023-09-01,SLB,0.0
Equity_MinVariance,2023-09-01,SO,0.0
Equity_MinVariance,2023-09-01,T,0.032753
Equity_MinVariance,2023-09-01,TMUS,0.034736
Equity_MinVariance,2023-09-01,TTWO,0.015851
Equity_MinVariance,2023-09-01,UPS,0.0
Equity_MinVariance,2023-09-01,USB,0.0
Equity_MinVariance,2023-09-01,V,0.018658
Equity_MinVariance,2023-09-01,WFC,0.0
Equity_MinVariance,2023-09-01,WMT,0.181292
Equity_MinVariance,2023-09-01,XOM,0.013084
Equity_MinVariance,2023-10-02,ABBV,0.0605
Equity_MinVariance,2023-10-02,ABT,0.0
Equity_MinVariance,2023-10-02,ADBE,0.0
Equity_MinVariance,2023-10-02,AEP,0.0
Equity_MinVariance,2023-10-02,AMD,0.0
Equity_MinVariance,2023-10-02,AMGN,0.046251
Equity_MinVariance,2023-10-02,AMT,0.0
Equity_MinVariance,2023-10-02,BA,0.0
Equity_MinVariance,2023-10-02,CAT,0.0
Equity_MinVariance,2023-10-02,CCI,0.0
Equity_MinVariance,2023-10-02,CMCSA,0.0
Equity_MinVariance,2023-10-02,COP,0.0
Equity_MinVariance,2023-10-02,CVX,0.027567
Equity_MinVariance,2023-10-02,D,0.0
Equity_MinVariance,2023-10-02,DD,0.0
Equity_MinVariance,2023-10-02,DIS,0.0
Equity_MinVariance,2023-10-02,DOW,0.0
Equity_MinVariance,2023-10-02,DUK,0.0
Equity_MinVariance,2023-10-02,EA,0.07873
Equity_MinVariance,2023-10-02,GE,0.007217
Equity_MinVariance,2023-10-02,GILD,0.0
Equity_MinVariance,2023-10-02,GS,0.0
Equity_MinVariance,2023-10-02,INTC,0.0
Equity_MinVariance,2023-10-02,KO,0.286339
Equity_MinVariance,2023-10-02,MMM,0.0
Equity_MinVariance,2023-10-02,MRK,0.117342
Equity_MinVariance,2023-10-02,MS,0.0
Equity_MinVariance,2023-10-02,NEE,0.0
Equity_MinVariance,2023-10-02,NEM,0.0
Equity_MinVariance,2023-10-02,NKE,0.0
Equity_MinVariance,2023-10-02,NUE,0.0
Equity_MinVariance,2023-10-02,NVDA,0.0
Equity_MinVariance,2023-10-02,O,0.062931
Equity_MinVariance,2023-10-02,OXY,0.018692
Equity_MinVariance,2023-10-02,PLD,0.0
Equity_MinVariance,2023-10-02,PSA,0.0
Equity_MinVariance,2023-10-02,QCOM,0.0
Equity_MinVariance,2023-10-02,SBUX,0.0
Equity_MinVariance,2023-10-02,SHW,0.0
Equity_MinVariance,2023-10-02,SLB,0.0
Equity_MinVariance,2023-10-02,SO,0.0
Equity_MinVariance,2023-10-02,T,0.026676
Equity_MinVariance,2023-10-02,TMUS,0.062742
Equity_MinVariance,2023-10-02,TTWO,0.016372
Equity_MinVariance,2023-10-02,UPS,0.0
Equity_MinVariance,2023-10-02,USB,0.0
Equity_MinVariance,2023-10-02,V,0.028708
Equity_MinVariance,2023-10-02,WFC,0.0
Equity_MinVariance,2023-10-02,WMT,0.159932
Equity_MinVariance,2023-10-02,XOM,0.0
Equity_MinVariance,2023-11-01,ABBV,0.076125
Equity_MinVariance,2023-11-01,ABT,0.0
Equity_MinVariance,2023-11-01,ADBE,0.0
Equity_MinVariance,2023-11-01,AEP,0.0
Equity_MinVariance,2023-11-01,AMD,0.0
Equity_MinVariance,2023-11-01,AMGN,0.032704
Equity_MinVariance,2023-11-01,AMT,0.0
Equity_MinVariance,2023-11-01,BA,0.0
Equity_MinVariance,2023-11-01,CAT,0.0
Equity_MinVariance,2023-11-01,CCI,0.0
Equity_MinVariance,2023-11-01,CMCSA,0.000248
Equity_MinVariance,2023-11-01,COP,0.0
Equity_MinVariance,2023-11-01,CVX,0.047153
Equity_MinVariance,2023-11-01,D,0.0
Equity_MinVariance,2023-11-01,DD,0.018695
Equity_MinVariance,2023-11-01,DIS,0.0
Equity_MinVariance,2023-11-01,DOW,0.0
Equity_MinVariance,2023-11-01,DUK,0.0
Equity_MinVariance,2023-11-01,EA,0.067258
Equity_MinVariance,2023-11-01,GE,0.008125
Equity_MinVariance,2023-11-01,GILD,0.0
Equity_MinVariance,2023-11-01,GS,0.005216
Equity_MinVariance,2023-11-01,INTC,0.0
Equity_MinVariance,2023-11-01,KO,0.177971
Equity_MinVariance,2023-11-01,MMM,0.0
Equity_MinVariance,2023-11-01,MRK,0.122086
Equity_MinVariance,2023-11-01,MS,0.0
Equity_MinVariance,2023-11-01,NEE,0.0
Equity_MinVariance,2023-11-01,NEM,0.0
Equity_MinVariance,2023-11-01,NKE,0.0
Equity_MinVariance,2023-11-01,NUE,0.0
Equity_MinVariance,2023-11-01,NVDA,0.004102
Equity_MinVariance,2023-11-01,O,0.100805
Equity_MinVariance,2023-11-01,OXY,0.0
Equity_MinVariance,2023-11-01,PLD,0.0
Equity_MinVariance,2023-11-01,PSA,0.0
Equity_MinVariance,2023-11-01,QCOM,0.0
Equity_MinVariance,2023-11-01,SBUX,0.0
Equity_MinVariance,2023-11-01,SHW,0.0
Equity_MinVariance,2023-11-01,SLB,0.0
Equity_MinVariance,2023-11-01,SO,0.0
Equity_MinVariance,2023-11-01,T,0.041033
Equity_MinVariance,2023-11-01,TMUS,0.061844
Equity_MinVariance,2023-11-01,TTWO,0.0
Equity_MinVariance,2023-11-01,UPS,0.0
Equity_MinVariance,2023-11-01,USB,0.0
Equity_MinVariance,2023-11-01,V,0.039472
Equity_MinVariance,2023-11-01,WFC,0.0
Equity_MinVariance,2023-11-01,WMT,0.197163
Equity_MinVariance,2023-11-01,XOM,0.0
Equity_MinVariance,2023-12-01,ABBV,0.087485
Equity_MinVariance,2023-12-01,ABT,0.020385
Equity_MinVariance,2023-12-01,ADBE,0.0
Equity_MinVariance,2023-12-01,AEP,0.0
Equity_MinVariance,2023-12-01,AMD,0.009139
Equity_MinVariance,2023-12-01,AMGN,0.009988
Equity_MinVariance,2023-12-01,AMT,0.0
Equity_MinVariance,2023-12-01,BA,0.0
Equity_MinVariance,2023-12-01,CAT,0.0
Equity_MinVariance,2023-12-01,CCI,0.0
Equity_MinVariance,2023-12-01,CMCSA,0.0
Equity_MinVariance,2023-12-01,COP,0.0
Equity_MinVariance,2023-12-01,CVX,0.024642
Equity_MinVariance,2023-12-01,D,0.0
Equity_MinVariance,2023-12-01,DD,0.007519
Equity_MinVariance,2023-12-01,DIS,0.0
Equity_MinVariance,2023-12-01,DOW,0.0
Equity_MinVariance,2023-12-01,DUK,0.0
Equity_MinVariance,2023-12-01,EA,0.042112
Equity_MinVariance,2023-12-01,GE,0.011578
Equity_MinVariance,2023-12-01,GILD,0.0
Equity_MinVariance,2023-12-01,GS,0.0
Equity_MinVariance,2023-12-01,INTC,0.002836
Equity_MinVariance,2023-12-01,KO,0.185496
Equity_MinVariance,2023-12-01,MMM,0.0
Equity_MinVariance,2023-12-01,MRK,0.104567
Equity_MinVariance,2023-12-01,MS,0.0
Equity_MinVariance,2023-12-01,NEE,0.0
Equity_MinVariance,2023-12-01,NEM,0.011286
Equity_MinVariance,2023-12-01,NKE,0.0
Equity_MinVariance,2023-12-01,NUE,0.0
Equity_MinVariance,2023-12-01,NVDA,0.011694
Equity_MinVariance,2023-12-01,O,0.084656
Equity_MinVariance,2023-12-01,OXY,0.028653
Equity_MinVariance,2023-12-01,PLD,0.0
Equity_MinVariance,2023-12-01,PSA,0.0
Equity_MinVariance,2023-12-01,QCOM,0.0
Equity_MinVariance,2023-12-01,SBUX,0.0
Equity_MinVariance,2023-12-01,SHW,0.0
Equity_MinVariance,2023-12-01,SLB,0.0
Equity_MinVariance,2023-12-01,SO,0.0
Equity_MinVariance,2023-12-01,T,0.036226
Equity_MinVariance,2023-12-01,TMUS,0.063598
Equity_MinVariance,2023-12-01,TTWO,0.0
Equity_MinVariance,2023-12-01,UPS,0.0
Equity_MinVariance,2023-12-01,USB,0.0
Equity_MinVariance,2023-12-01,V,0.078915
Equity_MinVariance,2023-12-01,WFC,0.0
Equity_MinVariance,2023-12-01,WMT,0.179226
Equity_MinVariance,2023-12-01,XOM,0.0
Equity_MaxSharpe,2021-01-04,ABBV,0.0
Equity_MaxSharpe,2021-01-04,ABT,0.0
Equity_MaxSharpe,2021-01-04,ADBE,0.0
Equity_MaxSharpe,2021-01-04,AEP,0.0
Equity_MaxSharpe,2021-01-04,AMD,0.0
Equity_MaxSharpe,2021-01-04,AMGN,0.0
Equity_MaxSharpe,2021-01-04,AMT,0.0
Equity_MaxSharpe,2021-01-04,BA,0.0
Equity_MaxSharpe,2021-01-04,CAT,0.0
Equity_MaxSharpe,2021-01-04,CCI,0.0
Equity_MaxSharpe,2021-01-04,CMCSA,0.0
Equity_MaxSharpe,2021-01-04,COP,0.0
Equity_MaxSharpe,2021-01-04,CVX,0.0
Equity_MaxSharpe,2021-01-04,D,0.0
Equity_MaxSharpe,2021-01-04,DD,0.0
Equity_MaxSharpe,2021-01-04,DIS,0.0
Equity_MaxSharpe,2021-01-04,DOW,0.0
Equity_MaxSharpe,2021-01-04,DUK,0.0
Equity_MaxSharpe,2021-01-04,EA,0.0
Equity_MaxSharpe,2021-01-04,GE,0.0
Equity_MaxSharpe,2021-01-04,GILD,0.0
Equity_MaxSharpe,2021-01-04,GS,0.0
Equity_MaxSharpe,2021-01-04,INTC,0.0
Equity_MaxSharpe,2021-01-04,KO,0.0
Equity_MaxSharpe,2021-01-04,MMM,0.0
Equity_MaxSharpe,2021-01-04,MRK,0.0
Equity_MaxSharpe,2021-01-04,MS,0.0
Equity_MaxSharpe,2021-01-04,NEE,0.0
Equity_MaxSharpe,2021-01-04,NEM,0.162194
Equity_MaxSharpe,2021-01-04,NKE,0.0
Equity_MaxSharpe,2021-01-04,NUE,0.0
Equity_MaxSharpe,2021-01-04,NVDA,0.197528
Equity_MaxSharpe,2021-01-04,O,0.0
Equity_MaxSharpe,2021-01-04,OXY,0.0
Equity_MaxSharpe,2021-01-04,PLD,0.0
Equity_MaxSharpe,2021-01-04,PSA,0.0
Equity_MaxSharpe,2021-01-04,QCOM,0.001835
Equity_MaxSharpe,2021-01-04,SBUX,0.0
Equity_MaxSharpe,2021-01-04,SHW,0.0
Equity_MaxSharpe,2021-01-04,SLB,0.0
Equity_MaxSharpe,2021-01-04,SO,0.0
Equity_MaxSharpe,2021-01-04,T,0.0
Equity_MaxSharpe,2021-01-04,TMUS,0.291168
Equity_MaxSharpe,2021-01-04,TTWO,0.239607
Equity_MaxSharpe,2021-01-04,UPS,0.107669
Equity_MaxSharpe,2021-01-04,USB,0.0
Equity_MaxSharpe,2021-01-04,V,0.0
Equity_MaxSharpe,2021-01-04,WFC,0.0
Equity_MaxSharpe,2021-01-04,WMT,0.0
Equity_MaxSharpe,2021-01-04,XOM,0.0
Equity_MaxSharpe,2021-02-01,ABBV,0.001099
Equity_MaxSharpe,2021-02-01,ABT,0.0
Equity_MaxSharpe,2021-02-01,ADBE,0.0
Equity_MaxSharpe,2021-02-01,AEP,0.0
Equity_MaxSharpe,2021-02-01,AMD,0.0
Equity_MaxSharpe,2021-02-01,AMGN,0.0
Equity_MaxSharpe,2021-02-01,AMT,0.0
Equity_MaxSharpe,2021-02-01,BA,0.0
Equity_MaxSharpe,2021-02-01,CAT,0.0
Equity_MaxSharpe,2021-02-01,CCI,0.0
Equity_MaxSharpe,2021-02-01,CMCSA,0.0
Equity_MaxSharpe,2021-02-01,COP,0.0
Equity_MaxSharpe,2021-02-01,CVX,0.0
Equity_MaxSharpe,2021-02-01,D,0.0
Equity_MaxSharpe,2021-02-01,DD,0.112216
Equity_MaxSharpe,2021-02-01,DIS,0.0
Equity_MaxSharpe,2021-02-01,DOW,0.0
Equity_MaxSharpe,2021-02-01,DUK,0.0
Equity_MaxSharpe,2021-02-01,EA,0.0
Equity_MaxSharpe,2021-02-01,GE,0.0
Equity_MaxSharpe,2021-02-01,GILD,0.0
Equity_MaxSharpe,2021-02-01,GS,0.0
Equity_MaxSharpe,2021-02-01,INTC,0.0
Equity_MaxSharpe,2021-02-01,KO,0.0
Equity_MaxSharpe,2021-02-01,MMM,0.0
Equity_MaxSharpe,2021-02-01,MRK,0.0
Equity_MaxSharpe,2021-02-01,MS,0.0
Equity_MaxSharpe,2021-02-01,NEE,0.0
Equity_MaxSharpe,2021-02-01,NEM,0.14478
Equity_MaxSharpe,2021-02-01,NKE,0.0
Equity_MaxSharpe,2021-02-01,NUE,0.0
Equity_MaxSharpe,2021-02-01,NVDA,0.255556
Equity_MaxSharpe,2021-02-01,O,0.0
Equity_MaxSharpe,2021-02-01,OXY,0.0
Equity_MaxSharpe,2021-02-01,PLD,0.0
Equity_MaxSharpe,2021-02-01,PSA,0.0
Equity_MaxSharpe,2021-02-01,QCOM,0.116497
Equity_MaxSharpe,2021-02-01,SBUX,0.0
Equity_MaxSharpe,2021-02-01,SHW,0.0
Equity_MaxSharpe,2021-02-01,SLB,0.0
Equity_MaxSharpe,2021-02-01,SO,0.0
Equity_MaxSharpe,2021-02-01,T,0.0
Equity_MaxSharpe,2021-02-01,TMUS,0.076532
Equity_MaxSharpe,2021-02-01,TTWO,0.187832
Equity_MaxSharpe,2021-02-01,UPS,0.105487
Equity_MaxSharpe,2021-02-01,USB,0.0
Equity_MaxSharpe,2021-02-01,V,0.0
Equity_MaxSharpe,2021-02-01,WFC,0.0
Equity_MaxSharpe,2021-02-01,WMT,0.0
Equity_MaxSharpe,2021-02-01,XOM,0.0
Equity_MaxSharpe,2021-03-01,ABBV,0.0
Equity_MaxSharpe,2021-03-01,ABT,0.0
Equity_MaxSharpe,2021-03-01,ADBE,0.0
Equity_MaxSharpe,2021-03-01,AEP,0.0
Equity_MaxSharpe,2021-03-01,AMD,0.0
Equity_MaxSharpe,2021-03-01,AMGN,0.0
Equity_MaxSharpe,2021-03-01,AMT,0.0
Equity_MaxSharpe,2021-03-01,BA,0.0
Equity_MaxSharpe,2021-03-01,CAT,0.300983
Equity_MaxSharpe,2021-03-01,CCI,0.0
Equity_MaxSharpe,2021-03-01,CMCSA,0.0
Equity_MaxSharpe,2021-03-01,COP,0.0
Equity_MaxSharpe,2021-03-01,CVX,0.0
Equity_MaxSharpe,2021-03-01,D,0.0
Equity_MaxSharpe,2021-03-01,DD,0.0
Equity_MaxSharpe,2021-03-01,DIS,0.0
Equity_MaxSharpe,2021-03-01,DOW,0.0
Equity_MaxSharpe,2021-03-01,DUK,0.0
Equity_MaxSharpe,2021-03-01,EA,0.0
Equity_MaxSharpe,2021-03-01,GE,0.0
Equity_MaxSharpe,2021-03-01,GILD,0.0
Equity_MaxSharpe,2021-03-01,GS,0.0
Equity_MaxSharpe,2021-03-01,INTC,0.0
Equity_MaxSharpe,2021-03-01,KO,0.0
Equity_MaxSharpe,2021-03-01,MMM,0.0
Equity_MaxSharpe,2021-03-01,MRK,0.0
Equity_MaxSharpe,2021-03-01,MS,0.0
Equity_MaxSharpe,2021-03-01,NEE,0.0
Equity_MaxSharpe,2021-03-01,NEM,0.0
Equity_MaxSharpe,2021-03-01,NKE,0.0
Equity_MaxSharpe,2021-03-01,NUE,0.0
Equity_MaxSharpe,2021-03-01,NVDA,0.087764
Equity_MaxSharpe,2021-03-01,O,0.0
Equity_MaxSharpe,2021-03-01,OXY,0.0
Equity_MaxSharpe,2021-03-01,PLD,0.0
Equity_MaxSharpe,2021-03-01,PSA,0.0
Equity_MaxSharpe,2021-03-01,QCOM,0.0
Equity_MaxSharpe,2021-03-01,SBUX,0.0
Equity_MaxSharpe,2021-03-01,SHW,0.0
Equity_MaxSharpe,2021-03-01,SLB,0.0
Equity_MaxSharpe,2021-03-01,SO,0.0
Equity_MaxSharpe,2021-03-01,T,0.0
Equity_MaxSharpe,2021-03-01,TMUS,0.0
Equity_MaxSharpe,2021-03-01,TTWO,0.329716
Equity_MaxSharpe,2021-03-01,UPS,0.281538
Equity_MaxSharpe,2021-03-01,USB,0.0
Equity_MaxSharpe,2021-03-01,V,0.0
Equity_MaxSharpe,2021-03-01,WFC,0.0
Equity_MaxSharpe,2021-03-01,WMT,0.0
Equity_MaxSharpe,2021-03-01,XOM,0.0
Equity_MaxSharpe,2021-04-01,ABBV,0.113316
Equity_MaxSharpe,2021-04-01,ABT,0.065975
Equity_MaxSharpe,2021-04-01,ADBE,0.0
Equity_MaxSharpe,2021-04-01,AEP,0.0
Equity_MaxSharpe,2021-04-01,AMD,0.0
Equity_MaxSharpe,2021-04-01,AMGN,0.0
Equity_MaxSharpe,2021-04-01,AMT,0.0
Equity_MaxSharpe,2021-04-01,BA,0.0
Equity_MaxSharpe,2021-04-01,CAT,0.027979
Equity_MaxSharpe,2021-04-01,CCI,0.0
Equity_MaxSharpe,2021-04-01,CMCSA,0.0
Equity_MaxSharpe,2021-04-01,COP,0.0
Equity_MaxSharpe,2021-04-01,CVX,0.0
Equity_MaxSharpe,2021-04-01,D,0.0
Equity_MaxSharpe,2021-04-01,DD,0.097038
Equity_MaxSharpe,2021-04-01,DIS,0.053691
Equity_MaxSharpe,2021-04-01,DOW,0.0
Equity_MaxSharpe,2021-04-01,DUK,0.0
Equity_MaxSharpe,2021-04-01,EA,0.066582
Equity_MaxSharpe,2021-04-01,GE,0.0
Equity_MaxSharpe,2021-04-01,GILD,0.0
Equity_MaxSharpe,2021-04-01,GS,0.106968
Equity_MaxSharpe,2021-04-01,INTC,0.0
Equity_MaxSharpe,2021-04-01,KO,0.0
Equity_MaxSharpe,2021-04-01,MMM,0.0
Equity_MaxSharpe,2021-04-01,MRK,0.0
Equity_MaxSharpe,2021-04-01,MS,0.02877
Equity_MaxSharpe,2021-04-01,NEE,0.0
Equity_MaxSharpe,2021-04-01,NEM,0.012646
Equity_MaxSharpe,2021-04-01,NKE,0.0
Equity_MaxSharpe,2021-04-01,NUE,0.142347
Equity_MaxSharpe,2021-04-01,NVDA,0.017856
Equity_MaxSharpe,2021-04-01,O,0.0
Equity_MaxSharpe,2021-04-01,OXY,0.0
Equity_MaxSharpe,2021-04-01,PLD,0.0
Equity_MaxSharpe,2021-04-01,PSA,0.003061
Equity_MaxSharpe,2021-04-01,QCOM,0.0
Equity_MaxSharpe,2021-04-01,SBUX,0.0
Equity_MaxSharpe,2021-04-01,SHW,0.0
Equity_MaxSharpe,2021-04-01,SLB,0.0
Equity_MaxSharpe,2021-04-01,SO,0.0
Equity_MaxSharpe,2021-04-01,T,0.0
Equity_MaxSharpe,2021-04-01,TMUS,0.0
Equity_MaxSharpe,2021-04-01,TTWO,0.175351
Equity_MaxSharpe,2021-04-01,UPS,0.088421
Equity_MaxSharpe,2021-04-01,USB,0.0
Equity_MaxSharpe,2021-04-01,V,0.0
Equity_MaxSharpe,2021-04-01,WFC,0.0
Equity_MaxSharpe,2021-04-01,WMT,0.0
Equity_MaxSharpe,2021-04-01,XOM,0.0
Equity_MaxSharpe,2021-05-03,ABBV,0.133164
Equity_MaxSharpe,2021-05-03,ABT,0.0
Equity_MaxSharpe,2021-05-03,ADBE,0.0
Equity_MaxSharpe,2021-05-03,AEP,0.0
Equity_MaxSharpe,2021-05-03,AMD,0.0
Equity_MaxSharpe,2021-05-03,AMGN,0.0
Equity_MaxSharpe,2021-05-03,AMT,0.0
Equity_MaxSharpe,2021-05-03,BA,0.0
Equity_MaxSharpe,2021-05-03,CAT,0.151001
Equity_MaxSharpe,2021-05-03,CCI,0.0
Equity_MaxSharpe,2021-05-03,CMCSA,0.0
Equity_MaxSharpe,2021-05-03,COP,0.0
Equity_MaxSharpe,2021-05-03,CVX,0.0
Equity_MaxSharpe,2021-05-03,D,0.0
Equity_MaxSharpe,2021-05-03,DD,0.0
Equity_MaxSharpe,2021-05-03,DIS,0.0
Equity_MaxSharpe,2021-05-03,DOW,0.0
Equity_MaxSharpe,2021-05-03,DUK,0.0
Equity_MaxSharpe,2021-05-03,EA,0.0
Equity_MaxSharpe,2021-05-03,GE,0.005929
Equity_MaxSharpe,2021-05-03,GILD,0.0
Equity_MaxSharpe,2021-05-03,GS,0.0
Equity_MaxSharpe,2021-05-03,INTC,0.0
Equity_MaxSharpe,2021-05-03,KO,0.0
Equity_MaxSharpe,2021-05-03,MMM,0.0
Equity_MaxSharpe,2021-05-03,MRK,0.0
Equity_MaxSharpe,2021-05-03,MS,0.121354
Equity_MaxSharpe,2021-05-03,NEE,0.0
Equity_MaxSharpe,2021-05-03,NEM,0.0
Equity_MaxSharpe,2021-05-03,NKE,0.0
Equity_MaxSharpe,2021-05-03,NUE,0.003673
Equity_MaxSharpe,2021-05-03,NVDA,0.068727
Equity_MaxSharpe,2021-05-03,O,0.0
Equity_MaxSharpe,2021-05-03,OXY,0.0
Equity_MaxSharpe,2021-05-03,PLD,0.0
Equity_MaxSharpe,2021-05-03,PSA,0.199969
Equity_MaxSharpe,2021-05-03,QCOM,0.0
Equity_MaxSharpe,2021-05-03,SBUX,0.0
Equity_MaxSharpe,2021-05-03,SHW,0.029188
Equity_MaxSharpe,2021-05-03,SLB,0.0
Equity_MaxSharpe,2021-05-03,SO,0.0
Equity_MaxSharpe,2021-05-03,T,0.0
Equity_MaxSharpe,2021-05-03,TMUS,0.0
Equity_MaxSharpe,2021-05-03,TTWO,0.102281
Equity_MaxSharpe,2021-05-03,UPS,0.184712
Equity_MaxSharpe,2021-05-03,USB,0.0
Equity_MaxSharpe,2021-05-03,V,0.0
Equity_MaxSharpe,2021-05-03,WFC,0.0
Equity_MaxSharpe,2021-05-03,WMT,0.0
Equity_MaxSharpe,2021-05-03,XOM,0.0
Equity_MaxSharpe,2021-06-01,ABBV,0.0
Equity_MaxSharpe,2021-06-01,ABT,0.0
Equity_MaxSharpe,2021-06-01,ADBE,0.0
Equity_MaxSharpe,2021-06-01,AEP,0.0
Equity_MaxSharpe,2021-06-01,AMD,0.0
Equity_MaxSharpe,2021-06-01,AMGN,0.0
Equity_MaxSharpe,2021-06-01,AMT,0.0
Equity_MaxSharpe,2021-06-01,BA,0.0
Equity_MaxSharpe,2021-06-01,CAT,0.121667
Equity_MaxSharpe,2021-06-01,CCI,0.0
Equity_MaxSharpe,2021-06-01,CMCSA,0.0
Equity_MaxSharpe,2021-06-01,COP,0.0
Equity_MaxSharpe,2021-06-01,CVX,0.0
Equity_MaxSharpe,2021-06-01,D,0.0
Equity_MaxSharpe,2021-06-01,DD,0.0
Equity_MaxSharpe,2021-06-01,DIS,0.0
Equity_MaxSharpe,2021-06-01,DOW,0.0
Equity_MaxSharpe,2021-06-01,DUK,0.0
Equity_MaxSharpe,2021-06-01,EA,0.0
Equity_MaxSharpe,2021-06-01,GE,0.070178
Equity_MaxSharpe,2021-06-01,GILD,0.0
Equity_MaxSharpe,2021-06-01,GS,0.0
Equity_MaxSharpe,2021-06-01,INTC,0.0
Equity_MaxSharpe,2021-06-01,KO,0.0
Equity_MaxSharpe,2021-06-01,MMM,0.0
Equity_MaxSharpe,2021-06-01,MRK,0.0
Equity_MaxSharpe,2021-06-01,MS,0.127103
Equity_MaxSharpe,2021-06-01,NEE,0.0
Equity_MaxSharpe,2021-06-01,NEM,0.0
Equity_MaxSharpe,2021-06-01,NKE,0.0
Equity_MaxSharpe,2021-06-01,NUE,0.094838
Equity_MaxSharpe,2021-06-01,NVDA,0.05448
Equity_MaxSharpe,2021-06-01,O,0.0
Equity_MaxSharpe,2021-06-01,OXY,0.0
Equity_MaxSharpe,2021-06-01,PLD,0.0
Equity_MaxSharpe,2021-06-01,PSA,0.207453
Equity_MaxSharpe,2021-06-01,QCOM,0.0
Equity_MaxSharpe,2021-06-01,SBUX,0.0
Equity_MaxSharpe,2021-06-01,SHW,0.0
Equity_MaxSharpe,2021-06-01,SLB,0.0
Equity_MaxSharpe,2021-06-01,SO,0.0
Equity_MaxSharpe,2021-06-01,T,0.0
Equity_MaxSharpe,2021-06-01,TMUS,0.0
Equity_MaxSharpe,2021-06-01,TTWO,0.114202
Equity_MaxSharpe,2021-06-01,UPS,0.210079
Equity_MaxSharpe,2021-06-01,USB,0.0
Equity_MaxSharpe,2021-06-01,V,0.0
Equity_MaxSharpe,2021-06-01,WFC,0.0
Equity_MaxSharpe,2021-06-01,WMT,0.0
Equity_MaxSharpe,2021-06-01,XOM,0.0
Equity_MaxSharpe,2021-07-01,ABBV,0.0
Equity_MaxSharpe,2021-07-01,ABT,0.020949
Equity_MaxSharpe,2021-07-01,ADBE,0.0
Equity_MaxSharpe,2021-07-01,AEP,0.0
Equity_MaxSharpe,2021-07-01,AMD,0.036258
Equity_MaxSharpe,2021-07-01,AMGN,0.0
Equity_MaxSharpe,2021-07-01,AMT,0.0
Equity_MaxSharpe,2021-07-01,BA,0.0
Equity_MaxSharpe,2021-07-01,CAT,0.0
Equity_MaxSharpe,2021-07-01,CCI,0.0
Equity_MaxSharpe,2021-07-01,CMCSA,0.0
Equity_MaxSharpe,2021-07-01,COP,0.0
Equity_MaxSharpe,2021-07-01,CVX,0.0
Equity_MaxSharpe,2021-07-01,D,0.0
Equity_MaxSharpe,2021-07-01,DD,0.0
Equity_MaxSharpe,2021-07-01,DIS,0.005692
Equity_MaxSharpe,2021-07-01,DOW,0.0
Equity_MaxSharpe,2021-07-01,DUK,0.0
Equity_MaxSharpe,2021-07-01,EA,0.0
Equity_MaxSharpe,2021-07-01,GE,0.079055
Equity_MaxSharpe,2021-07-01,GILD,0.0
Equity_MaxSharpe,2021-07-01,GS,0.174649
Equity_MaxSharpe,2021-07-01,INTC,0.0
Equity_MaxSharpe,2021-07-01,KO,0.0
Equity_MaxSharpe,2021-07-01,MMM,0.0
Equity_MaxSharpe,2021-07-01,MRK,0.0
Equity_MaxSharpe,2021-07-01,MS,0.0
Equity_MaxSharpe,2021-07-01,NEE,0.0
Equity_MaxSharpe,2021-07-01,NEM,0.0
Equity_MaxSharpe,2021-07-01,NKE,0.066414
Equity_MaxSharpe,2021-07-01,NUE,0.099753
Equity_MaxSharpe,2021-07-01,NVDA,0.092513
Equity_MaxSharpe,2021-07-01,O,0.0
Equity_MaxSharpe,2021-07-01,OXY,0.0
Equity_MaxSharpe,2021-07-01,PLD,0.0
Equity_MaxSharpe,2021-07-01,PSA,0.337502
Equity_MaxSharpe,2021-07-01,QCOM,0.0
Equity_MaxSharpe,2021-07-01,SBUX,0.0
Equity_MaxSharpe,2021-07-01,SHW,0.0
Equity_MaxSharpe,2021-07-01,SLB,0.0
Equity_MaxSharpe,2021-07-01,SO,0.0
Equity_MaxSharpe,2021-07-01,T,0.0
Equity_MaxSharpe,2021-07-01,TMUS,0.0
Equity_MaxSharpe,2021-07-01,TTWO,0.0
Equity_MaxSharpe,2021-07-01,UPS,0.087215
Equity_MaxSharpe,2021-07-01,USB,0.0
Equity_MaxSharpe,2021-07-01,V,0.0
Equity_MaxSharpe,2021-07-01,WFC,0.0
Equity_MaxSharpe,2021-07-01,WMT,0.0
Equity_MaxSharpe,2021-07-01,XOM,0.0
Equity_MaxSharpe,2021-08-02,ABBV,0.002966
Equity_MaxSharpe,2021-08-02,ABT,0.0
Equity_MaxSharpe,2021-08-02,ADBE,0.007244
Equity_MaxSharpe,2021-08-02,AEP,0.0
Equity_MaxSharpe,2021-08-02,AMD,0.0
Equity_MaxSharpe,2021-08-02,AMGN,0.0
Equity_MaxSharpe,2021-08-02,AMT,0.0
Equity_MaxSharpe,2021-08-02,BA,0.0
Equity_MaxSharpe,2021-08-02,CAT,0.0
Equity_MaxSharpe,2021-08-02,CCI,0.0
Equity_MaxSharpe,2021-08-02,CMCSA,0.0
Equity_MaxSharpe,2021-08-02,COP,0.0
Equity_MaxSharpe,2021-08-02,CVX,0.0
Equity_MaxSharpe,2021-08-02,D,0.0
Equity_MaxSharpe,2021-08-02,DD,0.0
Equity_MaxSharpe,2021-08-02,DIS,0.0
Equity_MaxSharpe,2021-08-02,DOW,0.0
Equity_MaxSharpe,2021-08-02,DUK,0.004277
Equity_MaxSharpe,2021-08-02,EA,0.0
Equity_MaxSharpe,2021-08-02,GE,0.071223
Equity_MaxSharpe,2021-08-02,GILD,0.0
Equity_MaxSharpe,2021-08-02,GS,0.126146
Equity_MaxSharpe,2021-08-02,INTC,0.0
Equity_MaxSharpe,2021-08-02,KO,0.0
Equity_MaxSharpe,2021-08-02,MMM,0.0
Equity_MaxSharpe,2021-08-02,MRK,0.0
Equity_MaxSharpe,2021-08-02,MS,0.026197
Equity_MaxSharpe,2021-08-02,NEE,0.0
Equity_MaxSharpe,2021-08-02,NEM,0.0
Equity_MaxSharpe,2021-08-02,NKE,0.131382
Equity_MaxSharpe,2021-08-02,NUE,0.11952
Equity_MaxSharpe,2021-08-02,NVDA,0.091061
Equity_MaxSharpe,2021-08-02,O,0.0
Equity_MaxSharpe,2021-08-02,OXY,0.0
Equity_MaxSharpe,2021-08-02,PLD,0.0
Equity_MaxSharpe,2021-08-02,PSA,0.388566
Equity_MaxSharpe,2021-08-02,QCOM,0.0
Equity_MaxSharpe,2021-08-02,SBUX,0.031419
Equity_MaxSharpe,2021-08-02,SHW,0.0
Equity_MaxSharpe,2021-08-02,SLB,0.0
Equity_MaxSharpe,2021-08-02,SO,0.0
Equity_MaxSharpe,2021-08-02,T,0.0
Equity_MaxSharpe,2021-08-02,TMUS,0.0
Equity_MaxSharpe,2021-08-02,TTWO,0.0
Equity_MaxSharpe,2021-08-02,UPS,0.0
Equity_MaxSharpe,2021-08-02,USB,0.0
Equity_MaxSharpe,2021-08-02,V,0.0
Equity_MaxSharpe,2021-08-02,WFC,0.0
Equity_MaxSharpe,2021-08-02,WMT,0.0
Equity_MaxSharpe,2021-08-02,XOM,0.0
Equity_MaxSharpe,2021-09-01,ABBV,0.022523
Equity_MaxSharpe,2021-09-01,ABT,0.0
Equity_MaxSharpe,2021-09-01,ADBE,0.0
Equity_MaxSharpe,2021-09-01,AEP,0.0
Equity_MaxSharpe,2021-09-01,AMD,0.0
Equity_MaxSharpe,2021-09-01,AMGN,0.0
Equity_MaxSharpe,2021-09-01,AMT,0.0
Equity_MaxSharpe,2021-09-01,BA,0.0
Equity_MaxSharpe,2021-09-01,CAT,0.0
Equity_MaxSharpe,2021-09-01,CCI,0.0
Equity_MaxSharpe,2021-09-01,CMCSA,0.0
Equity_MaxSharpe,2021-09-01,COP,0.0
Equity_MaxSharpe,2021-09-01,CVX,0.0
Equity_MaxSharpe,2021-09-01,D,0.0
Equity_MaxSharpe,2021-09-01,DD,0.0
Equity_MaxSharpe,2021-09-01,DIS,0.0
Equity_MaxSharpe,2021-09-01,DOW,0.0
Equity_MaxSharpe,2021-09-01,DUK,0.052744
Equity_MaxSharpe,2021-09-01,EA,0.0
Equity_MaxSharpe,2021-09-01,GE,0.064902
Equity_MaxSharpe,2021-09-01,GILD,0.0
Equity_MaxSharpe,2021-09-01,GS,0.199965
Equity_MaxSharpe,2021-09-01,INTC,0.0
Equity_MaxSharpe,2021-09-01,KO,0.0
Equity_MaxSharpe,2021-09-01,MMM,0.0
Equity_MaxSharpe,2021-09-01,MRK,0.0
Equity_MaxSharpe,2021-09-01,MS,0.0
Equity_MaxSharpe,2021-09-01,NEE,0.0
Equity_MaxSharpe,2021-09-01,NEM,0.0
Equity_MaxSharpe,2021-09-01,NKE,0.06495
Equity_MaxSharpe,2021-09-01,NUE,0.113345
Equity_MaxSharpe,2021-09-01,NVDA,0.088106
Equity_MaxSharpe,2021-09-01,O,0.0
Equity_MaxSharpe,2021-09-01,OXY,0.0
Equity_MaxSharpe,2021-09-01,PLD,0.0
Equity_MaxSharpe,2021-09-01,PSA,0.393465
Equity_MaxSharpe,2021-09-01,QCOM,0.0
Equity_MaxSharpe,2021-09-01,SBUX,0.0
Equity_MaxSharpe,2021-09-01,SHW,0.0
Equity_MaxSharpe,2021-09-01,SLB,0.0
Equity_MaxSharpe,2021-09-01,SO,0.0
Equity_MaxSharpe,2021-09-01,T,0.0
Equity_MaxSharpe,2021-09-01,TMUS,0.0
Equity_MaxSharpe,2021-09-01,TTWO,0.0
Equity_MaxSharpe,2021-09-01,UPS,0.0
Equity_MaxSharpe,2021-09-01,USB,0.0
Equity_MaxSharpe,2021-09-01,V,0.0
Equity_MaxSharpe,2021-09-01,WFC,0.0
Equity_MaxSharpe,2021-09-01,WMT,0.0
Equity_MaxSharpe,2021-09-01,XOM,0.0
Equity_MaxSharpe,2021-10-01,ABBV,0.008931
Equity_MaxSharpe,2021-10-01,ABT,0.002367
Equity_MaxSharpe,2021-10-01,ADBE,0.0
Equity_MaxSharpe,2021-10-01,AEP,0.0
Equity_MaxSharpe,2021-10-01,AMD,0.0
Equity_MaxSharpe,2021-10-01,AMGN,0.0
Equity_MaxSharpe,2021-10-01,AMT,0.0
Equity_MaxSharpe,2021-10-01,BA,0.0
Equity_MaxSharpe,2021-10-01,CAT,0.0
Equity_MaxSharpe,2021-10-01,CCI,0.0
Equity_MaxSharpe,2021-10-01,CMCSA,0.0
Equity_MaxSharpe,2021-10-01,COP,0.0
Equity_MaxSharpe,2021-10-01,CVX,0.0
Equity_MaxSharpe,2021-10-01,D,0.0
Equity_MaxSharpe,2021-10-01,DD,0.0
Equity_MaxSharpe,2021-10-01,DIS,0.0
Equity_MaxSharpe,2021-10-01,DOW,0.0
Equity_MaxSharpe,2021-10-01,DUK,0.0
Equity_MaxSharpe,2021-10-01,EA,0.0
Equity_MaxSharpe,2021-10-01,GE,0.108994
Equity_MaxSharpe,2021-10-01,GILD,0.012087
Equity_MaxSharpe,2021-10-01,GS,0.043416
Equity_MaxSharpe,2021-10-01,INTC,0.0
Equity_MaxSharpe,2021-10-01,KO,0.0
Equity_MaxSharpe,2021-10-01,MMM,0.0
Equity_MaxSharpe,2021-10-01,MRK,0.0
Equity_MaxSharpe,2021-10-01,MS,0.1615
Equity_MaxSharpe,2021-10-01,NEE,0.0
Equity_MaxSharpe,2021-10-01,NEM,0.0
Equity_MaxSharpe,2021-10-01,NKE,0.0
Equity_MaxSharpe,2021-10-01,NUE,0.054873
Equity_MaxSharpe,2021-10-01,NVDA,0.117638
Equity_MaxSharpe,2021-10-01,O,0.0
Equity_MaxSharpe,2021-10-01,OXY,0.046812
Equity_MaxSharpe,2021-10-01,PLD,0.0
Equity_MaxSharpe,2021-10-01,PSA,0.436887
Equity_MaxSharpe,2021-10-01,QCOM,0.0
Equity_MaxSharpe,2021-10-01,SBUX,0.0
Equity_MaxSharpe,2021-10-01,SHW,0.0
Equity_MaxSharpe,2021-10-01,SLB,0.0
Equity_MaxSharpe,2021-10-01,SO,0.0
Equity_MaxSharpe,2021-10-01,T,0.0
Equity_MaxSharpe,2021-10-01,TMUS,0.0
Equity_MaxSharpe,2021-10-01,TTWO,0.0
Equity_MaxSharpe,2021-10-01,UPS,0.0
Equity_MaxSharpe,2021-10-01,USB,0.0
Equity_MaxSharpe,2021-10-01,V,0.0
Equity_MaxSharpe,2021-10-01,WFC,0.006497
Equity_MaxSharpe,2021-10-01,WMT,0.0
Equity_MaxSharpe,2021-10-01,XOM,0.0
Equity_MaxSharpe,2021-11-01,ABBV,0.051231
Equity_MaxSharpe,2021-11-01,ABT,0.085592
Equity_MaxSharpe,2021-11-01,ADBE,0.0
Equity_MaxSharpe,2021-11-01,AEP,0.0
Equity_MaxSharpe,2021-11-01,AMD,0.011906
Equity_MaxSharpe,2021-11-01,AMGN,0.0
Equity_MaxSharpe,2021-11-01,AMT,0.0
Equity_MaxSharpe,2021-11-01,BA,0.0
Equity_MaxSharpe,2021-11-01,CAT,0.0
Equity_MaxSharpe,2021-11-01,CCI,0.0
Equity_MaxSharpe,2021-11-01,CMCSA,0.0
Equity_MaxSharpe,2021-11-01,COP,0.000806
Equity_MaxSharpe,2021-11-01,CVX,0.0
Equity_MaxSharpe,2021-11-01,D,0.0
Equity_MaxSharpe,2021-11-01,DD,0.0
Equity_MaxSharpe,2021-11-01,DIS,0.0
Equity_MaxSharpe,2021-11-01,DOW,0.0
Equity_MaxSharpe,2021-11-01,DUK,0.0
Equity_MaxSharpe,2021-11-01,EA,0.0
Equity_MaxSharpe,2021-11-01,GE,0.0
Equity_MaxSharpe,2021-11-01,GILD,0.0
Equity_MaxSharpe,2021-11-01,GS,0.174594
Equity_MaxSharpe,2021-11-01,INTC,0.0
Equity_MaxSharpe,2021-11-01,KO,0.0
Equity_MaxSharpe,2021-11-01,MMM,0.0
Equity_MaxSharpe,2021-11-01,MRK,0.032707
Equity_MaxSharpe,2021-11-01,MS,0.0
Equity_MaxSharpe,2021-11-01,NEE,0.0
Equity_MaxSharpe,2021-11-01,NEM,0.0
Equity_MaxSharpe,2021-11-01,NKE,0.0
Equity_MaxSharpe,2021-11-01,NUE,0.022836
Equity_MaxSharpe,2021-11-01,NVDA,0.08606
Equity_MaxSharpe,2021-11-01,O,0.0
Equity_MaxSharpe,2021-11-01,OXY,0.057515
Equity_MaxSharpe,2021-11-01,PLD,0.032305
Equity_MaxSharpe,2021-11-01,PSA,0.337765
Equity_MaxSharpe,2021-11-01,QCOM,0.0
Equity_MaxSharpe,2021-11-01,SBUX,0.0
Equity_MaxSharpe,2021-11-01,SHW,0.025906
Equity_MaxSharpe,2021-11-01,SLB,0.0
Equity_MaxSharpe,2021-11-01,SO,0.0
Equity_MaxSharpe,2021-11-01,T,0.0
Equity_MaxSharpe,2021-11-01,TMUS,0.0
Equity_MaxSharpe,2021-11-01,TTWO,0.0
Equity_MaxSharpe,2021-11-01,UPS,0.0
Equity_MaxSharpe,2021-11-01,USB,0.0
Equity_MaxSharpe,2021-11-01,V,0.0
Equity_MaxSharpe,2021-11-01,WFC,0.080777
Equity_MaxSharpe,2021-11-01,WMT,0.0
Equity_MaxSharpe,2021-11-01,XOM,0.0
Equity_MaxSharpe,2021-12-01,ABBV,0.0
Equity_MaxSharpe,2021-12-01,ABT,0.019703
Equity_MaxSharpe,2021-12-01,ADBE,0.0
Equity_MaxSharpe,2021-12-01,AEP,0.0
Equity_MaxSharpe,2021-12-01,AMD,0.0
Equity_MaxSharpe,2021-12-01,AMGN,0.0
Equity_MaxSharpe,2021-12-01,AMT,0.0
Equity_MaxSharpe,2021-12-01,BA,0.0
Equity_MaxSharpe,2021-12-01,CAT,0.0
Equity_MaxSharpe,2021-12-01,CCI,0.0
Equity_MaxSharpe,2021-12-01,CMCSA,0.0
Equity_MaxSharpe,2021-12-01,COP,0.040651
Equity_MaxSharpe,2021-12-01,CVX,0.0
Equity_MaxSharpe,2021-12-01,D,0.0
Equity_MaxSharpe,2021-12-01,DD,0.0
Equity_MaxSharpe,2021-12-01,DIS,0.0
Equity_MaxSharpe,2021-12-01,DOW,0.0
Equity_MaxSharpe,2021-12-01,DUK,0.0
Equity_MaxSharpe,2021-12-01,EA,0.0
Equity_MaxSharpe,2021-12-01,GE,0.0
Equity_MaxSharpe,2021-12-01,GILD,0.090344
Equity_MaxSharpe,2021-12-01,GS,0.123497
Equity_MaxSharpe,2021-12-01,INTC,0.0
Equity_MaxSharpe,2021-12-01,KO,0.0
Equity_MaxSharpe,2021-12-01,MMM,0.0
Equity_MaxSharpe,2021-12-01,MRK,0.0
Equity_MaxSharpe,2021-12-01,MS,0.0
Equity_MaxSharpe,2021-12-01,NEE,0.0
Equity_MaxSharpe,2021-12-01,NEM,0.0
Equity_MaxSharpe,2021-12-01,NKE,0.0
Equity_MaxSharpe,2021-12-01,NUE,0.052249
Equity_MaxSharpe,2021-12-01,NVDA,0.149177
Equity_MaxSharpe,2021-12-01,O,0.0
Equity_MaxSharpe,2021-12-01,OXY,0.0
Equity_MaxSharpe,2021-12-01,PLD,0.034417
Equity_MaxSharpe,2021-12-01,PSA,0.372816
Equity_MaxSharpe,2021-12-01,QCOM,0.0
Equity_MaxSharpe,2021-12-01,SBUX,0.0
Equity_MaxSharpe,2021-12-01,SHW,0.025785
Equity_MaxSharpe,2021-12-01,SLB,0.0
Equity_MaxSharpe,2021-12-01,SO,0.0
Equity_MaxSharpe,2021-12-01,T,0.0
Equity_MaxSharpe,2021-12-01,TMUS,0.0
Equity_MaxSharpe,2021-12-01,TTWO,0.0
Equity_MaxSharpe,2021-12-01,UPS,0.0
Equity_MaxSharpe,2021-12-01,USB,0.0
Equity_MaxSharpe,2021-12-01,V,0.0
Equity_MaxSharpe,2021-12-01,WFC,0.061505
Equity_MaxSharpe,2021-12-01,WMT,0.0
Equity_MaxSharpe,2021-12-01,XOM,0.029855
Equity_MaxSharpe,2022-01-03,ABBV,0.0
Equity_MaxSharpe,2022-01-03,ABT,0.073056
Equity_MaxSharpe,2022-01-03,ADBE,0.0
Equity_MaxSharpe,2022-01-03,AEP,0.0
Equity_MaxSharpe,2022-01-03,AMD,0.0
Equity_MaxSharpe,2022-01-03,AMGN,0.0
Equity_MaxSharpe,2022-01-03,AMT,0.0
Equity_MaxSharpe,2022-01-03,BA,0.0
Equity_MaxSharpe,2022-01-03,CAT,0.0
Equity_MaxSharpe,2022-01-03,CCI,0.0
Equity_MaxSharpe,2022-01-03,CMCSA,0.0
Equity_MaxSharpe,2022-01-03,COP,0.086853
Equity_MaxSharpe,2022-01-03,CVX,0.0
Equity_MaxSharpe,2022-01-03,D,0.0
Equity_MaxSharpe,2022-01-03,DD,0.0
Equity_MaxSharpe,2022-01-03,DIS,0.0
Equity_MaxSharpe,2022-01-03,DOW,0.0
Equity_MaxSharpe,2022-01-03,DUK,0.0
Equity_MaxSharpe,2022-01-03,EA,0.0
Equity_MaxSharpe,2022-01-03,GE,0.0
Equity_MaxSharpe,2022-01-03,GILD,0.115882
Equity_MaxSharpe,2022-01-03,GS,0.0
Equity_MaxSharpe,2022-01-03,INTC,0.0
Equity_MaxSharpe,2022-01-03,KO,0.0
Equity_MaxSharpe,2022-01-03,MMM,0.0
Equity_MaxSharpe,2022-01-03,MRK,0.0
Equity_MaxSharpe,2022-01-03,MS,0.0
Equity_MaxSharpe,2022-01-03,NEE,0.0
Equity_MaxSharpe,2022-01-03,NEM,0.0
Equity_MaxSharpe,2022-01-03,NKE,0.0
Equity_MaxSharpe,2022-01-03,NUE,0.105255
Equity_MaxSharpe,2022-01-03,NVDA,0.093944
Equity_MaxSharpe,2022-01-03,O,0.0
Equity_MaxSharpe,2022-01-03,OXY,0.0
Equity_MaxSharpe,2022-01-03,PLD,0.101591
Equity_MaxSharpe,2022-01-03,PSA,0.366989
Equity_MaxSharpe,2022-01-03,QCOM,0.0
Equity_MaxSharpe,2022-01-03,SBUX,0.0
Equity_MaxSharpe,2022-01-03,SHW,0.028837
Equity_MaxSharpe,2022-01-03,SLB,0.0
Equity_MaxSharpe,2022-01-03,SO,0.0
Equity_MaxSharpe,2022-01-03,T,0.0
Equity_MaxSharpe,2022-01-03,TMUS,0.0
Equity_MaxSharpe,2022-01-03,TTWO,0.0
Equity_MaxSharpe,2022-01-03,UPS,0.0
Equity_MaxSharpe,2022-01-03,USB,0.0
Equity_MaxSharpe,2022-01-03,V,0.0
Equity_MaxSharpe,2022-01-03,WFC,0.027594
Equity_MaxSharpe,2022-01-03,WMT,0.0
Equity_MaxSharpe,2022-01-03,XOM,0.0
Equity_MaxSharpe,2022-02-01,ABBV,0.114001
Equity_MaxSharpe,2022-02-01,ABT,0.0
Equity_MaxSharpe,2022-02-01,ADBE,0.0
Equity_MaxSharpe,2022-02-01,AEP,0.0
Equity_MaxSharpe,2022-02-01,AMD,0.0
Equity_MaxSharpe,2022-02-01,AMGN,0.0
Equity_MaxSharpe,2022-02-01,AMT,0.0
Equity_MaxSharpe,2022-02-01,BA,0.0
Equity_MaxSharpe,2022-02-01,CAT,0.0
Equity_MaxSharpe,2022-02-01,CCI,0.0
Equity_MaxSharpe,2022-02-01,CMCSA,0.0
Equity_MaxSharpe,2022-02-01,COP,0.165025
Equity_MaxSharpe,2022-02-01,CVX,0.0
Equity_MaxSharpe,2022-02-01,D,0.0
Equity_MaxSharpe,2022-02-01,DD,0.0
Equity_MaxSharpe,2022-02-01,DIS,0.0
Equity_MaxSharpe,2022-02-01,DOW,0.0
Equity_MaxSharpe,2022-02-01,DUK,0.0
Equity_MaxSharpe,2022-02-01,EA,0.0
Equity_MaxSharpe,2022-02-01,GE,0.0
Equity_MaxSharpe,2022-02-01,GILD,0.0
Equity_MaxSharpe,2022-02-01,GS,0.0
Equity_MaxSharpe,2022-02-01,INTC,0.0
Equity_MaxSharpe,2022-02-01,KO,0.0
Equity_MaxSharpe,2022-02-01,MMM,0.0
Equity_MaxSharpe,2022-02-01,MRK,0.0
Equity_MaxSharpe,2022-02-01,MS,0.00403
Equity_MaxSharpe,2022-02-01,NEE,0.0
Equity_MaxSharpe,2022-02-01,NEM,0.0
Equity_MaxSharpe,2022-02-01,NKE,0.0
Equity_MaxSharpe,2022-02-01,NUE,0.073355
Equity_MaxSharpe,2022-02-01,NVDA,0.067264
Equity_MaxSharpe,2022-02-01,O,0.0
Equity_MaxSharpe,2022-02-01,OXY,0.0
Equity_MaxSharpe,2022-02-01,PLD,0.072371
Equity_MaxSharpe,2022-02-01,PSA,0.404078
Equity_MaxSharpe,2022-02-01,QCOM,0.0
Equity_MaxSharpe,2022-02-01,SBUX,0.0
Equity_MaxSharpe,2022-02-01,SHW,0.0
Equity_MaxSharpe,2022-02-01,SLB,0.0
Equity_MaxSharpe,2022-02-01,SO,0.038225
Equity_MaxSharpe,2022-02-01,T,0.0
Equity_MaxSharpe,2022-02-01,TMUS,0.0
Equity_MaxSharpe,2022-02-01,TTWO,0.0
Equity_MaxSharpe,2022-02-01,UPS,0.0
Equity_MaxSharpe,2022-02-01,USB,0.0
Equity_MaxSharpe,2022-02-01,V,0.0
Equity_MaxSharpe,2022-02-01,WFC,0.061651
Equity_MaxSharpe,2022-02-01,WMT,0.0
Equity_MaxSharpe,2022-02-01,XOM,0.0
Equity_MaxSharpe,2022-03-01,ABBV,0.181288
Equity_MaxSharpe,2022-03-01,ABT,0.0
Equity_MaxSharpe,2022-03-01,ADBE,0.0
Equity_MaxSharpe,2022-03-01,AEP,0.039558
Equity_MaxSharpe,2022-03-01,AMD,0.0
Equity_MaxSharpe,2022-03-01,AMGN,0.0
Equity_MaxSharpe,2022-03-01,AMT,0.0
Equity_MaxSharpe,2022-03-01,BA,0.0
Equity_MaxSharpe,2022-03-01,CAT,0.0
Equity_MaxSharpe,2022-03-01,CCI,0.0
Equity_MaxSharpe,2022-03-01,CMCSA,0.0
Equity_MaxSharpe,2022-03-01,COP,0.154854
Equity_MaxSharpe,2022-03-01,CVX,0.0
Equity_MaxSharpe,2022-03-01,D,0.0
Equity_MaxSharpe,2022-03-01,DD,0.0
Equity_MaxSharpe,2022-03-01,DIS,0.0
Equity_MaxSharpe,2022-03-01,DOW,0.0
Equity_MaxSharpe,2022-03-01,DUK,0.0
Equity_MaxSharpe,2022-03-01,EA,0.0
Equity_MaxSharpe,2022-03-01,GE,0.0
Equity_MaxSharpe,2022-03-01,GILD,0.0
Equity_MaxSharpe,2022-03-01,GS,0.0
Equity_MaxSharpe,2022-03-01,INTC,0.0
Equity_MaxSharpe,2022-03-01,KO,0.034346
Equity_MaxSharpe,2022-03-01,MMM,0.0
Equity_MaxSharpe,2022-03-01,MRK,0.0
Equity_MaxSharpe,2022-03-01,MS,0.0
Equity_MaxSharpe,2022-03-01,NEE,0.0
Equity_MaxSharpe,2022-03-01,NEM,0.025295
Equity_MaxSharpe,2022-03-01,NKE,0.0
Equity_MaxSharpe,2022-03-01,NUE,0.098944
Equity_MaxSharpe,2022-03-01,NVDA,0.064587
Equity_MaxSharpe,2022-03-01,O,0.0
Equity_MaxSharpe,2022-03-01,OXY,0.0
Equity_MaxSharpe,2022-03-01,PLD,0.0
Equity_MaxSharpe,2022-03-01,PSA,0.401129
Equity_MaxSharpe,2022-03-01,QCOM,0.0
Equity_MaxSharpe,2022-03-01,SBUX,0.0
Equity_MaxSharpe,2022-03-01,SHW,0.0
Equity_MaxSharpe,2022-03-01,SLB,0.0
Equity_MaxSharpe,2022-03-01,SO,0.0
Equity_MaxSharpe,2022-03-01,T,0.0
Equity_MaxSharpe,2022-03-01,TMUS,0.0
Equity_MaxSharpe,2022-03-01,TTWO,0.0
Equity_MaxSharpe,2022-03-01,UPS,0.0
Equity_MaxSharpe,2022-03-01,USB,0.0
Equity_MaxSharpe,2022-03-01,V,0.0
Equity_MaxSharpe,2022-03-01,WFC,0.0
Equity_MaxSharpe,2022-03-01,WMT,0.0
Equity_MaxSharpe,2022-03-01,XOM,0.0
Equity_MaxSharpe,2022-04-01,ABBV,0.298904
Equity_MaxSharpe,2022-04-01,ABT,0.0
Equity_MaxSharpe,2022-04-01,ADBE,0.0
Equity_MaxSharpe,2022-04-01,AEP,0.0
Equity_MaxSharpe,2022-04-01,AMD,0.0
Equity_MaxSharpe,2022-04-01,AMGN,0.0
Equity_MaxSharpe,2022-04-01,AMT,0.0
Equity_MaxSharpe,2022-04-01,BA,0.0
Equity_MaxSharpe,2022-04-01,CAT,0.0
Equity_MaxSharpe,2022-04-01,CCI,0.0
Equity_MaxSharpe,2022-04-01,CMCSA,0.0
Equity_MaxSharpe,2022-04-01,COP,0.077593
Equity_MaxSharpe,2022-04-01,CVX,0.106687
Equity_MaxSharpe,2022-04-01,D,0.0
Equity_MaxSharpe,2022-04-01,DD,0.0
Equity_MaxSharpe,2022-04-01,DIS,0.0
Equity_MaxSharpe,2022-04-01,DOW,0.0
Equity_MaxSharpe,2022-04-01,DUK,0.0
Equity_MaxSharpe,2022-04-01,EA,0.0
Equity_MaxSharpe,2022-04-01,GE,0.0
Equity_MaxSharpe,2022-04-01,GILD,0.0
Equity_MaxSharpe,2022-04-01,GS,0.0
Equity_MaxSharpe,2022-04-01,INTC,0.0
Equity_MaxSharpe,2022-04-01,KO,0.0
Equity_MaxSharpe,2022-04-01,MMM,0.0
Equity_MaxSharpe,2022-04-01,MRK,0.0
Equity_MaxSharpe,2022-04-01,MS,0.0
Equity_MaxSharpe,2022-04-01,NEE,0.0
Equity_MaxSharpe,2022-04-01,NEM,0.058453
Equity_MaxSharpe,2022-04-01,NKE,0.0
Equity_MaxSharpe,2022-04-01,NUE,0.036112
Equity_MaxSharpe,2022-04-01,NVDA,0.070929
Equity_MaxSharpe,2022-04-01,O,0.0
Equity_MaxSharpe,2022-04-01,OXY,0.004774
Equity_MaxSharpe,2022-04-01,PLD,0.0261
Equity_MaxSharpe,2022-04-01,PSA,0.320448
Equity_MaxSharpe,2022-04-01,QCOM,0.0
Equity_MaxSharpe,2022-04-01,SBUX,0.0
Equity_MaxSharpe,2022-04-01,SHW,0.0
Equity_MaxSharpe,2022-04-01,SLB,0.0
Equity_MaxSharpe,2022-04-01,SO,0.0
Equity_MaxSharpe,2022-04-01,T,0.0
Equity_MaxSharpe,2022-04-01,TMUS,0.0
Equity_MaxSharpe,2022-04-01,TTWO,0.0
Equity_MaxSharpe,2022-04-01,UPS,0.0
Equity_MaxSharpe,2022-04-01,USB,0.0
Equity_MaxSharpe,2022-04-01,V,0.0
Equity_MaxSharpe,2022-04-01,WFC,0.0
Equity_MaxSharpe,2022-04-01,WMT,0.0
Equity_MaxSharpe,2022-04-01,XOM,0.0
Equity_MaxSharpe,2022-05-02,ABBV,0.197726
Equity_MaxSharpe,2022-05-02,ABT,0.0
Equity_MaxSharpe,2022-05-02,ADBE,0.0
Equity_MaxSharpe,2022-05-02,AEP,0.0
Equity_MaxSharpe,2022-05-02,AMD,0.0
Equity_MaxSharpe,2022-05-02,AMGN,0.0
Equity_MaxSharpe,2022-05-02,AMT,0.0
Equity_MaxSharpe,2022-05-02,BA,0.0
Equity_MaxSharpe,2022-05-02,CAT,0.0
Equity_MaxSharpe,2022-05-02,CCI,0.0
Equity_MaxSharpe,2022-05-02,CMCSA,0.0
Equity_MaxSharpe,2022-05-02,COP,0.174129
Equity_MaxSharpe,2022-05-02,CVX,0.084682
Equity_MaxSharpe,2022-05-02,D,0.0
Equity_MaxSharpe,2022-05-02,DD,0.0
Equity_MaxSharpe,2022-05-02,DIS,0.0
Equity_MaxSharpe,2022-05-02,DOW,0.0
Equity_MaxSharpe,2022-05-02,DUK,0.0
Equity_MaxSharpe,2022-05-02,EA,0.0
Equity_MaxSharpe,2022-05-02,GE,0.0
Equity_MaxSharpe,2022-05-02,GILD,0.0
Equity_MaxSharpe,2022-05-02,GS,0.0
Equity_MaxSharpe,2022-05-02,INTC,0.0
Equity_MaxSharpe,2022-05-02,KO,0.022721
Equity_MaxSharpe,2022-05-02,MMM,0.0
Equity_MaxSharpe,2022-05-02,MRK,0.080674
Equity_MaxSharpe,2022-05-02,MS,0.0
Equity_MaxSharpe,2022-05-02,NEE,0.0
Equity_MaxSharpe,2022-05-02,NEM,0.0
Equity_MaxSharpe,2022-05-02,NKE,0.0
Equity_MaxSharpe,2022-05-02,NUE,0.104815
Equity_MaxSharpe,2022-05-02,NVDA,0.0
Equity_MaxSharpe,2022-05-02,O,0.0
Equity_MaxSharpe,2022-05-02,OXY,0.012921
Equity_MaxSharpe,2022-05-02,PLD,0.22374
Equity_MaxSharpe,2022-05-02,PSA,0.098592
Equity_MaxSharpe,2022-05-02,QCOM,0.0
Equity_MaxSharpe,2022-05-02,SBUX,0.0
Equity_MaxSharpe,2022-05-02,SHW,0.0
Equity_MaxSharpe,2022-05-02,SLB,0.0
Equity_MaxSharpe,2022-05-02,SO,0.0
Equity_MaxSharpe,2022-05-02,T,0.0
Equity_MaxSharpe,2022-05-02,TMUS,0.0
Equity_MaxSharpe,2022-05-02,TTWO,0.0
Equity_MaxSharpe,2022-05-02,UPS,0.0
Equity_MaxSharpe,2022-05-02,USB,0.0
Equity_MaxSharpe,2022-05-02,V,0.0
Equity_MaxSharpe,2022-05-02,WFC,0.0
Equity_MaxSharpe,2022-05-02,WMT,0.0
Equity_MaxSharpe,2022-05-02,XOM,0.0
Equity_MaxSharpe,2022-06-01,ABBV,0.254139
Equity_MaxSharpe,2022-06-01,ABT,0.0
Equity_MaxSharpe,2022-06-01,ADBE,0.0
Equity_MaxSharpe,2022-06-01,AEP,0.110029
Equity_MaxSharpe,2022-06-01,AMD,0.040224
Equity_MaxSharpe,2022-06-01,AMGN,0.0
Equity_MaxSharpe,2022-06-01,AMT,0.0
Equity_MaxSharpe,2022-06-01,BA,0.0
Equity_MaxSharpe,2022-06-01,CAT,0.0
Equity_MaxSharpe,2022-06-01,CCI,0.0
Equity_MaxSharpe,2022-06-01,CMCSA,0.0
Equity_MaxSharpe,2022-06-01,COP,0.049923
Equity_MaxSharpe,2022-06-01,CVX,0.194322
Equity_MaxSharpe,2022-06-01,D,0.0
Equity_MaxSharpe,2022-06-01,DD,0.0
Equity_MaxSharpe,2022-06-01,DIS,0.0
Equity_MaxSharpe,2022-06-01,DOW,0.0
Equity_MaxSharpe,2022-06-01,DUK,0.0
Equity_MaxSharpe,2022-06-01,EA,0.0
Equity_MaxSharpe,2022-06-01,GE,0.0
Equity_MaxSharpe,2022-06-01,GILD,0.0
Equity_MaxSharpe,2022-06-01,GS,0.0
Equity_MaxSharpe,2022-06-01,INTC,0.0
Equity_MaxSharpe,2022-06-01,KO,0.0
Equity_MaxSharpe,2022-06-01,MMM,0.0
Equity_MaxSharpe,2022-06-01,MRK,0.133788
Equity_MaxSharpe,2022-06-01,MS,0.0
Equity_MaxSharpe,2022-06-01,NEE,0.0
Equity_MaxSharpe,2022-06-01,NEM,0.0
Equity_MaxSharpe,2022-06-01,NKE,0.0
Equity_MaxSharpe,2022-06-01,NUE,0.0
Equity_MaxSharpe,2022-06-01,NVDA,0.0
Equity_MaxSharpe,2022-06-01,O,0.0
Equity_MaxSharpe,2022-06-01,OXY,0.067606
Equity_MaxSharpe,2022-06-01,PLD,0.0
Equity_MaxSharpe,2022-06-01,PSA,0.0
Equity_MaxSharpe,2022-06-01,QCOM,0.0
Equity_MaxSharpe,2022-06-01,SBUX,0.0
Equity_MaxSharpe,2022-06-01,SHW,0.0
Equity_MaxSharpe,2022-06-01,SLB,0.0
Equity_MaxSharpe,2022-06-01,SO,0.149969
Equity_MaxSharpe,2022-06-01,T,0.0
Equity_MaxSharpe,2022-06-01,TMUS,0.0
Equity_MaxSharpe,2022-06-01,TTWO,0.0
Equity_MaxSharpe,2022-06-01,UPS,0.0
Equity_MaxSharpe,2022-06-01,USB,0.0
Equity_MaxSharpe,2022-06-01,V,0.0
Equity_MaxSharpe,2022-06-01,WFC,0.0
Equity_MaxSharpe,2022-06-01,WMT,0.0
Equity_MaxSharpe,2022-06-01,XOM,0.0
Equity_MaxSharpe,2022-07-01,ABBV,0.467933
Equity_MaxSharpe,2022-07-01,ABT,0.0
Equity_MaxSharpe,2022-07-01,ADBE,0.0
Equity_MaxSharpe,2022-07-01,AEP,0.0
Equity_MaxSharpe,2022-07-01,AMD,0.0
Equity_MaxSharpe,2022-07-01,AMGN,0.0
Equity_MaxSharpe,2022-07-01,AMT,0.0
Equity_MaxSharpe,2022-07-01,BA,0.0
Equity_MaxSharpe,2022-07-01,CAT,0.0
Equity_MaxSharpe,2022-07-01,CCI,0.0
Equity_MaxSharpe,2022-07-01,CMCSA,0.0
Equity_MaxSharpe,2022-07-01,COP,0.0
Equity_MaxSharpe,2022-07-01,CVX,0.114788
Equity_MaxSharpe,2022-07-01,D,0.0
Equity_MaxSharpe,2022-07-01,DD,0.0
Equity_MaxSharpe,2022-07-01,DIS,0.0
Equity_MaxSharpe,2022-07-01,DOW,0.0
Equity_MaxSharpe,2022-07-01,DUK,0.0
Equity_MaxSharpe,2022-07-01,EA,0.0
Equity_MaxSharpe,2022-07-01,GE,0.0
Equity_MaxSharpe,2022-07-01,GILD,0.0
Equity_MaxSharpe,2022-07-01,GS,0.0
Equity_MaxSharpe,2022-07-01,INTC,0.0
Equity_MaxSharpe,2022-07-01,KO,0.048943
Equity_MaxSharpe,2022-07-01,MMM,0.0
Equity_MaxSharpe,2022-07-01,MRK,0.032521
Equity_MaxSharpe,2022-07-01,MS,0.0
Equity_MaxSharpe,2022-07-01,NEE,0.0
Equity_MaxSharpe,2022-07-01,NEM,0.0
Equity_MaxSharpe,2022-07-01,NKE,0.0
Equity_MaxSharpe,2022-07-01,NUE,0.0
Equity_MaxSharpe,2022-07-01,NVDA,0.0
Equity_MaxSharpe,2022-07-01,O,0.0
Equity_MaxSharpe,2022-07-01,OXY,0.110486
Equity_MaxSharpe,2022-07-01,PLD,0.0
Equity_MaxSharpe,2022-07-01,PSA,0.0
Equity_MaxSharpe,2022-07-01,QCOM,0.0
Equity_MaxSharpe,2022-07-01,SBUX,0.0
Equity_MaxSharpe,2022-07-01,SHW,0.0
Equity_MaxSharpe,2022-07-01,SLB,0.0
Equity_MaxSharpe,2022-07-01,SO,0.225328
Equity_MaxSharpe,2022-07-01,T,0.0
Equity_MaxSharpe,2022-07-01,TMUS,0.0
Equity_MaxSharpe,2022-07-01,TTWO,0.0
Equity_MaxSharpe,2022-07-01,UPS,0.0
Equity_MaxSharpe,2022-07-01,USB,0.0
Equity_MaxSharpe,2022-07-01,V,0.0
Equity_MaxSharpe,2022-07-01,WFC,0.0
Equity_MaxSharpe,2022-07-01,WMT,0.0
Equity_MaxSharpe,2022-07-01,XOM,0.0
Equity_MaxSharpe,2022-08-01,ABBV,0.240163
Equity_MaxSharpe,2022-08-01,ABT,0.0
Equity_MaxSharpe,2022-08-01,ADBE,0.0
Equity_MaxSharpe,2022-08-01,AEP,0.0
Equity_MaxSharpe,2022-08-01,AMD,0.0
Equity_MaxSharpe,2022-08-01,AMGN,0.0
Equity_MaxSharpe,2022-08-01,AMT,0.0
Equity_MaxSharpe,2022-08-01,BA,0.0
Equity_MaxSharpe,2022-08-01,CAT,0.0
Equity_MaxSharpe,2022-08-01,CCI,0.0
Equity_MaxSharpe,2022-08-01,CMCSA,0.0
Equity_MaxSharpe,2022-08-01,COP,0.0
Equity_MaxSharpe,2022-08-01,CVX,0.210308
Equity_MaxSharpe,2022-08-01,D,0.0
Equity_MaxSharpe,2022-08-01,DD,0.0
Equity_MaxSharpe,2022-08-01,DIS,0.0
Equity_MaxSharpe,2022-08-01,DOW,0.0
Equity_MaxSharpe,2022-08-01,DUK,0.0
Equity_MaxSharpe,2022-08-01,EA,0.0
Equity_MaxSharpe,2022-08-01,GE,0.0
Equity_MaxSharpe,2022-08-01,GILD,0.0
Equity_MaxSharpe,2022-08-01,GS,0.0
Equity_MaxSharpe,2022-08-01,INTC,0.0
Equity_MaxSharpe,2022-08-01,KO,0.0
Equity_MaxSharpe,2022-08-01,MMM,0.0
Equity_MaxSharpe,2022-08-01,MRK,0.05759
Equity_MaxSharpe,2022-08-01,MS,0.0
Equity_MaxSharpe,2022-08-01,NEE,0.0
Equity_MaxSharpe,2022-08-01,NEM,0.0
Equity_MaxSharpe,2022-08-01,NKE,0.0
Equity_MaxSharpe,2022-08-01,NUE,0.022232
Equity_MaxSharpe,2022-08-01,NVDA,0.0
Equity_MaxSharpe,2022-08-01,O,0.0
Equity_MaxSharpe,2022-08-01,OXY,0.167223
Equity_MaxSharpe,2022-08-01,PLD,0.0
Equity_MaxSharpe,2022-08-01,PSA,0.0
Equity_MaxSharpe,2022-08-01,QCOM,0.0
Equity_MaxSharpe,2022-08-01,SBUX,0.0
Equity_MaxSharpe,2022-08-01,SHW,0.0
Equity_MaxSharpe,2022-08-01,SLB,0.0
Equity_MaxSharpe,2022-08-01,SO,0.302484
Equity_MaxSharpe,2022-08-01,T,0.0
Equity_MaxSharpe,2022-08-01,TMUS,0.0
Equity_MaxSharpe,2022-08-01,TTWO,0.0
Equity_MaxSharpe,2022-08-01,UPS,0.0
Equity_MaxSharpe,2022-08-01,USB,0.0
Equity_MaxSharpe,2022-08-01,V,0.0
Equity_MaxSharpe,2022-08-01,WFC,0.0
Equity_MaxSharpe,2022-08-01,WMT,0.0
Equity_MaxSharpe,2022-08-01,XOM,0.0
Equity_MaxSharpe,2022-09-01,ABBV,0.081644
Equity_MaxSharpe,2022-09-01,ABT,0.0
Equity_MaxSharpe,2022-09-01,ADBE,0.0
Equity_MaxSharpe,2022-09-01,AEP,0.0
Equity_MaxSharpe,2022-09-01,AMD,0.0
Equity_MaxSharpe,2022-09-01,AMGN,0.06191
Equity_MaxSharpe,2022-09-01,AMT,0.0
Equity_MaxSharpe,2022-09-01,BA,0.0
Equity_MaxSharpe,2022-09-01,CAT,0.0
Equity_MaxSharpe,2022-09-01,CCI,0.0
Equity_MaxSharpe,2022-09-01,CMCSA,0.0
Equity_MaxSharpe,2022-09-01,COP,0.063342
Equity_MaxSharpe,2022-09-01,CVX,0.1311
Equity_MaxSharpe,2022-09-01,D,0.0
Equity_MaxSharpe,2022-09-01,DD,0.0
Equity_MaxSharpe,2022-09-01,DIS,0.0
Equity_MaxSharpe,2022-09-01,DOW,0.0
Equity_MaxSharpe,2022-09-01,DUK,0.0
Equity_MaxSharpe,2022-09-01,EA,0.0
Equity_MaxSharpe,2022-09-01,GE,0.0
Equity_MaxSharpe,2022-09-01,GILD,0.0
Equity_MaxSharpe,2022-09-01,GS,0.0
Equity_MaxSharpe,2022-09-01,INTC,0.0
Equity_MaxSharpe,2022-09-01,KO,0.0
Equity_MaxSharpe,2022-09-01,MMM,0.0
Equity_MaxSharpe,2022-09-01,MRK,0.032637
Equity_MaxSharpe,2022-09-01,MS,0.0
Equity_MaxSharpe,2022-09-01,NEE,0.0
Equity_MaxSharpe,2022-09-01,NEM,0.0
Equity_MaxSharpe,2022-09-01,NKE,0.0
Equity_MaxSharpe,2022-09-01,NUE,0.0
Equity_MaxSharpe,2022-09-01,NVDA,0.0
Equity_MaxSharpe,2022-09-01,O,0.0
Equity_MaxSharpe,2022-09-01,OXY,0.228879
Equity_MaxSharpe,2022-09-01,PLD,0.0
Equity_MaxSharpe,2022-09-01,PSA,0.0
Equity_MaxSharpe,2022-09-01,QCOM,0.0
Equity_MaxSharpe,2022-09-01,SBUX,0.0
Equity_MaxSharpe,2022-09-01,SHW,0.0
Equity_MaxSharpe,2022-09-01,SLB,0.0
Equity_MaxSharpe,2022-09-01,SO,0.337335
Equity_MaxSharpe,2022-09-01,T,0.0
Equity_MaxSharpe,2022-09-01,TMUS,0.0
Equity_MaxSharpe,2022-09-01,TTWO,0.0
Equity_MaxSharpe,2022-09-01,UPS,0.0
Equity_MaxSharpe,2022-09-01,USB,0.0
Equity_MaxSharpe,2022-09-01,V,0.0
Equity_MaxSharpe,2022-09-01,WFC,0.0
Equity_MaxSharpe,2022-09-01,WMT,0.0
Equity_MaxSharpe,2022-09-01,XOM,0.063153
Equity_MaxSharpe,2022-10-03,ABBV,0.535262
Equity_MaxSharpe,2022-10-03,ABT,0.0
Equity_MaxSharpe,2022-10-03,ADBE,0.0
Equity_MaxSharpe,2022-10-03,AEP,0.0
Equity_MaxSharpe,2022-10-03,AMD,0.0
Equity_MaxSharpe,2022-10-03,AMGN,0.0
Equity_MaxSharpe,2022-10-03,AMT,0.0
Equity_MaxSharpe,2022-10-03,BA,0.0
Equity_MaxSharpe,2022-10-03,CAT,0.0
Equity_MaxSharpe,2022-10-03,CCI,0.0
Equity_MaxSharpe,2022-10-03,CMCSA,0.0
Equity_MaxSharpe,2022-10-03,COP,0.0
Equity_MaxSharpe,2022-10-03,CVX,0.151714
Equity_MaxSharpe,2022-10-03,D,0.0
Equity_MaxSharpe,2022-10-03,DD,0.0
Equity_MaxSharpe,2022-10-03,DIS,0.0
Equity_MaxSharpe,2022-10-03,DOW,0.0
Equity_MaxSharpe,2022-10-03,DUK,0.0
Equity_MaxSharpe,2022-10-03,EA,0.0
Equity_MaxSharpe,2022-10-03,GE,0.0
Equity_MaxSharpe,2022-10-03,GILD,0.0
Equity_MaxSharpe,2022-10-03,GS,0.0
Equity_MaxSharpe,2022-10-03,INTC,0.0
Equity_MaxSharpe,2022-10-03,KO,0.0
Equity_MaxSharpe,2022-10-03,MMM,0.0
Equity_MaxSharpe,2022-10-03,MRK,0.049842
Equity_MaxSharpe,2022-10-03,MS,0.0
Equity_MaxSharpe,2022-10-03,NEE,0.0
Equity_MaxSharpe,2022-10-03,NEM,0.0
Equity_MaxSharpe,2022-10-03,NKE,0.0
Equity_MaxSharpe,2022-10-03,NUE,0.0
Equity_MaxSharpe,2022-10-03,NVDA,0.0
Equity_MaxSharpe,2022-10-03,O,0.0
Equity_MaxSharpe,2022-10-03,OXY,0.214284
Equity_MaxSharpe,2022-10-03,PLD,0.0
Equity_MaxSharpe,2022-10-03,PSA,0.0
Equity_MaxSharpe,2022-10-03,QCOM,0.0
Equity_MaxSharpe,2022-10-03,SBUX,0.0
Equity_MaxSharpe,2022-10-03,SHW,0.0
Equity_MaxSharpe,2022-10-03,SLB,0.0
Equity_MaxSharpe,2022-10-03,SO,0.012926
Equity_MaxSharpe,2022-10-03,T,0.0
Equity_MaxSharpe,2022-10-03,TMUS,0.0
Equity_MaxSharpe,2022-10-03,TTWO,0.0
Equity_MaxSharpe,2022-10-03,UPS,0.0
Equity_MaxSharpe,2022-10-03,USB,0.0
Equity_MaxSharpe,2022-10-03,V,0.0
Equity_MaxSharpe,2022-10-03,WFC,0.0
Equity_MaxSharpe,2022-10-03,WMT,0.0
Equity_MaxSharpe,2022-10-03,XOM,0.035972
Equity_MaxSharpe,2022-11-01,ABBV,0.176862
Equity_MaxSharpe,2022-11-01,ABT,0.0
Equity_MaxSharpe,2022-11-01,ADBE,0.0
Equity_MaxSharpe,2022-11-01,AEP,0.0
Equity_MaxSharpe,2022-11-01,AMD,0.0
Equity_MaxSharpe,2022-11-01,AMGN,0.389455
Equity_MaxSharpe,2022-11-01,AMT,0.0
Equity_MaxSharpe,2022-11-01,BA,0.0
Equity_MaxSharpe,2022-11-01,CAT,0.0
Equity_MaxSharpe,2022-11-01,CCI,0.0
Equity_MaxSharpe,2022-11-01,CMCSA,0.0
Equity_MaxSharpe,2022-11-01,COP,0.0
Equity_MaxSharpe,2022-11-01,CVX,0.058522
Equity_MaxSharpe,2022-11-01,D,0.0
Equity_MaxSharpe,2022-11-01,DD,0.0
Equity_MaxSharpe,2022-11-01,DIS,0.0
Equity_MaxSharpe,2022-11-01,DOW,0.0
Equity_MaxSharpe,2022-11-01,DUK,0.0
Equity_MaxSharpe,2022-11-01,EA,0.0
Equity_MaxSharpe,2022-11-01,GE,0.0
Equity_MaxSharpe,2022-11-01,GILD,0.050731
Equity_MaxSharpe,2022-11-01,GS,0.0
Equity_MaxSharpe,2022-11-01,INTC,0.0
Equity_MaxSharpe,2022-11-01,KO,0.0
Equity_MaxSharpe,2022-11-01,MMM,0.0
Equity_MaxSharpe,2022-11-01,MRK,0.0
Equity_MaxSharpe,2022-11-01,MS,0.0
Equity_MaxSharpe,2022-11-01,NEE,0.0
Equity_MaxSharpe,2022-11-01,NEM,0.0
Equity_MaxSharpe,2022-11-01,NKE,0.0
Equity_MaxSharpe,2022-11-01,NUE,0.0
Equity_MaxSharpe,2022-11-01,NVDA,0.0
Equity_MaxSharpe,2022-11-01,O,0.0
Equity_MaxSharpe,2022-11-01,OXY,0.102899
Equity_MaxSharpe,2022-11-01,PLD,0.0
Equity_MaxSharpe,2022-11-01,PSA,0.0
Equity_MaxSharpe,2022-11-01,QCOM,0.0
Equity_MaxSharpe,2022-11-01,SBUX,0.0
Equity_MaxSharpe,2022-11-01,SHW,0.0
Equity_MaxSharpe,2022-11-01,SLB,0.0
Equity_MaxSharpe,2022-11-01,SO,0.0
Equity_MaxSharpe,2022-11-01,T,0.0
Equity_MaxSharpe,2022-11-01,TMUS,0.008799
Equity_MaxSharpe,2022-11-01,TTWO,0.0
Equity_MaxSharpe,2022-11-01,UPS,0.0
Equity_MaxSharpe,2022-11-01,USB,0.0
Equity_MaxSharpe,2022-11-01,V,0.0
Equity_MaxSharpe,2022-11-01,WFC,0.0
Equity_MaxSharpe,2022-11-01,WMT,0.0
Equity_MaxSharpe,2022-11-01,XOM,0.212731
Equity_MaxSharpe,2022-12-01,ABBV,0.062053
Equity_MaxSharpe,2022-12-01,ABT,0.0
Equity_MaxSharpe,2022-12-01,ADBE,0.0
Equity_MaxSharpe,2022-12-01,AEP,0.0
Equity_MaxSharpe,2022-12-01,AMD,0.0
Equity_MaxSharpe,2022-12-01,AMGN,0.271115
Equity_MaxSharpe,2022-12-01,AMT,0.0
Equity_MaxSharpe,2022-12-01,BA,0.0
Equity_MaxSharpe,2022-12-01,CAT,0.0
Equity_MaxSharpe,2022-12-01,CCI,0.0
Equity_MaxSharpe,2022-12-01,CMCSA,0.0
Equity_MaxSharpe,2022-12-01,COP,0.0
Equity_MaxSharpe,2022-12-01,CVX,0.0
Equity_MaxSharpe,2022-12-01,D,0.0
Equity_MaxSharpe,2022-12-01,DD,0.0
Equity_MaxSharpe,2022-12-01,DIS,0.0
Equity_MaxSharpe,2022-12-01,DOW,0.0
Equity_MaxSharpe,2022-12-01,DUK,0.0
Equity_MaxSharpe,2022-12-01,EA,0.0
Equity_MaxSharpe,2022-12-01,GE,0.0
Equity_MaxSharpe,2022-12-01,GILD,0.0
Equity_MaxSharpe,2022-12-01,GS,0.0
Equity_MaxSharpe,2022-12-01,INTC,0.0
Equity_MaxSharpe,2022-12-01,KO,0.0
Equity_MaxSharpe,2022-12-01,MMM,0.0
Equity_MaxSharpe,2022-12-01,MRK,0.388186
Equity_MaxSharpe,2022-12-01,MS,0.0
Equity_MaxSharpe,2022-12-01,NEE,0.0
Equity_MaxSharpe,2022-12-01,NEM,0.0
Equity_MaxSharpe,2022-12-01,NKE,0.0
Equity_MaxSharpe,2022-12-01,NUE,0.0
Equity_MaxSharpe,2022-12-01,NVDA,0.0
Equity_MaxSharpe,2022-12-01,O,0.0
Equity_MaxSharpe,2022-12-01,OXY,0.082541
Equity_MaxSharpe,2022-12-01,PLD,0.0
Equity_MaxSharpe,2022-12-01,PSA,0.0
Equity_MaxSharpe,2022-12-01,QCOM,0.0
Equity_MaxSharpe,2022-12-01,SBUX,0.0
Equity_MaxSharpe,2022-12-01,SHW,0.0
Equity_MaxSharpe,2022-12-01,SLB,0.0
Equity_MaxSharpe,2022-12-01,SO,0.0
Equity_MaxSharpe,2022-12-01,T,0.0
Equity_MaxSharpe,2022-12-01,TMUS,0.024672
Equity_MaxSharpe,2022-12-01,TTWO,0.0
Equity_MaxSharpe,2022-12-01,UPS,0.0
Equity_MaxSharpe,2022-12-01,USB,0.0
Equity_MaxSharpe,2022-12-01,V,0.0
Equity_MaxSharpe,2022-12-01,WFC,0.0
Equity_MaxSharpe,2022-12-01,WMT,0.0
Equity_MaxSharpe,2022-12-01,XOM,0.171433
Equity_MaxSharpe,2023-01-03,ABBV,0.0
Equity_MaxSharpe,2023-01-03,ABT,0.0
Equity_MaxSharpe,2023-01-03,ADBE,0.0
Equity_MaxSharpe,2023-01-03,AEP,0.0
Equity_MaxSharpe,2023-01-03,AMD,0.0
Equity_MaxSharpe,2023-01-03,AMGN,0.028315
Equity_MaxSharpe,2023-01-03,AMT,0.0
Equity_MaxSharpe,2023-01-03,BA,0.0
Equity_MaxSharpe,2023-01-03,CAT,0.0
Equity_MaxSharpe,2023-01-03,CCI,0.0
Equity_MaxSharpe,2023-01-03,CMCSA,0.0
Equity_MaxSharpe,2023-01-03,COP,0.0
Equity_MaxSharpe,2023-01-03,CVX,0.0
Equity_MaxSharpe,2023-01-03,D,0.0
Equity_MaxSharpe,2023-01-03,DD,0.0
Equity_MaxSharpe,2023-01-03,DIS,0.0
Equity_MaxSharpe,2023-01-03,DOW,0.0
Equity_MaxSharpe,2023-01-03,DUK,0.0
Equity_MaxSharpe,2023-01-03,EA,0.0
Equity_MaxSharpe,2023-01-03,GE,0.0
Equity_MaxSharpe,2023-01-03,GILD,0.0
Equity_MaxSharpe,2023-01-03,GS,0.0
Equity_MaxSharpe,2023-01-03,INTC,0.0
Equity_MaxSharpe,2023-01-03,KO,0.0
Equity_MaxSharpe,2023-01-03,MMM,0.0
Equity_MaxSharpe,2023-01-03,MRK,0.641644
Equity_MaxSharpe,2023-01-03,MS,0.0
Equity_MaxSharpe,2023-01-03,NEE,0.0
Equity_MaxSharpe,2023-01-03,NEM,0.0
Equity_MaxSharpe,2023-01-03,NKE,0.0
Equity_MaxSharpe,2023-01-03,NUE,0.0
Equity_MaxSharpe,2023-01-03,NVDA,0.0
Equity_MaxSharpe,2023-01-03,O,0.0
Equity_MaxSharpe,2023-01-03,OXY,0.085949
Equity_MaxSharpe,2023-01-03,PLD,0.0
Equity_MaxSharpe,2023-01-03,PSA,0.0
Equity_MaxSharpe,2023-01-03,QCOM,0.0
Equity_MaxSharpe,2023-01-03,SBUX,0.0
Equity_MaxSharpe,2023-01-03,SHW,0.0
Equity_MaxSharpe,2023-01-03,SLB,0.0
Equity_MaxSharpe,2023-01-03,SO,0.0
Equity_MaxSharpe,2023-01-03,T,0.0
Equity_MaxSharpe,2023-01-03,TMUS,0.0
Equity_MaxSharpe,2023-01-03,TTWO,0.0
Equity_MaxSharpe,2023-01-03,UPS,0.0
Equity_MaxSharpe,2023-01-03,USB,0.0
Equity_MaxSharpe,2023-01-03,V,0.0
Equity_MaxSharpe,2023-01-03,WFC,0.0
Equity_MaxSharpe,2023-01-03,WMT,0.0
Equity_MaxSharpe,2023-01-03,XOM,0.244092
Equity_MaxSharpe,2023-02-01,ABBV,0.0
Equity_MaxSharpe,2023-02-01,ABT,0.0
Equity_MaxSharpe,2023-02-01,ADBE,0.0
Equity_MaxSharpe,2023-02-01,AEP,0.0
Equity_MaxSharpe,2023-02-01,AMD,0.0
Equity_MaxSharpe,2023-02-01,AMGN,0.0
Equity_MaxSharpe,2023-02-01,AMT,0.0
Equity_MaxSharpe,2023-02-01,BA,0.0
Equity_MaxSharpe,2023-02-01,CAT,0.0
Equity_MaxSharpe,2023-02-01,CCI,0.0
Equity_MaxSharpe,2023-02-01,CMCSA,0.0
Equity_MaxSharpe,2023-02-01,COP,0.0
Equity_MaxSharpe,2023-02-01,CVX,0.0
Equity_MaxSharpe,2023-02-01,D,0.0
Equity_MaxSharpe,2023-02-01,DD,0.0
Equity_MaxSharpe,2023-02-01,DIS,0.0
Equity_MaxSharpe,2023-02-01,DOW,0.0
Equity_MaxSharpe,2023-02-01,DUK,0.0
Equity_MaxSharpe,2023-02-01,EA,0.0
Equity_MaxSharpe,2023-02-01,GE,0.0
Equity_MaxSharpe,2023-02-01,GILD,0.044725
Equity_MaxSharpe,2023-02-01,GS,0.0
Equity_MaxSharpe,2023-02-01,INTC,0.0
Equity_MaxSharpe,2023-02-01,KO,0.0
Equity_MaxSharpe,2023-02-01,MMM,0.0
Equity_MaxSharpe,2023-02-01,MRK,0.495796
Equity_MaxSharpe,2023-02-01,MS,0.0
Equity_MaxSharpe,2023-02-01,NEE,0.0
Equity_MaxSharpe,2023-02-01,NEM,0.0
Equity_MaxSharpe,2023-02-01,NKE,0.0
Equity_MaxSharpe,2023-02-01,NUE,0.113515
Equity_MaxSharpe,2023-02-01,NVDA,0.0
Equity_MaxSharpe,2023-02-01,O,0.0
Equity_MaxSharpe,2023-02-01,OXY,0.067179
Equity_MaxSharpe,2023-02-01,PLD,0.0
Equity_MaxSharpe,2023-02-01,PSA,0.0
Equity_MaxSharpe,2023-02-01,QCOM,0.0
Equity_MaxSharpe,2023-02-01,SBUX,0.0
Equity_MaxSharpe,2023-02-01,SHW,0.0
Equity_MaxSharpe,2023-02-01,SLB,0.0
Equity_MaxSharpe,2023-02-01,SO,0.0
Equity_MaxSharpe,2023-02-01,T,0.0
Equity_MaxSharpe,2023-02-01,TMUS,0.125459
Equity_MaxSharpe,2023-02-01,TTWO,0.0
Equity_MaxSharpe,2023-02-01,UPS,0.0
Equity_MaxSharpe,2023-02-01,USB,0.0
Equity_MaxSharpe,2023-02-01,V,0.0
Equity_MaxSharpe,2023-02-01,WFC,0.0
Equity_MaxSharpe,2023-02-01,WMT,0.0
Equity_MaxSharpe,2023-02-01,XOM,0.153326
Equity_MaxSharpe,2023-03-01,ABBV,0.0
Equity_MaxSharpe,2023-03-01,ABT,0.0
Equity_MaxSharpe,2023-03-01,ADBE,0.0
Equity_MaxSharpe,2023-03-01,AEP,0.0
Equity_MaxSharpe,2023-03-01,AMD,0.0
Equity_MaxSharpe,2023-03-01,AMGN,0.0
Equity_MaxSharpe,2023-03-01,AMT,0.0
Equity_MaxSharpe,2023-03-01,BA,0.0
Equity_MaxSharpe,2023-03-01,CAT,0.0
Equity_MaxSharpe,2023-03-01,CCI,0.0
Equity_MaxSharpe,2023-03-01,CMCSA,0.0
Equity_MaxSharpe,2023-03-01,COP,0.0
Equity_MaxSharpe,2023-03-01,CVX,0.0
Equity_MaxSharpe,2023-03-01,D,0.0
Equity_MaxSharpe,2023-03-01,DD,0.0
Equity_MaxSharpe,2023-03-01,DIS,0.0
Equity_MaxSharpe,2023-03-01,DOW,0.0
Equity_MaxSharpe,2023-03-01,DUK,0.0
Equity_MaxSharpe,2023-03-01,EA,0.0
Equity_MaxSharpe,2023-03-01,GE,0.0
Equity_MaxSharpe,2023-03-01,GILD,0.181213
Equity_MaxSharpe,2023-03-01,GS,0.0
Equity_MaxSharpe,2023-03-01,INTC,0.0
Equity_MaxSharpe,2023-03-01,KO,0.0
Equity_MaxSharpe,2023-03-01,MMM,0.0
Equity_MaxSharpe,2023-03-01,MRK,0.603651
Equity_MaxSharpe,2023-03-01,MS,0.0
Equity_MaxSharpe,2023-03-01,NEE,0.0
Equity_MaxSharpe,2023-03-01,NEM,0.0
Equity_MaxSharpe,2023-03-01,NKE,0.0
Equity_MaxSharpe,2023-03-01,NUE,0.023626
Equity_MaxSharpe,2023-03-01,NVDA,0.0
Equity_MaxSharpe,2023-03-01,O,0.0
Equity_MaxSharpe,2023-03-01,OXY,0.045606
Equity_MaxSharpe,2023-03-01,PLD,0.0
Equity_MaxSharpe,2023-03-01,PSA,0.0
Equity_MaxSharpe,2023-03-01,QCOM,0.0
Equity_MaxSharpe,2023-03-01,SBUX,0.0
Equity_MaxSharpe,2023-03-01,SHW,0.0
Equity_MaxSharpe,2023-03-01,SLB,0.0
Equity_MaxSharpe,2023-03-01,SO,0.0
Equity_MaxSharpe,2023-03-01,T,0.0
Equity_MaxSharpe,2023-03-01,TMUS,0.0
Equity_MaxSharpe,2023-03-01,TTWO,0.0
Equity_MaxSharpe,2023-03-01,UPS,0.0
Equity_MaxSharpe,2023-03-01,USB,0.0
Equity_MaxSharpe,2023-03-01,V,0.0
Equity_MaxSharpe,2023-03-01,WFC,0.0
Equity_MaxSharpe,2023-03-01,WMT,0.0
Equity_MaxSharpe,2023-03-01,XOM,0.145904
Equity_MaxSharpe,2023-04-03,ABBV,0.0
Equity_MaxSharpe,2023-04-03,ABT,0.0
Equity_MaxSharpe,2023-04-03,ADBE,0.0
Equity_MaxSharpe,2023-04-03,AEP,0.0
Equity_MaxSharpe,2023-04-03,AMD,0.0
Equity_MaxSharpe,2023-04-03,AMGN,0.0
Equity_MaxSharpe,2023-04-03,AMT,0.0
Equity_MaxSharpe,2023-04-03,BA,0.0
Equity_MaxSharpe,2023-04-03,CAT,0.0
Equity_MaxSharpe,2023-04-03,CCI,0.0
Equity_MaxSharpe,2023-04-03,CMCSA,0.0
Equity_MaxSharpe,2023-04-03,COP,0.0
Equity_MaxSharpe,2023-04-03,CVX,0.0
Equity_MaxSharpe,2023-04-03,D,0.0
Equity_MaxSharpe,2023-04-03,DD,0.0
Equity_MaxSharpe,2023-04-03,DIS,0.0
Equity_MaxSharpe,2023-04-03,DOW,0.0
Equity_MaxSharpe,2023-04-03,DUK,0.0
Equity_MaxSharpe,2023-04-03,EA,0.0
Equity_MaxSharpe,2023-04-03,GE,0.070071
Equity_MaxSharpe,2023-04-03,GILD,0.366167
Equity_MaxSharpe,2023-04-03,GS,0.0
Equity_MaxSharpe,2023-04-03,INTC,0.0
Equity_MaxSharpe,2023-04-03,KO,0.0
Equity_MaxSharpe,2023-04-03,MMM,0.0
Equity_MaxSharpe,2023-04-03,MRK,0.4028
Equity_MaxSharpe,2023-04-03,MS,0.0
Equity_MaxSharpe,2023-04-03,NEE,0.0
Equity_MaxSharpe,2023-04-03,NEM,0.0
Equity_MaxSharpe,2023-04-03,NKE,0.0
Equity_MaxSharpe,2023-04-03,NUE,0.0
Equity_MaxSharpe,2023-04-03,NVDA,0.0
Equity_MaxSharpe,2023-04-03,O,0.0
Equity_MaxSharpe,2023-04-03,OXY,0.0
Equity_MaxSharpe,2023-04-03,PLD,0.0
Equity_MaxSharpe,2023-04-03,PSA,0.0
Equity_MaxSharpe,2023-04-03,QCOM,0.0
Equity_MaxSharpe,2023-04-03,SBUX,0.0
Equity_MaxSharpe,2023-04-03,SHW,0.0
Equity_MaxSharpe,2023-04-03,SLB,0.0
Equity_MaxSharpe,2023-04-03,SO,0.0
Equity_MaxSharpe,2023-04-03,T,0.0
Equity_MaxSharpe,2023-04-03,TMUS,0.0
Equity_MaxSharpe,2023-04-03,TTWO,0.0
Equity_MaxSharpe,2023-04-03,UPS,0.0
Equity_MaxSharpe,2023-04-03,USB,0.0
Equity_MaxSharpe,2023-04-03,V,0.0
Equity_MaxSharpe,2023-04-03,WFC,0.0
Equity_MaxSharpe,2023-04-03,WMT,0.0
Equity_MaxSharpe,2023-04-03,XOM,0.160963
Equity_MaxSharpe,2023-05-01,ABBV,0.0
Equity_MaxSharpe,2023-05-01,ABT,0.0
Equity_MaxSharpe,2023-05-01,ADBE,0.0
Equity_MaxSharpe,2023-05-01,AEP,0.0
Equity_MaxSharpe,2023-05-01,AMD,0.0
Equity_MaxSharpe,2023-05-01,AMGN,0.0
Equity_MaxSharpe,2023-05-01,AMT,0.0
Equity_MaxSharpe,2023-05-01,BA,0.0
Equity_MaxSharpe,2023-05-01,CAT,0.0
Equity_MaxSharpe,2023-05-01,CCI,0.0
Equity_MaxSharpe,2023-05-01,CMCSA,0.0
Equity_MaxSharpe,2023-05-01,COP,0.0
Equity_MaxSharpe,2023-05-01,CVX,0.0
Equity_MaxSharpe,2023-05-01,D,0.0
Equity_MaxSharpe,2023-05-01,DD,0.0
Equity_MaxSharpe,2023-05-01,DIS,0.0
Equity_MaxSharpe,2023-05-01,DOW,0.0
Equity_MaxSharpe,2023-05-01,DUK,0.0
Equity_MaxSharpe,2023-05-01,EA,0.0
Equity_MaxSharpe,2023-05-01,GE,0.241998
Equity_MaxSharpe,2023-05-01,GILD,0.079103
Equity_MaxSharpe,2023-05-01,GS,0.0
Equity_MaxSharpe,2023-05-01,INTC,0.0
Equity_MaxSharpe,2023-05-01,KO,0.0
Equity_MaxSharpe,2023-05-01,MMM,0.0
Equity_MaxSharpe,2023-05-01,MRK,0.471207
Equity_MaxSharpe,2023-05-01,MS,0.0
Equity_MaxSharpe,2023-05-01,NEE,0.0
Equity_MaxSharpe,2023-05-01,NEM,0.0
Equity_MaxSharpe,2023-05-01,NKE,0.0
Equity_MaxSharpe,2023-05-01,NUE,0.0
Equity_MaxSharpe,2023-05-01,NVDA,0.0
Equity_MaxSharpe,2023-05-01,O,0.0
Equity_MaxSharpe,2023-05-01,OXY,0.0
Equity_MaxSharpe,2023-05-01,PLD,0.0
Equity_MaxSharpe,2023-05-01,PSA,0.0
Equity_MaxSharpe,2023-05-01,QCOM,0.0
Equity_MaxSharpe,2023-05-01,SBUX,0.14104
Equity_MaxSharpe,2023-05-01,SHW,0.0
Equity_MaxSharpe,2023-05-01,SLB,0.0
Equity_MaxSharpe,2023-05-01,SO,0.0
Equity_MaxSharpe,2023-05-01,T,0.0
Equity_MaxSharpe,2023-05-01,TMUS,0.0
Equity_MaxSharpe,2023-05-01,TTWO,0.0
Equity_MaxSharpe,2023-05-01,UPS,0.0
Equity_MaxSharpe,2023-05-01,USB,0.0
Equity_MaxSharpe,2023-05-01,V,0.0
Equity_MaxSharpe,2023-05-01,WFC,0.0
Equity_MaxSharpe,2023-05-01,WMT,0.0
Equity_MaxSharpe,2023-05-01,XOM,0.066652
Equity_MaxSharpe,2023-06-01,ABBV,0.0
Equity_MaxSharpe,2023-06-01,ABT,0.0
Equity_MaxSharpe,2023-06-01,ADBE,0.0
Equity_MaxSharpe,2023-06-01,AEP,0.0
Equity_MaxSharpe,2023-06-01,AMD,0.0
Equity_MaxSharpe,2023-06-01,AMGN,0.0
Equity_MaxSharpe,2023-06-01,AMT,0.0
Equity_MaxSharpe,2023-06-01,BA,0.044907
Equity_MaxSharpe,2023-06-01,CAT,0.0
Equity_MaxSharpe,2023-06-01,CCI,0.0
Equity_MaxSharpe,2023-06-01,CMCSA,0.0
Equity_MaxSharpe,2023-06-01,COP,0.0
Equity_MaxSharpe,2023-06-01,CVX,0.0
Equity_MaxSharpe,2023-06-01,D,0.0
Equity_MaxSharpe,2023-06-01,DD,0.0
Equity_MaxSharpe,2023-06-01,DIS,0.0
Equity_MaxSharpe,2023-06-01,DOW,0.0
Equity_MaxSharpe,2023-06-01,DUK,0.0
Equity_MaxSharpe,2023-06-01,EA,0.0
Equity_MaxSharpe,2023-06-01,GE,0.389133
Equity_MaxSharpe,2023-06-01,GILD,0.012324
Equity_MaxSharpe,2023-06-01,GS,0.0
Equity_MaxSharpe,2023-06-01,INTC,0.0
Equity_MaxSharpe,2023-06-01,KO,0.0
Equity_MaxSharpe,2023-06-01,MMM,0.0
Equity_MaxSharpe,2023-06-01,MRK,0.417003
Equity_MaxSharpe,2023-06-01,MS,0.0
Equity_MaxSharpe,2023-06-01,NEE,0.0
Equity_MaxSharpe,2023-06-01,NEM,0.0
Equity_MaxSharpe,2023-06-01,NKE,0.0
Equity_MaxSharpe,2023-06-01,NUE,0.0
Equity_MaxSharpe,2023-06-01,NVDA,0.136633
Equity_MaxSharpe,2023-06-01,O,0.0
Equity_MaxSharpe,2023-06-01,OXY,0.0
Equity_MaxSharpe,2023-06-01,PLD,0.0
Equity_MaxSharpe,2023-06-01,PSA,0.0
Equity_MaxSharpe,2023-06-01,QCOM,0.0
Equity_MaxSharpe,2023-06-01,SBUX,0.0
Equity_MaxSharpe,2023-06-01,SHW,0.0
Equity_MaxSharpe,2023-06-01,SLB,0.0
Equity_MaxSharpe,2023-06-01,SO,0.0
Equity_MaxSharpe,2023-06-01,T,0.0
Equity_MaxSharpe,2023-06-01,TMUS,0.0
Equity_MaxSharpe,2023-06-01,TTWO,0.0
Equity_MaxSharpe,2023-06-01,UPS,0.0
Equity_MaxSharpe,2023-06-01,USB,0.0
Equity_MaxSharpe,2023-06-01,V,0.0
Equity_MaxSharpe,2023-06-01,WFC,0.0
Equity_MaxSharpe,2023-06-01,WMT,0.0
Equity_MaxSharpe,2023-06-01,XOM,0.0
Equity_MaxSharpe,2023-07-03,ABBV,0.0
Equity_MaxSharpe,2023-07-03,ABT,0.0
Equity_MaxSharpe,2023-07-03,ADBE,0.0
Equity_MaxSharpe,2023-07-03,AEP,0.0
Equity_MaxSharpe,2023-07-03,AMD,0.0
Equity_MaxSharpe,2023-07-03,AMGN,0.0
Equity_MaxSharpe,2023-07-03,AMT,0.0
Equity_MaxSharpe,2023-07-03,BA,0.0
Equity_MaxSharpe,2023-07-03,CAT,0.0
Equity_MaxSharpe,2023-07-03,CCI,0.0
Equity_MaxSharpe,2023-07-03,CMCSA,0.0
Equity_MaxSharpe,2023-07-03,COP,0.0
Equity_MaxSharpe,2023-07-03,CVX,0.0
Equity_MaxSharpe,2023-07-03,D,0.0
Equity_MaxSharpe,2023-07-03,DD,0.0
Equity_MaxSharpe,2023-07-03,DIS,0.0
Equity_MaxSharpe,2023-07-03,DOW,0.0
Equity_MaxSharpe,2023-07-03,DUK,0.0
Equity_MaxSharpe,2023-07-03,EA,0.0
Equity_MaxSharpe,2023-07-03,GE,0.487899
Equity_MaxSharpe,2023-07-03,GILD,0.0
Equity_MaxSharpe,2023-07-03,GS,0.0
Equity_MaxSharpe,2023-07-03,INTC,0.0
Equity_MaxSharpe,2023-07-03,KO,0.0
Equity_MaxSharpe,2023-07-03,MMM,0.0
Equity_MaxSharpe,2023-07-03,MRK,0.318755
Equity_MaxSharpe,2023-07-03,MS,0.0
Equity_MaxSharpe,2023-07-03,NEE,0.0
Equity_MaxSharpe,2023-07-03,NEM,0.0
Equity_MaxSharpe,2023-07-03,NKE,0.0
Equity_MaxSharpe,2023-07-03,NUE,0.0
Equity_MaxSharpe,2023-07-03,NVDA,0.110514
Equity_MaxSharpe,2023-07-03,O,0.0
Equity_MaxSharpe,2023-07-03,OXY,0.0
Equity_MaxSharpe,2023-07-03,PLD,0.0
Equity_MaxSharpe,2023-07-03,PSA,0.0
Equity_MaxSharpe,2023-07-03,QCOM,0.0
Equity_MaxSharpe,2023-07-03,SBUX,0.0
Equity_MaxSharpe,2023-07-03,SHW,0.0
Equity_MaxSharpe,2023-07-03,SLB,0.0
Equity_MaxSharpe,2023-07-03,SO,0.0
Equity_MaxSharpe,2023-07-03,T,0.0
Equity_MaxSharpe,2023-07-03,TMUS,0.0
Equity_MaxSharpe,2023-07-03,TTWO,0.0
Equity_MaxSharpe,2023-07-03,UPS,0.0
Equity_MaxSharpe,2023-07-03,USB,0.0
Equity_MaxSharpe,2023-07-03,V,0.0
Equity_MaxSharpe,2023-07-03,WFC,0.0
Equity_MaxSharpe,2023-07-03,WMT,0.082833
Equity_MaxSharpe,2023-07-03,XOM,0.0
Equity_MaxSharpe,2023-08-01,ABBV,0.0
Equity_MaxSharpe,2023-08-01,ABT,0.0
Equity_MaxSharpe,2023-08-01,ADBE,0.0
Equity_MaxSharpe,2023-08-01,AEP,0.0
Equity_MaxSharpe,2023-08-01,AMD,0.0
Equity_MaxSharpe,2023-08-01,AMGN,0.0
Equity_MaxSharpe,2023-08-01,AMT,0.0
Equity_MaxSharpe,2023-08-01,BA,0.0
Equity_MaxSharpe,2023-08-01,CAT,0.0
Equity_MaxSharpe,2023-08-01,CCI,0.0
Equity_MaxSharpe,2023-08-01,CMCSA,0.0
Equity_MaxSharpe,2023-08-01,COP,0.0
Equity_MaxSharpe,2023-08-01,CVX,0.0
Equity_MaxSharpe,2023-08-01,D,0.0
Equity_MaxSharpe,2023-08-01,DD,0.0
Equity_MaxSharpe,2023-08-01,DIS,0.0
Equity_MaxSharpe,2023-08-01,DOW,0.0
Equity_MaxSharpe,2023-08-01,DUK,0.0
Equity_MaxSharpe,2023-08-01,EA,0.0
Equity_MaxSharpe,2023-08-01,GE,0.471047
Equity_MaxSharpe,2023-08-01,GILD,0.046566
Equity_MaxSharpe,2023-08-01,GS,0.0
Equity_MaxSharpe,2023-08-01,INTC,0.0
Equity_MaxSharpe,2023-08-01,KO,0.0
Equity_MaxSharpe,2023-08-01,MMM,0.0
Equity_MaxSharpe,2023-08-01,MRK,0.266356
Equity_MaxSharpe,2023-08-01,MS,0.0
Equity_MaxSharpe,2023-08-01,NEE,0.0
Equity_MaxSharpe,2023-08-01,NEM,0.0
Equity_MaxSharpe,2023-08-01,NKE,0.0
Equity_MaxSharpe,2023-08-01,NUE,0.0
Equity_MaxSharpe,2023-08-01,NVDA,0.144314
Equity_MaxSharpe,2023-08-01,O,0.0
Equity_MaxSharpe,2023-08-01,OXY,0.0
Equity_MaxSharpe,2023-08-01,PLD,0.0
Equity_MaxSharpe,2023-08-01,PSA,0.0
Equity_MaxSharpe,2023-08-01,QCOM,0.0
Equity_MaxSharpe,2023-08-01,SBUX,0.0
Equity_MaxSharpe,2023-08-01,SHW,0.0
Equity_MaxSharpe,2023-08-01,SLB,0.069253
Equity_MaxSharpe,2023-08-01,SO,0.0
Equity_MaxSharpe,2023-08-01,T,0.0
Equity_MaxSharpe,2023-08-01,TMUS,0.0
Equity_MaxSharpe,2023-08-01,TTWO,0.0
Equity_MaxSharpe,2023-08-01,UPS,0.0
Equity_MaxSharpe,2023-08-01,USB,0.0
Equity_MaxSharpe,2023-08-01,V,0.0
Equity_MaxSharpe,2023-08-01,WFC,0.0
Equity_MaxSharpe,2023-08-01,WMT,0.002464
Equity_MaxSharpe,2023-08-01,XOM,0.0
Equity_MaxSharpe,2023-09-01,ABBV,0.0
Equity_MaxSharpe,2023-09-01,ABT,0.0
Equity_MaxSharpe,2023-09-01,ADBE,0.0
Equity_MaxSharpe,2023-09-01,AEP,0.0
Equity_MaxSharpe,2023-09-01,AMD,0.0
Equity_MaxSharpe,2023-09-01,AMGN,0.0
Equity_MaxSharpe,2023-09-01,AMT,0.0
Equity_MaxSharpe,2023-09-01,BA,0.0
Equity_MaxSharpe,2023-09-01,CAT,0.0
Equity_MaxSharpe,2023-09-01,CCI,0.0
Equity_MaxSharpe,2023-09-01,CMCSA,0.0
Equity_MaxSharpe,2023-09-01,COP,0.0
Equity_MaxSharpe,2023-09-01,CVX,0.0
Equity_MaxSharpe,2023-09-01,D,0.0
Equity_MaxSharpe,2023-09-01,DD,0.0
Equity_MaxSharpe,2023-09-01,DIS,0.0
Equity_MaxSharpe,2023-09-01,DOW,0.0
Equity_MaxSharpe,2023-09-01,DUK,0.0
Equity_MaxSharpe,2023-09-01,EA,0.0
Equity_MaxSharpe,2023-09-01,GE,0.399243
Equity_MaxSharpe,2023-09-01,GILD,0.0
Equity_MaxSharpe,2023-09-01,GS,0.0
Equity_MaxSharpe,2023-09-01,INTC,0.0
Equity_MaxSharpe,2023-09-01,KO,0.0
Equity_MaxSharpe,2023-09-01,MMM,0.0
Equity_MaxSharpe,2023-09-01,MRK,0.346367
Equity_MaxSharpe,2023-09-01,MS,0.0
Equity_MaxSharpe,2023-09-01,NEE,0.0
Equity_MaxSharpe,2023-09-01,NEM,0.0
Equity_MaxSharpe,2023-09-01,NKE,0.0
Equity_MaxSharpe,2023-09-01,NUE,0.0
Equity_MaxSharpe,2023-09-01,NVDA,0.192202
Equity_MaxSharpe,2023-09-01,O,0.0
Equity_MaxSharpe,2023-09-01,OXY,0.0
Equity_MaxSharpe,2023-09-01,PLD,0.0
Equity_MaxSharpe,2023-09-01,PSA,0.0
Equity_MaxSharpe,2023-09-01,QCOM,0.0
Equity_MaxSharpe,2023-09-01,SBUX,0.0
Equity_MaxSharpe,2023-09-01,SHW,0.0
Equity_MaxSharpe,2023-09-01,SLB,0.024328
Equity_MaxSharpe,2023-09-01,SO,0.0
Equity_MaxSharpe,2023-09-01,T,0.0
Equity_MaxSharpe,2023-09-01,TMUS,0.0
Equity_MaxSharpe,2023-09-01,TTWO,0.0
Equity_MaxSharpe,2023-09-01,UPS,0.0
Equity_MaxSharpe,2023-09-01,USB,0.0
Equity_MaxSharpe,2023-09-01,V,0.0
Equity_MaxSharpe,2023-09-01,WFC,0.0
Equity_MaxSharpe,2023-09-01,WMT,0.03786
Equity_MaxSharpe,2023-09-01,XOM,0.0
Equity_MaxSharpe,2023-10-02,ABBV,0.0
Equity_MaxSharpe,2023-10-02,ABT,0.0
Equity_MaxSharpe,2023-10-02,ADBE,0.0
Equity_MaxSharpe,2023-10-02,AEP,0.0
Equity_MaxSharpe,2023-10-02,AMD,0.0
Equity_MaxSharpe,2023-10-02,AMGN,0.089732
Equity_MaxSharpe,2023-10-02,AMT,0.0
Equity_MaxSharpe,2023-10-02,BA,0.0
Equity_MaxSharpe,2023-10-02,CAT,0.017913
Equity_MaxSharpe,2023-10-02,CCI,0.0
Equity_MaxSharpe,2023-10-02,CMCSA,0.0
Equity_MaxSharpe,2023-10-02,COP,0.0
Equity_MaxSharpe,2023-10-02,CVX,0.0
Equity_MaxSharpe,2023-10-02,D,0.0
Equity_MaxSharpe,2023-10-02,DD,0.0
Equity_MaxSharpe,2023-10-02,DIS,0.0
Equity_MaxSharpe,2023-10-02,DOW,0.0
Equity_MaxSharpe,2023-10-02,DUK,0.0
Equity_MaxSharpe,2023-10-02,EA,0.0
Equity_MaxSharpe,2023-10-02,GE,0.494017
Equity_MaxSharpe,2023-10-02,GILD,0.0
Equity_MaxSharpe,2023-10-02,GS,0.0
Equity_MaxSharpe,2023-10-02,INTC,0.0
Equity_MaxSharpe,2023-10-02,KO,0.0
Equity_MaxSharpe,2023-10-02,MMM,0.0
Equity_MaxSharpe,2023-10-02,MRK,0.183961
Equity_MaxSharpe,2023-10-02,MS,0.0
Equity_MaxSharpe,2023-10-02,NEE,0.0
Equity_MaxSharpe,2023-10-02,NEM,0.0
Equity_MaxSharpe,2023-10-02,NKE,0.0
Equity_MaxSharpe,2023-10-02,NUE,0.0
Equity_MaxSharpe,2023-10-02,NVDA,0.17306
Equity_MaxSharpe,2023-10-02,O,0.0
Equity_MaxSharpe,2023-10-02,OXY,0.0
Equity_MaxSharpe,2023-10-02,PLD,0.0
Equity_MaxSharpe,2023-10-02,PSA,0.0
Equity_MaxSharpe,2023-10-02,QCOM,0.0
Equity_MaxSharpe,2023-10-02,SBUX,0.0
Equity_MaxSharpe,2023-10-02,SHW,0.0
Equity_MaxSharpe,2023-10-02,SLB,0.041316
Equity_MaxSharpe,2023-10-02,SO,0.0
Equity_MaxSharpe,2023-10-02,T,0.0
Equity_MaxSharpe,2023-10-02,TMUS,0.0
Equity_MaxSharpe,2023-10-02,TTWO,0.0
Equity_MaxSharpe,2023-10-02,UPS,0.0
Equity_MaxSharpe,2023-10-02,USB,0.0
Equity_MaxSharpe,2023-10-02,V,0.0
Equity_MaxSharpe,2023-10-02,WFC,0.0
Equity_MaxSharpe,2023-10-02,WMT,0.0
Equity_MaxSharpe,2023-10-02,XOM,0.0
Equity_MaxSharpe,2023-11-01,ABBV,0.0
Equity_MaxSharpe,2023-11-01,ABT,0.0
Equity_MaxSharpe,2023-11-01,ADBE,0.0
Equity_MaxSharpe,2023-11-01,AEP,0.0
Equity_MaxSharpe,2023-11-01,AMD,0.0
Equity_MaxSharpe,2023-11-01,AMGN,0.0
Equity_MaxSharpe,2023-11-01,AMT,0.0
Equity_MaxSharpe,2023-11-01,BA,0.0
Equity_MaxSharpe,2023-11-01,CAT,0.0
Equity_MaxSharpe,2023-11-01,CCI,0.0
Equity_MaxSharpe,2023-11-01,CMCSA,0.0
Equity_MaxSharpe,2023-11-01,COP,0.0
Equity_MaxSharpe,2023-11-01,CVX,0.0
Equity_MaxSharpe,2023-11-01,D,0.0
Equity_MaxSharpe,2023-11-01,DD,0.0
Equity_MaxSharpe,2023-11-01,DIS,0.0
Equity_MaxSharpe,2023-11-01,DOW,0.0
Equity_MaxSharpe,2023-11-01,DUK,0.0
Equity_MaxSharpe,2023-11-01,EA,0.0
Equity_MaxSharpe,2023-11-01,GE,0.515933
Equity_MaxSharpe,2023-11-01,GILD,0.0
Equity_MaxSharpe,2023-11-01,GS,0.0
Equity_MaxSharpe,2023-11-01,INTC,0.0
Equity_MaxSharpe,2023-11-01,KO,0.0
Equity_MaxSharpe,2023-11-01,MMM,0.0
Equity_MaxSharpe,2023-11-01,MRK,0.106935
Equity_MaxSharpe,2023-11-01,MS,0.0
Equity_MaxSharpe,2023-11-01,NEE,0.0
Equity_MaxSharpe,2023-11-01,NEM,0.0
Equity_MaxSharpe,2023-11-01,NKE,0.0
Equity_MaxSharpe,2023-11-01,NUE,0.0
Equity_MaxSharpe,2023-11-01,NVDA,0.241185
Equity_MaxSharpe,2023-11-01,O,0.0
Equity_MaxSharpe,2023-11-01,OXY,0.0
Equity_MaxSharpe,2023-11-01,PLD,0.0
Equity_MaxSharpe,2023-11-01,PSA,0.0
Equity_MaxSharpe,2023-11-01,QCOM,0.0
Equity_MaxSharpe,2023-11-01,SBUX,0.0
Equity_MaxSharpe,2023-11-01,SHW,0.0
Equity_MaxSharpe,2023-11-01,SLB,0.0
Equity_MaxSharpe,2023-11-01,SO,0.0
Equity_MaxSharpe,2023-11-01,T,0.0
Equity_MaxSharpe,2023-11-01,TMUS,0.0
Equity_MaxSharpe,2023-11-01,TTWO,0.0
Equity_MaxSharpe,2023-11-01,UPS,0.0
Equity_MaxSharpe,2023-11-01,USB,0.0
Equity_MaxSharpe,2023-11-01,V,0.0
Equity_MaxSharpe,2023-11-01,WFC,0.0
Equity_MaxSharpe,2023-11-01,WMT,0.135947
Equity_MaxSharpe,2023-11-01,XOM,0.0
Equity_MaxSharpe,2023-12-01,ABBV,0.0
Equity_MaxSharpe,2023-12-01,ABT,0.0
Equity_MaxSharpe,2023-12-01,ADBE,0.090808
Equity_MaxSharpe,2023-12-01,AEP,0.0
Equity_MaxSharpe,2023-12-01,AMD,0.0
Equity_MaxSharpe,2023-12-01,AMGN,0.0
Equity_MaxSharpe,2023-12-01,AMT,0.0
Equity_MaxSharpe,2023-12-01,BA,0.0
Equity_MaxSharpe,2023-12-01,CAT,0.0
Equity_MaxSharpe,2023-12-01,CCI,0.0
Equity_MaxSharpe,2023-12-01,CMCSA,0.0
Equity_MaxSharpe,2023-12-01,COP,0.0
Equity_MaxSharpe,2023-12-01,CVX,0.0
Equity_MaxSharpe,2023-12-01,D,0.0
Equity_MaxSharpe,2023-12-01,DD,0.0
Equity_MaxSharpe,2023-12-01,DIS,0.0
Equity_MaxSharpe,2023-12-01,DOW,0.0
Equity_MaxSharpe,2023-12-01,DUK,0.0
Equity_MaxSharpe,2023-12-01,EA,0.0
Equity_MaxSharpe,2023-12-01,GE,0.503804
Equity_MaxSharpe,2023-12-01,GILD,0.0
Equity_MaxSharpe,2023-12-01,GS,0.0
Equity_MaxSharpe,2023-12-01,INTC,0.046745
Equity_MaxSharpe,2023-12-01,KO,0.0
Equity_MaxSharpe,2023-12-01,MMM,0.0
Equity_MaxSharpe,2023-12-01,MRK,0.0
Equity_MaxSharpe,2023-12-01,MS,0.0
Equity_MaxSharpe,2023-12-01,NEE,0.0
Equity_MaxSharpe,2023-12-01,NEM,0.0
Equity_MaxSharpe,2023-12-01,NKE,0.0
Equity_MaxSharpe,2023-12-01,NUE,0.0
Equity_MaxSharpe,2023-12-01,NVDA,0.210108
Equity_MaxSharpe,2023-12-01,O,0.0
Equity_MaxSharpe,2023-12-01,OXY,0.0
Equity_MaxSharpe,2023-12-01,PLD,0.0
Equity_MaxSharpe,2023-12-01,PSA,0.0
Equity_MaxSharpe,2023-12-01,QCOM,0.0
Equity_MaxSharpe,2023-12-01,SBUX,0.0
Equity_MaxSharpe,2023-12-01,SHW,0.0
Equity_MaxSharpe,2023-12-01,SLB,0.0
Equity_MaxSharpe,2023-12-01,SO,0.084835
Equity_MaxSharpe,2023-12-01,T,0.0
Equity_MaxSharpe,2023-12-01,TMUS,0.0
Equity_MaxSharpe,2023-12-01,TTWO,0.063701
Equity_MaxSharpe,2023-12-01,UPS,0.0
Equity_MaxSharpe,2023-12-01,USB,0.0
Equity_MaxSharpe,2023-12-01,V,0.0
Equity_MaxSharpe,2023-12-01,WFC,0.0
Equity_MaxSharpe,2023-12-01,WMT,0.0
Equity_MaxSharpe,2023-12-01,XOM,0.0
Equity_RiskParity,2021-01-04,ABBV,0.027183
Equity_RiskParity,2021-01-04,ABT,0.022322
Equity_RiskParity,2021-01-04,ADBE,0.019167
Equity_RiskParity,2021-01-04,AEP,0.024164
Equity_RiskParity,2021-01-04,AMD,0.017256
Equity_RiskParity,2021-01-04,AMGN,0.023785
Equity_RiskParity,2021-01-04,AMT,0.018756
Equity_RiskParity,2021-01-04,BA,0.011025
Equity_RiskParity,2021-01-04,CAT,0.018515
Equity_RiskParity,2021-01-04,CCI,0.019827
Equity_RiskParity,2021-01-04,CMCSA,0.020963
Equity_RiskParity,2021-01-04,COP,0.012524
Equity_RiskParity,2021-01-04,CVX,0.013549
Equity_RiskParity,2021-01-04,D,0.019378
Equity_RiskParity,2021-01-04,DD,0.016013
Equity_RiskParity,2021-01-04,DIS,0.01828
Equity_RiskParity,2021-01-04,DOW,0.013662
Equity_RiskParity,2021-01-04,DUK,0.019355
Equity_RiskParity,2021-01-04,EA,0.032687
Equity_RiskParity,2021-01-04,GE,0.014797
Equity_RiskParity,2021-01-04,GILD,0.036354
Equity_RiskParity,2021-01-04,GS,0.014983
Equity_RiskParity,2021-01-04,INTC,0.01671
Equity_RiskParity,2021-01-04,KO,0.022656
Equity_RiskParity,2021-01-04,MMM,0.022615
Equity_RiskParity,2021-01-04,MRK,0.027333
Equity_RiskParity,2021-01-04,MS,0.013245
Equity_RiskParity,2021-01-04,NEE,0.019715
Equity_RiskParity,2021-01-04,NEM,0.039263
Equity_RiskParity,2021-01-04,NKE,0.020723
Equity_RiskParity,2021-01-04,NUE,0.01645
Equity_RiskParity,2021-01-04,NVDA,0.015237
Equity_RiskParity,2021-01-04,O,0.015726
Equity_RiskParity,2021-01-04,OXY,0.009791
Equity_RiskParity,2021-01-04,PLD,0.01707
Equity_RiskParity,2021-01-04,PSA,0.026038
Equity_RiskParity,2021-01-04,QCOM,0.017208
Equity_RiskParity,2021-01-04,SBUX,0.017236
Equity_RiskParity,2021-01-04,SHW,0.020058
Equity_RiskParity,2021-01-04,SLB,0.012273
Equity_RiskParity,2021-01-04,SO,0.017795
Equity_RiskParity,2021-01-04,T,0.021916
Equity_RiskParity,2021-01-04,TMUS,0.022821
Equity_RiskParity,2021-01-04,TTWO,0.031712
Equity_RiskParity,2021-01-04,UPS,0.023965
Equity_RiskParity,2021-01-04,USB,0.014245
Equity_RiskParity,2021-01-04,V,0.01736
Equity_RiskParity,2021-01-04,WFC,0.013406
Equity_RiskParity,2021-01-04,WMT,0.036401
Equity_RiskParity,2021-01-04,XOM,0.016484
Equity_RiskParity,2021-02-01,ABBV,0.02676
Equity_RiskParity,2021-02-01,ABT,0.022545
Equity_RiskParity,2021-02-01,ADBE,0.019178
Equity_RiskParity,2021-02-01,AEP,0.024333
Equity_RiskParity,2021-02-01,AMD,0.017374
Equity_RiskParity,2021-02-01,AMGN,0.023783
Equity_RiskParity,2021-02-01,AMT,0.018886
Equity_RiskParity,2021-02-01,BA,0.010982
Equity_RiskParity,2021-02-01,CAT,0.018584
Equity_RiskParity,2021-02-01,CCI,0.019972
Equity_RiskParity,2021-02-01,CMCSA,0.020819
Equity_RiskParity,2021-02-01,COP,0.012478
Equity_RiskParity,2021-02-01,CVX,0.013541
Equity_RiskParity,2021-02-01,D,0.019606
Equity_RiskParity,2021-02-01,DD,0.015941
Equity_RiskParity,2021-02-01,DIS,0.018224
Equity_RiskParity,2021-02-01,DOW,0.013629
Equity_RiskParity,2021-02-01,DUK,0.019544
Equity_RiskParity,2021-02-01,EA,0.033039
Equity_RiskParity,2021-02-01,GE,0.014842
Equity_RiskParity,2021-02-01,GILD,0.036236
Equity_RiskParity,2021-02-01,GS,0.015055
Equity_RiskParity,2021-02-01,INTC,0.016672
Equity_RiskParity,2021-02-01,KO,0.02274
Equity_RiskParity,2021-02-01,MMM,0.02312
Equity_RiskParity,2021-02-01,MRK,0.02722
Equity_RiskParity,2021-02-01,MS,0.013281
Equity_RiskParity,2021-02-01,NEE,0.019255
Equity_RiskParity,2021-02-01,NEM,0.038601
Equity_RiskParity,2021-02-01,NKE,0.020664
Equity_RiskParity,2021-02-01,NUE,0.01647
Equity_RiskParity,2021-02-01,NVDA,0.01536
Equity_RiskParity,2021-02-01,O,0.01579
Equity_RiskParity,2021-02-01,OXY,0.009778
Equity_RiskParity,2021-02-01,PLD,0.017149
Equity_RiskParity,2021-02-01,PSA,0.026159
Equity_RiskParity,2021-02-01,QCOM,0.017163
Equity_RiskParity,2021-02-01,SBUX,0.017184
Equity_RiskParity,2021-02-01,SHW,0.020195
Equity_RiskParity,2021-02-01,SLB,0.012227
Equity_RiskParity,2021-02-01,SO,0.017771
Equity_RiskParity,2021-02-01,T,0.022144
Equity_RiskParity,2021-02-01,TMUS,0.022568
Equity_RiskParity,2021-02-01,TTWO,0.031514
Equity_RiskParity,2021-02-01,UPS,0.023983
Equity_RiskParity,2021-02-01,USB,0.014219
Equity_RiskParity,2021-02-01,V,0.017398
Equity_RiskParity,2021-02-01,WFC,0.013277
Equity_RiskParity,2021-02-01,WMT,0.03629
Equity_RiskParity,2021-02-01,XOM,0.016454
Equity_RiskParity,2021-03-01,ABBV,0.027059
Equity_RiskParity,2021-03-01,ABT,0.022783
Equity_RiskParity,2021-03-01,ADBE,0.019074
Equity_RiskParity,2021-03-01,AEP,0.024404
Equity_RiskParity,2021-03-01,AMD,0.017759
Equity_RiskParity,2021-03-01,AMGN,0.024339
Equity_RiskParity,2021-03-01,AMT,0.018594
Equity_RiskParity,2021-03-01,BA,0.010845
Equity_RiskParity,2021-03-01,CAT,0.018645
Equity_RiskParity,2021-03-01,CCI,0.020262
Equity_RiskParity,2021-03-01,CMCSA,0.020824
Equity_RiskParity,2021-03-01,COP,0.012451
Equity_RiskParity,2021-03-01,CVX,0.013488
Equity_RiskParity,2021-03-01,D,0.019448
Equity_RiskParity,2021-03-01,DD,0.016054
Equity_RiskParity,2021-03-01,DIS,0.0181
Equity_RiskParity,2021-03-01,DOW,0.01373
Equity_RiskParity,2021-03-01,DUK,0.019404
Equity_RiskParity,2021-03-01,EA,0.033313
Equity_RiskParity,2021-03-01,GE,0.01479
Equity_RiskParity,2021-03-01,GILD,0.035205
Equity_RiskParity,2021-03-01,GS,0.014918
Equity_RiskParity,2021-03-01,INTC,0.016784
Equity_RiskParity,2021-03-01,KO,0.022616
Equity_RiskParity,2021-03-01,MMM,0.022939
Equity_RiskParity,2021-03-01,MRK,0.026923
Equity_RiskParity,2021-03-01,MS,0.013183
Equity_RiskParity,2021-03-01,NEE,0.019104
Equity_RiskParity,2021-03-01,NEM,0.038353
Equity_RiskParity,2021-03-01,NKE,0.020843
Equity_RiskParity,2021-03-01,NUE,0.01644
Equity_RiskParity,2021-03-01,NVDA,0.01553
Equity_RiskParity,2021-03-01,O,0.015741
Equity_RiskParity,2021-03-01,OXY,0.009725
Equity_RiskParity,2021-03-01,PLD,0.017242
Equity_RiskParity,2021-03-01,PSA,0.026397
Equity_RiskParity,2021-03-01,QCOM,0.017363
Equity_RiskParity,2021-03-01,SBUX,0.017082
Equity_RiskParity,2021-03-01,SHW,0.020286
Equity_RiskParity,2021-03-01,SLB,0.012204
Equity_RiskParity,2021-03-01,SO,0.017593
Equity_RiskParity,2021-03-01,T,0.021834
Equity_RiskParity,2021-03-01,TMUS,0.022729
Equity_RiskParity,2021-03-01,TTWO,0.031493
Equity_RiskParity,2021-03-01,UPS,0.024619
Equity_RiskParity,2021-03-01,USB,0.014076
Equity_RiskParity,2021-03-01,V,0.017486
Equity_RiskParity,2021-03-01,WFC,0.013053
Equity_RiskParity,2021-03-01,WMT,0.036344
Equity_RiskParity,2021-03-01,XOM,0.016528
Equity_RiskParity,2021-04-01,ABBV,0.028502
Equity_RiskParity,2021-04-01,ABT,0.025982
Equity_RiskParity,2021-04-01,ADBE,0.01985
Equity_RiskParity,2021-04-01,AEP,0.022887
Equity_RiskParity,2021-04-01,AMD,0.016624
Equity_RiskParity,2021-04-01,AMGN,0.026859
Equity_RiskParity,2021-04-01,AMT,0.01967
Equity_RiskParity,2021-04-01,BA,0.009428
Equity_RiskParity,2021-04-01,CAT,0.016056
Equity_RiskParity,2021-04-01,CCI,0.021651
Equity_RiskParity,2021-04-01,CMCSA,0.018312
Equity_RiskParity,2021-04-01,COP,0.011699
Equity_RiskParity,2021-04-01,CVX,0.013244
Equity_RiskParity,2021-04-01,D,0.02634
Equity_RiskParity,2021-04-01,DD,0.01472
Equity_RiskParity,2021-04-01,DIS,0.017511
Equity_RiskParity,2021-04-01,DOW,0.011874
Equity_RiskParity,2021-04-01,DUK,0.022977
Equity_RiskParity,2021-04-01,EA,0.037952
Equity_RiskParity,2021-04-01,GE,0.014107
Equity_RiskParity,2021-04-01,GILD,0.028835
Equity_RiskParity,2021-04-01,GS,0.015456
Equity_RiskParity,2021-04-01,INTC,0.018138
Equity_RiskParity,2021-04-01,KO,0.019491
Equity_RiskParity,2021-04-01,MMM,0.022911
Equity_RiskParity,2021-04-01,MRK,0.026193
Equity_RiskParity,2021-04-01,MS,0.013537
Equity_RiskParity,2021-04-01,NEE,0.019761
Equity_RiskParity,2021-04-01,NEM,0.030601
Equity_RiskParity,2021-04-01,NKE,0.020685
Equity_RiskParity,2021-04-01,NUE,0.015341
Equity_RiskParity,2021-04-01,NVDA,0.015061
Equity_RiskParity,2021-04-01,O,0.016112
Equity_RiskParity,2021-04-01,OXY,0.007606
Equity_RiskParity,2021-04-01,PLD,0.01673
Equity_RiskParity,2021-04-01,PSA,0.030922
Equity_RiskParity,2021-04-01,QCOM,0.016126
Equity_RiskParity,2021-04-01,SBUX,0.016824
Equity_RiskParity,2021-04-01,SHW,0.019985
Equity_RiskParity,2021-04-01,SLB,0.010002
Equity_RiskParity,2021-04-01,SO,0.018534
Equity_RiskParity,2021-04-01,T,0.022332
Equity_RiskParity,2021-04-01,TMUS,0.023569
Equity_RiskParity,2021-04-01,TTWO,0.038473
Equity_RiskParity,2021-04-01,UPS,0.020307
Equity_RiskParity,2021-04-01,USB,0.012464
Equity_RiskParity,2021-04-01,V,0.016099
Equity_RiskParity,2021-04-01,WFC,0.012322
Equity_RiskParity,2021-04-01,WMT,0.045568
Equity_RiskParity,2021-04-01,XOM,0.01377
Equity_RiskParity,2021-05-03,ABBV,0.029854
Equity_RiskParity,2021-05-03,ABT,0.023901
Equity_RiskParity,2021-05-03,ADBE,0.020911
Equity_RiskParity,2021-05-03,AEP,0.029055
Equity_RiskParity,2021-05-03,AMD,0.015796
Equity_RiskParity,2021-05-03,AMGN,0.025944
Equity_RiskParity,2021-05-03,AMT,0.021514
Equity_RiskParity,2021-05-03,BA,0.008455
Equity_RiskParity,2021-05-03,CAT,0.015127
Equity_RiskParity,2021-05-03,CCI,0.022239
Equity_RiskParity,2021-05-03,CMCSA,0.018303
Equity_RiskParity,2021-05-03,COP,0.010655
Equity_RiskParity,2021-05-03,CVX,0.012937
Equity_RiskParity,2021-05-03,D,0.032879
Equity_RiskParity,2021-05-03,DD,0.014173
Equity_RiskParity,2021-05-03,DIS,0.016003
Equity_RiskParity,2021-05-03,DOW,0.011447
Equity_RiskParity,2021-05-03,DUK,0.027701
Equity_RiskParity,2021-05-03,EA,0.032847
Equity_RiskParity,2021-05-03,GE,0.012508
Equity_RiskParity,2021-05-03,GILD,0.030025
Equity_RiskParity,2021-05-03,GS,0.014728
Equity_RiskParity,2021-05-03,INTC,0.017449
Equity_RiskParity,2021-05-03,KO,0.019973
Equity_RiskParity,2021-05-03,MMM,0.021887
Equity_RiskParity,2021-05-03,MRK,0.03007
Equity_RiskParity,2021-05-03,MS,0.01358
Equity_RiskParity,2021-05-03,NEE,0.021877
Equity_RiskParity,2021-05-03,NEM,0.029428
Equity_RiskParity,2021-05-03,NKE,0.020704
Equity_RiskParity,2021-05-03,NUE,0.013092
Equity_RiskParity,2021-05-03,NVDA,0.015203
Equity_RiskParity,2021-05-03,O,0.017134
Equity_RiskParity,2021-05-03,OXY,0.006704
Equity_RiskParity,2021-05-03,PLD,0.017971
Equity_RiskParity,2021-05-03,PSA,0.028617
Equity_RiskParity,2021-05-03,QCOM,0.014058
Equity_RiskParity,2021-05-03,SBUX,0.016942
Equity_RiskParity,2021-05-03,SHW,0.024522
Equity_RiskParity,2021-05-03,SLB,0.008935
Equity_RiskParity,2021-05-03,SO,0.022537
Equity_RiskParity,2021-05-03,T,0.024648
Equity_RiskParity,2021-05-03,TMUS,0.018933
Equity_RiskParity,2021-05-03,TTWO,0.031928
Equity_RiskParity,2021-05-03,UPS,0.019018
Equity_RiskParity,2021-05-03,USB,0.012696
Equity_RiskParity,2021-05-03,V,0.017373
Equity_RiskParity,2021-05-03,WFC,0.011693
Equity_RiskParity,2021-05-03,WMT,0.043946
Equity_RiskParity,2021-05-03,XOM,0.012082
Equity_RiskParity,2021-06-01,ABBV,0.02484
Equity_RiskParity,2021-06-01,ABT,0.024133
Equity_RiskParity,2021-06-01,ADBE,0.019393
Equity_RiskParity,2021-06-01,AEP,0.031198
Equity_RiskParity,2021-06-01,AMD,0.015801
Equity_RiskParity,2021-06-01,AMGN,0.023645
Equity_RiskParity,2021-06-01,AMT,0.021769
Equity_RiskParity,2021-06-01,BA,0.008374
Equity_RiskParity,2021-06-01,CAT,0.016142
Equity_RiskParity,2021-06-01,CCI,0.023867
Equity_RiskParity,2021-06-01,CMCSA,0.018406
Equity_RiskParity,2021-06-01,COP,0.010519
Equity_RiskParity,2021-06-01,CVX,0.012919
Equity_RiskParity,2021-06-01,D,0.031961
Equity_RiskParity,2021-06-01,DD,0.014144
Equity_RiskParity,2021-06-01,DIS,0.01702
Equity_RiskParity,2021-06-01,DOW,0.012336
Equity_RiskParity,2021-06-01,DUK,0.028655
Equity_RiskParity,2021-06-01,EA,0.031148
Equity_RiskParity,2021-06-01,GE,0.0136
Equity_RiskParity,2021-06-01,GILD,0.031273
Equity_RiskParity,2021-06-01,GS,0.015259
Equity_RiskParity,2021-06-01,INTC,0.017131
Equity_RiskParity,2021-06-01,KO,0.019999
Equity_RiskParity,2021-06-01,MMM,0.024013
Equity_RiskParity,2021-06-01,MRK,0.028678
Equity_RiskParity,2021-06-01,MS,0.014713
Equity_RiskParity,2021-06-01,NEE,0.02189
Equity_RiskParity,2021-06-01,NEM,0.02416
Equity_RiskParity,2021-06-01,NKE,0.020497
Equity_RiskParity,2021-06-01,NUE,0.012498
Equity_RiskParity,2021-06-01,NVDA,0.014401
Equity_RiskParity,2021-06-01,O,0.017728
Equity_RiskParity,2021-06-01,OXY,0.006789
Equity_RiskParity,2021-06-01,PLD,0.019049
Equity_RiskParity,2021-06-01,PSA,0.033146
Equity_RiskParity,2021-06-01,QCOM,0.014065
Equity_RiskParity,2021-06-01,SBUX,0.016376
Equity_RiskParity,2021-06-01,SHW,0.023369
Equity_RiskParity,2021-06-01,SLB,0.009692
Equity_RiskParity,2021-06-01,SO,0.024323
Equity_RiskParity,2021-06-01,T,0.026498
Equity_RiskParity,2021-06-01,TMUS,0.02072
Equity_RiskParity,2021-06-01,TTWO,0.030051
Equity_RiskParity,2021-06-01,UPS,0.018941
Equity_RiskParity,2021-06-01,USB,0.013661
Equity_RiskParity,2021-06-01,V,0.017001
Equity_RiskParity,2021-06-01,WFC,0.012512
Equity_RiskParity,2021-06-01,WMT,0.039147
Equity_RiskParity,2021-06-01,XOM,0.012551
Equity_RiskParity,2021-07-01,ABBV,0.023757
Equity_RiskParity,2021-07-01,ABT,0.025957
Equity_RiskParity,2021-07-01,ADBE,0.019887
Equity_RiskParity,2021-07-01,AEP,0.031261
Equity_RiskParity,2021-07-01,AMD,0.016275
Equity_RiskParity,2021-07-01,AMGN,0.021286
Equity_RiskParity,2021-07-01,AMT,0.023804
Equity_RiskParity,2021-07-01,BA,0.01009
Equity_RiskParity,2021-07-01,CAT,0.017342
Equity_RiskParity,2021-07-01,CCI,0.027473
Equity_RiskParity,2021-07-01,CMCSA,0.016921
Equity_RiskParity,2021-07-01,COP,0.010394
Equity_RiskParity,2021-07-01,CVX,0.012791
Equity_RiskParity,2021-07-01,D,0.029071
Equity_RiskParity,2021-07-01,DD,0.013825
Equity_RiskParity,2021-07-01,DIS,0.017674
Equity_RiskParity,2021-07-01,DOW,0.012741
Equity_RiskParity,2021-07-01,DUK,0.027253
Equity_RiskParity,2021-07-01,EA,0.025636
Equity_RiskParity,2021-07-01,GE,0.014924
Equity_RiskParity,2021-07-01,GILD,0.027945
Equity_RiskParity,2021-07-01,GS,0.017047
Equity_RiskParity,2021-07-01,INTC,0.015695
Equity_RiskParity,2021-07-01,KO,0.020607
Equity_RiskParity,2021-07-01,MMM,0.026252
Equity_RiskParity,2021-07-01,MRK,0.030976
Equity_RiskParity,2021-07-01,MS,0.014503
Equity_RiskParity,2021-07-01,NEE,0.019911
Equity_RiskParity,2021-07-01,NEM,0.019579
Equity_RiskParity,2021-07-01,NKE,0.023167
Equity_RiskParity,2021-07-01,NUE,0.012289
Equity_RiskParity,2021-07-01,NVDA,0.013806
Equity_RiskParity,2021-07-01,O,0.019227
Equity_RiskParity,2021-07-01,OXY,0.008369
Equity_RiskParity,2021-07-01,PLD,0.020022
Equity_RiskParity,2021-07-01,PSA,0.037246
Equity_RiskParity,2021-07-01,QCOM,0.013905
Equity_RiskParity,2021-07-01,SBUX,0.018143
Equity_RiskParity,2021-07-01,SHW,0.024356
Equity_RiskParity,2021-07-01,SLB,0.010164
Equity_RiskParity,2021-07-01,SO,0.02359
Equity_RiskParity,2021-07-01,T,0.031598
Equity_RiskParity,2021-07-01,TMUS,0.019877
Equity_RiskParity,2021-07-01,TTWO,0.025729
Equity_RiskParity,2021-07-01,UPS,0.019981
Equity_RiskParity,2021-07-01,USB,0.014601
Equity_RiskParity,2021-07-01,V,0.016138
Equity_RiskParity,2021-07-01,WFC,0.013438
Equity_RiskParity,2021-07-01,WMT,0.030364
Equity_RiskParity,2021-07-01,XOM,0.013114
Equity_RiskParity,2021-08-02,ABBV,0.022905
Equity_RiskParity,2021-08-02,ABT,0.027052
Equity_RiskParity,2021-08-02,ADBE,0.019987
Equity_RiskParity,2021-08-02,AEP,0.030831
Equity_RiskParity,2021-08-02,AMD,0.016027
Equity_RiskParity,2021-08-02,AMGN,0.021336
Equity_RiskParity,2021-08-02,AMT,0.024439
Equity_RiskParity,2021-08-02,BA,0.010087
Equity_RiskParity,2021-08-02,CAT,0.017254
Equity_RiskParity,2021-08-02,CCI,0.028717
Equity_RiskParity,2021-08-02,CMCSA,0.017117
Equity_RiskParity,2021-08-02,COP,0.010516
Equity_RiskParity,2021-08-02,CVX,0.013061
Equity_RiskParity,2021-08-02,D,0.028343
Equity_RiskParity,2021-08-02,DD,0.013488
Equity_RiskParity,2021-08-02,DIS,0.017054
Equity_RiskParity,2021-08-02,DOW,0.012911
Equity_RiskParity,2021-08-02,DUK,0.027696
Equity_RiskParity,2021-08-02,EA,0.025603
Equity_RiskParity,2021-08-02,GE,0.014463
Equity_RiskParity,2021-08-02,GILD,0.027252
Equity_RiskParity,2021-08-02,GS,0.016798
Equity_RiskParity,2021-08-02,INTC,0.015849
Equity_RiskParity,2021-08-02,KO,0.021352
Equity_RiskParity,2021-08-02,MMM,0.026464
Equity_RiskParity,2021-08-02,MRK,0.031833
Equity_RiskParity,2021-08-02,MS,0.014193
Equity_RiskParity,2021-08-02,NEE,0.020572
Equity_RiskParity,2021-08-02,NEM,0.019534
Equity_RiskParity,2021-08-02,NKE,0.023616
Equity_RiskParity,2021-08-02,NUE,0.011976
Equity_RiskParity,2021-08-02,NVDA,0.013739
Equity_RiskParity,2021-08-02,O,0.019864
Equity_RiskParity,2021-08-02,OXY,0.008502
Equity_RiskParity,2021-08-02,PLD,0.02
Equity_RiskParity,2021-08-02,PSA,0.036573
Equity_RiskParity,2021-08-02,QCOM,0.012954
Equity_RiskParity,2021-08-02,SBUX,0.018353
Equity_RiskParity,2021-08-02,SHW,0.025808
Equity_RiskParity,2021-08-02,SLB,0.010185
Equity_RiskParity,2021-08-02,SO,0.024086
Equity_RiskParity,2021-08-02,T,0.030988
Equity_RiskParity,2021-08-02,TMUS,0.019749
Equity_RiskParity,2021-08-02,TTWO,0.02636
Equity_RiskParity,2021-08-02,UPS,0.01942
Equity_RiskParity,2021-08-02,USB,0.014002
Equity_RiskParity,2021-08-02,V,0.01618
Equity_RiskParity,2021-08-02,WFC,0.012983
Equity_RiskParity,2021-08-02,WMT,0.028785
Equity_RiskParity,2021-08-02,XOM,0.013144
Equity_RiskParity,2021-09-01,ABBV,0.022072
Equity_RiskParity,2021-09-01,ABT,0.027152
Equity_RiskParity,2021-09-01,ADBE,0.018923
Equity_RiskParity,2021-09-01,AEP,0.031889
Equity_RiskParity,2021-09-01,AMD,0.0169
Equity_RiskParity,2021-09-01,AMGN,0.019874
Equity_RiskParity,2021-09-01,AMT,0.025159
Equity_RiskParity,2021-09-01,BA,0.009847
Equity_RiskParity,2021-09-01,CAT,0.016588
Equity_RiskParity,2021-09-01,CCI,0.030044
Equity_RiskParity,2021-09-01,CMCSA,0.016733
Equity_RiskParity,2021-09-01,COP,0.010527
Equity_RiskParity,2021-09-01,CVX,0.012948
Equity_RiskParity,2021-09-01,D,0.028797
Equity_RiskParity,2021-09-01,DD,0.013705
Equity_RiskParity,2021-09-01,DIS,0.016869
Equity_RiskParity,2021-09-01,DOW,0.012989
Equity_RiskParity,2021-09-01,DUK,0.027997
Equity_RiskParity,2021-09-01,EA,0.026173
Equity_RiskParity,2021-09-01,GE,0.014666
Equity_RiskParity,2021-09-01,GILD,0.026615
Equity_RiskParity,2021-09-01,GS,0.016396
Equity_RiskParity,2021-09-01,INTC,0.015808
Equity_RiskParity,2021-09-01,KO,0.021594
Equity_RiskParity,2021-09-01,MMM,0.025699
Equity_RiskParity,2021-09-01,MRK,0.03044
Equity_RiskParity,2021-09-01,MS,0.013737
Equity_RiskParity,2021-09-01,NEE,0.021298
Equity_RiskParity,2021-09-01,NEM,0.019376
Equity_RiskParity,2021-09-01,NKE,0.022587
Equity_RiskParity,2021-09-01,NUE,0.01183
Equity_RiskParity,2021-09-01,NVDA,0.013744
Equity_RiskParity,2021-09-01,O,0.020697
Equity_RiskParity,2021-09-01,OXY,0.008434
Equity_RiskParity,2021-09-01,PLD,0.020123
Equity_RiskParity,2021-09-01,PSA,0.038302
Equity_RiskParity,2021-09-01,QCOM,0.012778
Equity_RiskParity,2021-09-01,SBUX,0.017987
Equity_RiskParity,2021-09-01,SHW,0.025445
Equity_RiskParity,2021-09-01,SLB,0.010153
Equity_RiskParity,2021-09-01,SO,0.02456
Equity_RiskParity,2021-09-01,T,0.030293
Equity_RiskParity,2021-09-01,TMUS,0.020054
Equity_RiskParity,2021-09-01,TTWO,0.027507
Equity_RiskParity,2021-09-01,UPS,0.019858
Equity_RiskParity,2021-09-01,USB,0.013542
Equity_RiskParity,2021-09-01,V,0.015832
Equity_RiskParity,2021-09-01,WFC,0.012584
Equity_RiskParity,2021-09-01,WMT,0.029948
Equity_RiskParity,2021-09-01,XOM,0.012928
Equity_RiskParity,2021-10-01,ABBV,0.020864
Equity_RiskParity,2021-10-01,ABT,0.029285
Equity_RiskParity,2021-10-01,ADBE,0.020075
Equity_RiskParity,2021-10-01,AEP,0.029954
Equity_RiskParity,2021-10-01,AMD,0.017157
Equity_RiskParity,2021-10-01,AMGN,0.020786
Equity_RiskParity,2021-10-01,AMT,0.026746
Equity_RiskParity,2021-10-01,BA,0.00995
Equity_RiskParity,2021-10-01,CAT,0.015288
Equity_RiskParity,2021-10-01,CCI,0.03456
Equity_RiskParity,2021-10-01,CMCSA,0.015213
Equity_RiskParity,2021-10-01,COP,0.010275
Equity_RiskParity,2021-10-01,CVX,0.012557
Equity_RiskParity,2021-10-01,D,0.027888
Equity_RiskParity,2021-10-01,DD,0.014184
Equity_RiskParity,2021-10-01,DIS,0.015314
Equity_RiskParity,2021-10-01,DOW,0.012634
Equity_RiskParity,2021-10-01,DUK,0.029053
Equity_RiskParity,2021-10-01,EA,0.03008
Equity_RiskParity,2021-10-01,GE,0.015263
Equity_RiskParity,2021-10-01,GILD,0.026072
Equity_RiskParity,2021-10-01,GS,0.015474
Equity_RiskParity,2021-10-01,INTC,0.015706
Equity_RiskParity,2021-10-01,KO,0.02188
Equity_RiskParity,2021-10-01,MMM,0.026019
Equity_RiskParity,2021-10-01,MRK,0.031694
Equity_RiskParity,2021-10-01,MS,0.013429
Equity_RiskParity,2021-10-01,NEE,0.020781
Equity_RiskParity,2021-10-01,NEM,0.020316
Equity_RiskParity,2021-10-01,NKE,0.018215
Equity_RiskParity,2021-10-01,NUE,0.011016
Equity_RiskParity,2021-10-01,NVDA,0.015573
Equity_RiskParity,2021-10-01,O,0.02021
Equity_RiskParity,2021-10-01,OXY,0.007985
Equity_RiskParity,2021-10-01,PLD,0.02181
Equity_RiskParity,2021-10-01,PSA,0.037757
Equity_RiskParity,2021-10-01,QCOM,0.012916
Equity_RiskParity,2021-10-01,SBUX,0.017802
Equity_RiskParity,2021-10-01,SHW,0.02611
Equity_RiskParity,2021-10-01,SLB,0.009844
Equity_RiskParity,2021-10-01,SO,0.022929
Equity_RiskParity,2021-10-01,T,0.028027
Equity_RiskParity,2021-10-01,TMUS,0.020206
Equity_RiskParity,2021-10-01,TTWO,0.027894
Equity_RiskParity,2021-10-01,UPS,0.019575
Equity_RiskParity,2021-10-01,USB,0.013659
Equity_RiskParity,2021-10-01,V,0.016074
Equity_RiskParity,2021-10-01,WFC,0.012124
Equity_RiskParity,2021-10-01,WMT,0.029982
Equity_RiskParity,2021-10-01,XOM,0.011797
Equity_RiskParity,2021-11-01,ABBV,0.022188
Equity_RiskParity,2021-11-01,ABT,0.03112
Equity_RiskParity,2021-11-01,ADBE,0.02133
Equity_RiskParity,2021-11-01,AEP,0.029448
Equity_RiskParity,2021-11-01,AMD,0.018291
Equity_RiskParity,2021-11-01,AMGN,0.020891
Equity_RiskParity,2021-11-01,AMT,0.02623
Equity_RiskParity,2021-11-01,BA,0.010684
Equity_RiskParity,2021-11-01,CAT,0.015456
Equity_RiskParity,2021-11-01,CCI,0.031591
Equity_RiskParity,2021-11-01,CMCSA,0.014972
Equity_RiskParity,2021-11-01,COP,0.011122
Equity_RiskParity,2021-11-01,CVX,0.012698
Equity_RiskParity,2021-11-01,D,0.026589
Equity_RiskParity,2021-11-01,DD,0.013642
Equity_RiskParity,2021-11-01,DIS,0.015117
Equity_RiskParity,2021-11-01,DOW,0.011856
Equity_RiskParity,2021-11-01,DUK,0.029194
Equity_RiskParity,2021-11-01,EA,0.030066
Equity_RiskParity,2021-11-01,GE,0.013879
Equity_RiskParity,2021-11-01,GILD,0.027533
Equity_RiskParity,2021-11-01,GS,0.01566
Equity_RiskParity,2021-11-01,INTC,0.015675
Equity_RiskParity,2021-11-01,KO,0.024019
Equity_RiskParity,2021-11-01,MMM,0.026237
Equity_RiskParity,2021-11-01,MRK,0.02855
Equity_RiskParity,2021-11-01,MS,0.013491
Equity_RiskParity,2021-11-01,NEE,0.019866
Equity_RiskParity,2021-11-01,NEM,0.021879
Equity_RiskParity,2021-11-01,NKE,0.018216
Equity_RiskParity,2021-11-01,NUE,0.010932
Equity_RiskParity,2021-11-01,NVDA,0.016014
Equity_RiskParity,2021-11-01,O,0.019825
Equity_RiskParity,2021-11-01,OXY,0.008273
Equity_RiskParity,2021-11-01,PLD,0.022162
Equity_RiskParity,2021-11-01,PSA,0.038047
Equity_RiskParity,2021-11-01,QCOM,0.012744
Equity_RiskParity,2021-11-01,SBUX,0.018068
Equity_RiskParity,2021-11-01,SHW,0.024226
Equity_RiskParity,2021-11-01,SLB,0.009585
Equity_RiskParity,2021-11-01,SO,0.022754
Equity_RiskParity,2021-11-01,T,0.027273
Equity_RiskParity,2021-11-01,TMUS,0.020659
Equity_RiskParity,2021-11-01,TTWO,0.026116
Equity_RiskParity,2021-11-01,UPS,0.021653
Equity_RiskParity,2021-11-01,USB,0.014145
Equity_RiskParity,2021-11-01,V,0.015749
Equity_RiskParity,2021-11-01,WFC,0.012708
Equity_RiskParity,2021-11-01,WMT,0.029602
Equity_RiskParity,2021-11-01,XOM,0.011979
Equity_RiskParity,2021-12-01,ABBV,0.022269
Equity_RiskParity,2021-12-01,ABT,0.031646
Equity_RiskParity,2021-12-01,ADBE,0.02016
Equity_RiskParity,2021-12-01,AEP,0.029471
Equity_RiskParity,2021-12-01,AMD,0.016002
Equity_RiskParity,2021-12-01,AMGN,0.0209
Equity_RiskParity,2021-12-01,AMT,0.024599
Equity_RiskParity,2021-12-01,BA,0.013067
Equity_RiskParity,2021-12-01,CAT,0.015097
Equity_RiskParity,2021-12-01,CCI,0.026556
Equity_RiskParity,2021-12-01,CMCSA,0.015675
Equity_RiskParity,2021-12-01,COP,0.012279
Equity_RiskParity,2021-12-01,CVX,0.015127
Equity_RiskParity,2021-12-01,D,0.026668
Equity_RiskParity,2021-12-01,DD,0.013455
Equity_RiskParity,2021-12-01,DIS,0.016898
Equity_RiskParity,2021-12-01,DOW,0.012615
Equity_RiskParity,2021-12-01,DUK,0.031919
Equity_RiskParity,2021-12-01,EA,0.029491
Equity_RiskParity,2021-12-01,GE,0.014114
Equity_RiskParity,2021-12-01,GILD,0.026742
Equity_RiskParity,2021-12-01,GS,0.01637
Equity_RiskParity,2021-12-01,INTC,0.01536
Equity_RiskParity,2021-12-01,KO,0.024725
Equity_RiskParity,2021-12-01,MMM,0.02645
Equity_RiskParity,2021-12-01,MRK,0.027745
Equity_RiskParity,2021-12-01,MS,0.01429
Equity_RiskParity,2021-12-01,NEE,0.019821
Equity_RiskParity,2021-12-01,NEM,0.021423
Equity_RiskParity,2021-12-01,NKE,0.018263
Equity_RiskParity,2021-12-01,NUE,0.011174
Equity_RiskParity,2021-12-01,NVDA,0.013887
Equity_RiskParity,2021-12-01,O,0.023268
Equity_RiskParity,2021-12-01,OXY,0.009246
Equity_RiskParity,2021-12-01,PLD,0.019821
Equity_RiskParity,2021-12-01,PSA,0.035176
Equity_RiskParity,2021-12-01,QCOM,0.013265
Equity_RiskParity,2021-12-01,SBUX,0.018509
Equity_RiskParity,2021-12-01,SHW,0.023432
Equity_RiskParity,2021-12-01,SLB,0.01003
Equity_RiskParity,2021-12-01,SO,0.024872
Equity_RiskParity,2021-12-01,T,0.026976
Equity_RiskParity,2021-12-01,TMUS,0.018134
Equity_RiskParity,2021-12-01,TTWO,0.023985
Equity_RiskParity,2021-12-01,UPS,0.021599
Equity_RiskParity,2021-12-01,USB,0.014808
Equity_RiskParity,2021-12-01,V,0.017107
Equity_RiskParity,2021-12-01,WFC,0.012889
Equity_RiskParity,2021-12-01,WMT,0.029391
Equity_RiskParity,2021-12-01,XOM,0.013232
Equity_RiskParity,2022-01-03,ABBV,0.023084
Equity_RiskParity,2022-01-03,ABT,0.03137
Equity_RiskParity,2022-01-03,ADBE,0.01852
Equity_RiskParity,2022-01-03,AEP,0.030082
Equity_RiskParity,2022-01-03,AMD,0.014989
Equity_RiskParity,2022-01-03,AMGN,0.021783
Equity_RiskParity,2022-01-03,AMT,0.024023
Equity_RiskParity,2022-01-03,BA,0.011868
Equity_RiskParity,2022-01-03,CAT,0.015178
Equity_RiskParity,2022-01-03,CCI,0.025574
Equity_RiskParity,2022-01-03,CMCSA,0.016195
Equity_RiskParity,2022-01-03,COP,0.012249
Equity_RiskParity,2022-01-03,CVX,0.015416
Equity_RiskParity,2022-01-03,D,0.026406
Equity_RiskParity,2022-01-03,DD,0.013644
Equity_RiskParity,2022-01-03,DIS,0.017317
Equity_RiskParity,2022-01-03,DOW,0.01277
Equity_RiskParity,2022-01-03,DUK,0.03257
Equity_RiskParity,2022-01-03,EA,0.028021
Equity_RiskParity,2022-01-03,GE,0.014135
Equity_RiskParity,2022-01-03,GILD,0.029302
Equity_RiskParity,2022-01-03,GS,0.015821
Equity_RiskParity,2022-01-03,INTC,0.015368
Equity_RiskParity,2022-01-03,KO,0.024935
Equity_RiskParity,2022-01-03,MMM,0.026469
Equity_RiskParity,2022-01-03,MRK,0.03087
Equity_RiskParity,2022-01-03,MS,0.014247
Equity_RiskParity,2022-01-03,NEE,0.020606
Equity_RiskParity,2022-01-03,NEM,0.02283
Equity_RiskParity,2022-01-03,NKE,0.018074
Equity_RiskParity,2022-01-03,NUE,0.012155
Equity_RiskParity,2022-01-03,NVDA,0.012888
Equity_RiskParity,2022-01-03,O,0.022526
Equity_RiskParity,2022-01-03,OXY,0.009708
Equity_RiskParity,2022-01-03,PLD,0.020584
Equity_RiskParity,2022-01-03,PSA,0.033002
Equity_RiskParity,2022-01-03,QCOM,0.013996
Equity_RiskParity,2022-01-03,SBUX,0.01754
Equity_RiskParity,2022-01-03,SHW,0.022283
Equity_RiskParity,2022-01-03,SLB,0.010495
Equity_RiskParity,2022-01-03,SO,0.026254
Equity_RiskParity,2022-01-03,T,0.026364
Equity_RiskParity,2022-01-03,TMUS,0.01753
Equity_RiskParity,2022-01-03,TTWO,0.023646
Equity_RiskParity,2022-01-03,UPS,0.019902
Equity_RiskParity,2022-01-03,USB,0.014596
Equity_RiskParity,2022-01-03,V,0.016301
Equity_RiskParity,2022-01-03,WFC,0.012662
Equity_RiskParity,2022-01-03,WMT,0.02994
Equity_RiskParity,2022-01-03,XOM,0.013915
Equity_RiskParity,2022-02-01,ABBV,0.027278
Equity_RiskParity,2022-02-01,ABT,0.027804
Equity_RiskParity,2022-02-01,ADBE,0.017694
Equity_RiskParity,2022-02-01,AEP,0.030394
Equity_RiskParity,2022-02-01,AMD,0.013076
Equity_RiskParity,2022-02-01,AMGN,0.022656
Equity_RiskParity,2022-02-01,AMT,0.021492
Equity_RiskParity,2022-02-01,BA,0.011731
Equity_RiskParity,2022-02-01,CAT,0.01652
Equity_RiskParity,2022-02-01,CCI,0.022328
Equity_RiskParity,2022-02-01,CMCSA,0.017306
Equity_RiskParity,2022-02-01,COP,0.0132
Equity_RiskParity,2022-02-01,CVX,0.017611
Equity_RiskParity,2022-02-01,D,0.025412
Equity_RiskParity,2022-02-01,DD,0.013955
Equity_RiskParity,2022-02-01,DIS,0.017064
Equity_RiskParity,2022-02-01,DOW,0.01383
Equity_RiskParity,2022-02-01,DUK,0.031991
Equity_RiskParity,2022-02-01,EA,0.028503
Equity_RiskParity,2022-02-01,GE,0.012925
Equity_RiskParity,2022-02-01,GILD,0.027385
Equity_RiskParity,2022-02-01,GS,0.014888
Equity_RiskParity,2022-02-01,INTC,0.016068
Equity_RiskParity,2022-02-01,KO,0.025498
Equity_RiskParity,2022-02-01,MMM,0.022539
Equity_RiskParity,2022-02-01,MRK,0.03676
Equity_RiskParity,2022-02-01,MS,0.015317
Equity_RiskParity,2022-02-01,NEE,0.02307
Equity_RiskParity,2022-02-01,NEM,0.02378
Equity_RiskParity,2022-02-01,NKE,0.018423
Equity_RiskParity,2022-02-01,NUE,0.011431
Equity_RiskParity,2022-02-01,NVDA,0.011418
Equity_RiskParity,2022-02-01,O,0.022026
Equity_RiskParity,2022-02-01,OXY,0.00962
Equity_RiskParity,2022-02-01,PLD,0.020994
Equity_RiskParity,2022-02-01,PSA,0.031728
Equity_RiskParity,2022-02-01,QCOM,0.013847
Equity_RiskParity,2022-02-01,SBUX,0.019242
Equity_RiskParity,2022-02-01,SHW,0.021991
Equity_RiskParity,2022-02-01,SLB,0.011186
Equity_RiskParity,2022-02-01,SO,0.0298
Equity_RiskParity,2022-02-01,T,0.021774
Equity_RiskParity,2022-02-01,TMUS,0.018797
Equity_RiskParity,2022-02-01,TTWO,0.023129
Equity_RiskParity,2022-02-01,UPS,0.019194
Equity_RiskParity,2022-02-01,USB,0.014784
Equity_RiskParity,2022-02-01,V,0.015313
Equity_RiskParity,2022-02-01,WFC,0.013847
Equity_RiskParity,2022-02-01,WMT,0.028867
Equity_RiskParity,2022-02-01,XOM,0.014517
Equity_RiskParity,2022-03-01,ABBV,0.028091
Equity_RiskParity,2022-03-01,ABT,0.025292
Equity_RiskParity,2022-03-01,ADBE,0.017098
Equity_RiskParity,2022-03-01,AEP,0.029996
Equity_RiskParity,2022-03-01,AMD,0.011642
Equity_RiskParity,2022-03-01,AMGN,0.02128
Equity_RiskParity,2022-03-01,AMT,0.020971
Equity_RiskParity,2022-03-01,BA,0.012841
Equity_RiskParity,2022-03-01,CAT,0.01645
Equity_RiskParity,2022-03-01,CCI,0.020755
Equity_RiskParity,2022-03-01,CMCSA,0.016997
Equity_RiskParity,2022-03-01,COP,0.013666
Equity_RiskParity,2022-03-01,CVX,0.018188
Equity_RiskParity,2022-03-01,D,0.026245
Equity_RiskParity,2022-03-01,DD,0.013677
Equity_RiskParity,2022-03-01,DIS,0.019866
Equity_RiskParity,2022-03-01,DOW,0.014544
Equity_RiskParity,2022-03-01,DUK,0.029318
Equity_RiskParity,2022-03-01,EA,0.028896
Equity_RiskParity,2022-03-01,GE,0.013251
Equity_RiskParity,2022-03-01,GILD,0.031913
Equity_RiskParity,2022-03-01,GS,0.015435
Equity_RiskParity,2022-03-01,INTC,0.016125
Equity_RiskParity,2022-03-01,KO,0.028176
Equity_RiskParity,2022-03-01,MMM,0.019806
Equity_RiskParity,2022-03-01,MRK,0.033612
Equity_RiskParity,2022-03-01,MS,0.015289
Equity_RiskParity,2022-03-01,NEE,0.022985
Equity_RiskParity,2022-03-01,NEM,0.027432
Equity_RiskParity,2022-03-01,NKE,0.01831
Equity_RiskParity,2022-03-01,NUE,0.010847
Equity_RiskParity,2022-03-01,NVDA,0.010447
Equity_RiskParity,2022-03-01,O,0.02112
Equity_RiskParity,2022-03-01,OXY,0.011687
Equity_RiskParity,2022-03-01,PLD,0.019217
Equity_RiskParity,2022-03-01,PSA,0.028179
Equity_RiskParity,2022-03-01,QCOM,0.012311
Equity_RiskParity,2022-03-01,SBUX,0.017908
Equity_RiskParity,2022-03-01,SHW,0.020007
Equity_RiskParity,2022-03-01,SLB,0.011937
Equity_RiskParity,2022-03-01,SO,0.029364
Equity_RiskParity,2022-03-01,T,0.022003
Equity_RiskParity,2022-03-01,TMUS,0.019418
Equity_RiskParity,2022-03-01,TTWO,0.025478
Equity_RiskParity,2022-03-01,UPS,0.017972
Equity_RiskParity,2022-03-01,USB,0.015361
Equity_RiskParity,2022-03-01,V,0.015695
Equity_RiskParity,2022-03-01,WFC,0.014301
Equity_RiskParity,2022-03-01,WMT,0.032596
Equity_RiskParity,2022-03-01,XOM,0.016002
Equity_RiskParity,2022-04-01,ABBV,0.029378
Equity_RiskParity,2022-04-01,ABT,0.023236
Equity_RiskParity,2022-04-01,ADBE,0.01583
Equity_RiskParity,2022-04-01,AEP,0.030028
Equity_RiskParity,2022-04-01,AMD,0.011092
Equity_RiskParity,2022-04-01,AMGN,0.022699
Equity_RiskParity,2022-04-01,AMT,0.021579
Equity_RiskParity,2022-04-01,BA,0.012073
Equity_RiskParity,2022-04-01,CAT,0.018133
Equity_RiskParity,2022-04-01,CCI,0.021796
Equity_RiskParity,2022-04-01,CMCSA,0.017135
Equity_RiskParity,2022-04-01,COP,0.014709
Equity_RiskParity,2022-04-01,CVX,0.021467
Equity_RiskParity,2022-04-01,D,0.026595
Equity_RiskParity,2022-04-01,DD,0.012357
Equity_RiskParity,2022-04-01,DIS,0.017777
Equity_RiskParity,2022-04-01,DOW,0.013918
Equity_RiskParity,2022-04-01,DUK,0.030361
Equity_RiskParity,2022-04-01,EA,0.028025
Equity_RiskParity,2022-04-01,GE,0.012483
Equity_RiskParity,2022-04-01,GILD,0.031775
Equity_RiskParity,2022-04-01,GS,0.013719
Equity_RiskParity,2022-04-01,INTC,0.016359
Equity_RiskParity,2022-04-01,KO,0.027521
Equity_RiskParity,2022-04-01,MMM,0.018438
Equity_RiskParity,2022-04-01,MRK,0.035348
Equity_RiskParity,2022-04-01,MS,0.013292
Equity_RiskParity,2022-04-01,NEE,0.025836
Equity_RiskParity,2022-04-01,NEM,0.034965
Equity_RiskParity,2022-04-01,NKE,0.016204
Equity_RiskParity,2022-04-01,NUE,0.010969
Equity_RiskParity,2022-04-01,NVDA,0.009876
Equity_RiskParity,2022-04-01,O,0.021103
Equity_RiskParity,2022-04-01,OXY,0.011114
Equity_RiskParity,2022-04-01,PLD,0.019245
Equity_RiskParity,2022-04-01,PSA,0.026454
Equity_RiskParity,2022-04-01,QCOM,0.011808
Equity_RiskParity,2022-04-01,SBUX,0.015517
Equity_RiskParity,2022-04-01,SHW,0.019794
Equity_RiskParity,2022-04-01,SLB,0.013471
Equity_RiskParity,2022-04-01,SO,0.030815
Equity_RiskParity,2022-04-01,T,0.020712
Equity_RiskParity,2022-04-01,TMUS,0.020695
Equity_RiskParity,2022-04-01,TTWO,0.023234
Equity_RiskParity,2022-04-01,UPS,0.016764
Equity_RiskParity,2022-04-01,USB,0.013775
Equity_RiskParity,2022-04-01,V,0.015559
Equity_RiskParity,2022-04-01,WFC,0.012608
Equity_RiskParity,2022-04-01,WMT,0.034118
Equity_RiskParity,2022-04-01,XOM,0.018241
Equity_RiskParity,2022-05-02,ABBV,0.027844
Equity_RiskParity,2022-05-02,ABT,0.022332
Equity_RiskParity,2022-05-02,ADBE,0.015944
Equity_RiskParity,2022-05-02,AEP,0.028176
Equity_RiskParity,2022-05-02,AMD,0.011262
Equity_RiskParity,2022-05-02,AMGN,0.025562
Equity_RiskParity,2022-05-02,AMT,0.021415
Equity_RiskParity,2022-05-02,BA,0.012491
Equity_RiskParity,2022-05-02,CAT,0.018471
Equity_RiskParity,2022-05-02,CCI,0.02193
Equity_RiskParity,2022-05-02,CMCSA,0.018366
Equity_RiskParity,2022-05-02,COP,0.014648
Equity_RiskParity,2022-05-02,CVX,0.020346
Equity_RiskParity,2022-05-02,D,0.027507
Equity_RiskParity,2022-05-02,DD,0.013287
Equity_RiskParity,2022-05-02,DIS,0.017559
Equity_RiskParity,2022-05-02,DOW,0.016481
Equity_RiskParity,2022-05-02,DUK,0.031113
Equity_RiskParity,2022-05-02,EA,0.029451
Equity_RiskParity,2022-05-02,GE,0.01239
Equity_RiskParity,2022-05-02,GILD,0.029692
Equity_RiskParity,2022-05-02,GS,0.013944
Equity_RiskParity,2022-05-02,INTC,0.015596
Equity_RiskParity,2022-05-02,KO,0.028196
Equity_RiskParity,2022-05-02,MMM,0.019482
Equity_RiskParity,2022-05-02,MRK,0.033659
Equity_RiskParity,2022-05-02,MS,0.013473
Equity_RiskParity,2022-05-02,NEE,0.024201
Equity_RiskParity,2022-05-02,NEM,0.033591
Equity_RiskParity,2022-05-02,NKE,0.015845
Equity_RiskParity,2022-05-02,NUE,0.011661
Equity_RiskParity,2022-05-02,NVDA,0.009742
Equity_RiskParity,2022-05-02,O,0.020954
Equity_RiskParity,2022-05-02,OXY,0.010978
Equity_RiskParity,2022-05-02,PLD,0.017498
Equity_RiskParity,2022-05-02,PSA,0.022632
Equity_RiskParity,2022-05-02,QCOM,0.011936
Equity_RiskParity,2022-05-02,SBUX,0.016339
Equity_RiskParity,2022-05-02,SHW,0.023813
Equity_RiskParity,2022-05-02,SLB,0.014706
Equity_RiskParity,2022-05-02,SO,0.029314
Equity_RiskParity,2022-05-02,T,0.022322
Equity_RiskParity,2022-05-02,TMUS,0.018816
Equity_RiskParity,2022-05-02,TTWO,0.022945
Equity_RiskParity,2022-05-02,UPS,0.016705
Equity_RiskParity,2022-05-02,USB,0.014844
Equity_RiskParity,2022-05-02,V,0.01556
Equity_RiskParity,2022-05-02,WFC,0.0134
Equity_RiskParity,2022-05-02,WMT,0.032983
Equity_RiskParity,2022-05-02,XOM,0.0186
Equity_RiskParity,2022-06-01,ABBV,0.031949
Equity_RiskParity,2022-06-01,ABT,0.020418
Equity_RiskParity,2022-06-01,ADBE,0.015043
Equity_RiskParity,2022-06-01,AEP,0.030018
Equity_RiskParity,2022-06-01,AMD,0.009653
Equity_RiskParity,2022-06-01,AMGN,0.029668
Equity_RiskParity,2022-06-01,AMT,0.020074
Equity_RiskParity,2022-06-01,BA,0.011686
Equity_RiskParity,2022-06-01,CAT,0.017245
Equity_RiskParity,2022-06-01,CCI,0.021619
Equity_RiskParity,2022-06-01,CMCSA,0.019414
Equity_RiskParity,2022-06-01,COP,0.013971
Equity_RiskParity,2022-06-01,CVX,0.019528
Equity_RiskParity,2022-06-01,D,0.029452
Equity_RiskParity,2022-06-01,DD,0.013602
Equity_RiskParity,2022-06-01,DIS,0.016463
Equity_RiskParity,2022-06-01,DOW,0.017239
Equity_RiskParity,2022-06-01,DUK,0.033652
Equity_RiskParity,2022-06-01,EA,0.02847
Equity_RiskParity,2022-06-01,GE,0.012644
Equity_RiskParity,2022-06-01,GILD,0.032662
Equity_RiskParity,2022-06-01,GS,0.014825
Equity_RiskParity,2022-06-01,INTC,0.015636
Equity_RiskParity,2022-06-01,KO,0.02493
Equity_RiskParity,2022-06-01,MMM,0.020755
Equity_RiskParity,2022-06-01,MRK,0.036082
Equity_RiskParity,2022-06-01,MS,0.01359
Equity_RiskParity,2022-06-01,NEE,0.022644
Equity_RiskParity,2022-06-01,NEM,0.03382
Equity_RiskParity,2022-06-01,NKE,0.015056
Equity_RiskParity,2022-06-01,NUE,0.011794
Equity_RiskParity,2022-06-01,NVDA,0.009287
Equity_RiskParity,2022-06-01,O,0.021512
Equity_RiskParity,2022-06-01,OXY,0.010713
Equity_RiskParity,2022-06-01,PLD,0.016134
Equity_RiskParity,2022-06-01,PSA,0.021024
Equity_RiskParity,2022-06-01,QCOM,0.012081
Equity_RiskParity,2022-06-01,SBUX,0.014292
Equity_RiskParity,2022-06-01,SHW,0.023453
Equity_RiskParity,2022-06-01,SLB,0.012472
Equity_RiskParity,2022-06-01,SO,0.031531
Equity_RiskParity,2022-06-01,T,0.022892
Equity_RiskParity,2022-06-01,TMUS,0.0183
Equity_RiskParity,2022-06-01,TTWO,0.018553
Equity_RiskParity,2022-06-01,UPS,0.017228
Equity_RiskParity,2022-06-01,USB,0.016323
Equity_RiskParity,2022-06-01,V,0.014998
Equity_RiskParity,2022-06-01,WFC,0.013423
Equity_RiskParity,2022-06-01,WMT,0.034514
Equity_RiskParity,2022-06-01,XOM,0.017667
Equity_RiskParity,2022-07-01,ABBV,0.030637
Equity_RiskParity,2022-07-01,ABT,0.019672
Equity_RiskParity,2022-07-01,ADBE,0.014177
Equity_RiskParity,2022-07-01,AEP,0.028823
Equity_RiskParity,2022-07-01,AMD,0.009084
Equity_RiskParity,2022-07-01,AMGN,0.031744
Equity_RiskParity,2022-07-01,AMT,0.019048
Equity_RiskParity,2022-07-01,BA,0.011601
Equity_RiskParity,2022-07-01,CAT,0.017013
Equity_RiskParity,2022-07-01,CCI,0.020062
Equity_RiskParity,2022-07-01,CMCSA,0.020387
Equity_RiskParity,2022-07-01,COP,0.014343
Equity_RiskParity,2022-07-01,CVX,0.019817
Equity_RiskParity,2022-07-01,D,0.029716
Equity_RiskParity,2022-07-01,DD,0.013528
Equity_RiskParity,2022-07-01,DIS,0.016708
Equity_RiskParity,2022-07-01,DOW,0.017171
Equity_RiskParity,2022-07-01,DUK,0.033168
Equity_RiskParity,2022-07-01,EA,0.027231
Equity_RiskParity,2022-07-01,GE,0.012929
Equity_RiskParity,2022-07-01,GILD,0.032938
Equity_RiskParity,2022-07-01,GS,0.015203
Equity_RiskParity,2022-07-01,INTC,0.015546
Equity_RiskParity,2022-07-01,KO,0.026983
Equity_RiskParity,2022-07-01,MMM,0.022068
Equity_RiskParity,2022-07-01,MRK,0.034354
Equity_RiskParity,2022-07-01,MS,0.014151
Equity_RiskParity,2022-07-01,NEE,0.021196
Equity_RiskParity,2022-07-01,NEM,0.035483
Equity_RiskParity,2022-07-01,NKE,0.014792
Equity_RiskParity,2022-07-01,NUE,0.011981
Equity_RiskParity,2022-07-01,NVDA,0.008825
Equity_RiskParity,2022-07-01,O,0.022268
Equity_RiskParity,2022-07-01,OXY,0.011223
Equity_RiskParity,2022-07-01,PLD,0.015141
Equity_RiskParity,2022-07-01,PSA,0.020871
Equity_RiskParity,2022-07-01,QCOM,0.012324
Equity_RiskParity,2022-07-01,SBUX,0.014383
Equity_RiskParity,2022-07-01,SHW,0.021447
Equity_RiskParity,2022-07-01,SLB,0.013336
Equity_RiskParity,2022-07-01,SO,0.03035
Equity_RiskParity,2022-07-01,T,0.022489
Equity_RiskParity,2022-07-01,TMUS,0.01837
Equity_RiskParity,2022-07-01,TTWO,0.018583
Equity_RiskParity,2022-07-01,UPS,0.018754
Equity_RiskParity,2022-07-01,USB,0.016596
Equity_RiskParity,2022-07-01,V,0.014781
Equity_RiskParity,2022-07-01,WFC,0.013689
Equity_RiskParity,2022-07-01,WMT,0.037371
Equity_RiskParity,2022-07-01,XOM,0.017641
Equity_RiskParity,2022-08-01,ABBV,0.032398
Equity_RiskParity,2022-08-01,ABT,0.018881
Equity_RiskParity,2022-08-01,ADBE,0.013748
Equity_RiskParity,2022-08-01,AEP,0.028725
Equity_RiskParity,2022-08-01,AMD,0.009007
Equity_RiskParity,2022-08-01,AMGN,0.031634
Equity_RiskParity,2022-08-01,AMT,0.018556
Equity_RiskParity,2022-08-01,BA,0.011828
Equity_RiskParity,2022-08-01,CAT,0.016474
Equity_RiskParity,2022-08-01,CCI,0.019589
Equity_RiskParity,2022-08-01,CMCSA,0.021347
Equity_RiskParity,2022-08-01,COP,0.014284
Equity_RiskParity,2022-08-01,CVX,0.019462
Equity_RiskParity,2022-08-01,D,0.029203
Equity_RiskParity,2022-08-01,DD,0.013792
Equity_RiskParity,2022-08-01,DIS,0.016555
Equity_RiskParity,2022-08-01,DOW,0.01757
Equity_RiskParity,2022-08-01,DUK,0.032643
Equity_RiskParity,2022-08-01,EA,0.027095
Equity_RiskParity,2022-08-01,GE,0.013321
Equity_RiskParity,2022-08-01,GILD,0.032712
Equity_RiskParity,2022-08-01,GS,0.015068
Equity_RiskParity,2022-08-01,INTC,0.015861
Equity_RiskParity,2022-08-01,KO,0.027019
Equity_RiskParity,2022-08-01,MMM,0.022709
Equity_RiskParity,2022-08-01,MRK,0.035065
Equity_RiskParity,2022-08-01,MS,0.01421
Equity_RiskParity,2022-08-01,NEE,0.02056
Equity_RiskParity,2022-08-01,NEM,0.036817
Equity_RiskParity,2022-08-01,NKE,0.014379
Equity_RiskParity,2022-08-01,NUE,0.01219
Equity_RiskParity,2022-08-01,NVDA,0.008758
Equity_RiskParity,2022-08-01,O,0.022305
Equity_RiskParity,2022-08-01,OXY,0.011371
Equity_RiskParity,2022-08-01,PLD,0.014662
Equity_RiskParity,2022-08-01,PSA,0.020467
Equity_RiskParity,2022-08-01,QCOM,0.012798
Equity_RiskParity,2022-08-01,SBUX,0.014465
Equity_RiskParity,2022-08-01,SHW,0.021867
Equity_RiskParity,2022-08-01,SLB,0.01365
Equity_RiskParity,2022-08-01,SO,0.029893
Equity_RiskParity,2022-08-01,T,0.022849
Equity_RiskParity,2022-08-01,TMUS,0.018214
Equity_RiskParity,2022-08-01,TTWO,0.018561
Equity_RiskParity,2022-08-01,UPS,0.017855
Equity_RiskParity,2022-08-01,USB,0.017437
Equity_RiskParity,2022-08-01,V,0.015055
Equity_RiskParity,2022-08-01,WFC,0.013793
Equity_RiskParity,2022-08-01,WMT,0.035624
Equity_RiskParity,2022-08-01,XOM,0.017675
Equity_RiskParity,2022-09-01,ABBV,0.032577
Equity_RiskParity,2022-09-01,ABT,0.018644
Equity_RiskParity,2022-09-01,ADBE,0.013518
Equity_RiskParity,2022-09-01,AEP,0.028193
Equity_RiskParity,2022-09-01,AMD,0.008971
Equity_RiskParity,2022-09-01,AMGN,0.033561
Equity_RiskParity,2022-09-01,AMT,0.018399
Equity_RiskParity,2022-09-01,BA,0.012003
Equity_RiskParity,2022-09-01,CAT,0.016369
Equity_RiskParity,2022-09-01,CCI,0.019405
Equity_RiskParity,2022-09-01,CMCSA,0.021034
Equity_RiskParity,2022-09-01,COP,0.015262
Equity_RiskParity,2022-09-01,CVX,0.020622
Equity_RiskParity,2022-09-01,D,0.029135
Equity_RiskParity,2022-09-01,DD,0.013512
Equity_RiskParity,2022-09-01,DIS,0.015936
Equity_RiskParity,2022-09-01,DOW,0.017516
Equity_RiskParity,2022-09-01,DUK,0.032185
Equity_RiskParity,2022-09-01,EA,0.027414
Equity_RiskParity,2022-09-01,GE,0.013251
Equity_RiskParity,2022-09-01,GILD,0.032748
Equity_RiskParity,2022-09-01,GS,0.015315
Equity_RiskParity,2022-09-01,INTC,0.015209
Equity_RiskParity,2022-09-01,KO,0.026795
Equity_RiskParity,2022-09-01,MMM,0.020941
Equity_RiskParity,2022-09-01,MRK,0.034906
Equity_RiskParity,2022-09-01,MS,0.014313
Equity_RiskParity,2022-09-01,NEE,0.020755
Equity_RiskParity,2022-09-01,NEM,0.036092
Equity_RiskParity,2022-09-01,NKE,0.014183
Equity_RiskParity,2022-09-01,NUE,0.012427
Equity_RiskParity,2022-09-01,NVDA,0.008469
Equity_RiskParity,2022-09-01,O,0.022737
Equity_RiskParity,2022-09-01,OXY,0.012403
Equity_RiskParity,2022-09-01,PLD,0.01459
Equity_RiskParity,2022-09-01,PSA,0.020047
Equity_RiskParity,2022-09-01,QCOM,0.012486
Equity_RiskParity,2022-09-01,SBUX,0.01435
Equity_RiskParity,2022-09-01,SHW,0.021098
Equity_RiskParity,2022-09-01,SLB,0.014449
Equity_RiskParity,2022-09-01,SO,0.02993
Equity_RiskParity,2022-09-01,T,0.023501
Equity_RiskParity,2022-09-01,TMUS,0.018541
Equity_RiskParity,2022-09-01,TTWO,0.01811
Equity_RiskParity,2022-09-01,UPS,0.018019
Equity_RiskParity,2022-09-01,USB,0.017819
Equity_RiskParity,2022-09-01,V,0.0151
Equity_RiskParity,2022-09-01,WFC,0.014044
Equity_RiskParity,2022-09-01,WMT,0.034512
Equity_RiskParity,2022-09-01,XOM,0.018606
Equity_RiskParity,2022-10-03,ABBV,0.033422
Equity_RiskParity,2022-10-03,ABT,0.01932
Equity_RiskParity,2022-10-03,ADBE,0.01296
Equity_RiskParity,2022-10-03,AEP,0.026321
Equity_RiskParity,2022-10-03,AMD,0.009099
Equity_RiskParity,2022-10-03,AMGN,0.034058
Equity_RiskParity,2022-10-03,AMT,0.018357
Equity_RiskParity,2022-10-03,BA,0.011984
Equity_RiskParity,2022-10-03,CAT,0.016695
Equity_RiskParity,2022-10-03,CCI,0.018963
Equity_RiskParity,2022-10-03,CMCSA,0.019907
Equity_RiskParity,2022-10-03,COP,0.015683
Equity_RiskParity,2022-10-03,CVX,0.021078
Equity_RiskParity,2022-10-03,D,0.02722
Equity_RiskParity,2022-10-03,DD,0.013882
Equity_RiskParity,2022-10-03,DIS,0.015627
Equity_RiskParity,2022-10-03,DOW,0.017769
Equity_RiskParity,2022-10-03,DUK,0.029706
Equity_RiskParity,2022-10-03,EA,0.025716
Equity_RiskParity,2022-10-03,GE,0.014155
Equity_RiskParity,2022-10-03,GILD,0.030162
Equity_RiskParity,2022-10-03,GS,0.015862
Equity_RiskParity,2022-10-03,INTC,0.015124
Equity_RiskParity,2022-10-03,KO,0.027455
Equity_RiskParity,2022-10-03,MMM,0.021842
Equity_RiskParity,2022-10-03,MRK,0.03688
Equity_RiskParity,2022-10-03,MS,0.015034
Equity_RiskParity,2022-10-03,NEE,0.02074
Equity_RiskParity,2022-10-03,NEM,0.033593
Equity_RiskParity,2022-10-03,NKE,0.013249
Equity_RiskParity,2022-10-03,NUE,0.013436
Equity_RiskParity,2022-10-03,NVDA,0.008842
Equity_RiskParity,2022-10-03,O,0.023675
Equity_RiskParity,2022-10-03,OXY,0.013774
Equity_RiskParity,2022-10-03,PLD,0.014964
Equity_RiskParity,2022-10-03,PSA,0.020654
Equity_RiskParity,2022-10-03,QCOM,0.012883
Equity_RiskParity,2022-10-03,SBUX,0.014968
Equity_RiskParity,2022-10-03,SHW,0.020945
Equity_RiskParity,2022-10-03,SLB,0.014932
Equity_RiskParity,2022-10-03,SO,0.027809
Equity_RiskParity,2022-10-03,T,0.024028
Equity_RiskParity,2022-10-03,TMUS,0.018909
Equity_RiskParity,2022-10-03,TTWO,0.017604
Equity_RiskParity,2022-10-03,UPS,0.018014
Equity_RiskParity,2022-10-03,USB,0.0184
Equity_RiskParity,2022-10-03,V,0.015866
Equity_RiskParity,2022-10-03,WFC,0.014661
Equity_RiskParity,2022-10-03,WMT,0.034419
Equity_RiskParity,2022-10-03,XOM,0.019352
Equity_RiskParity,2022-11-01,ABBV,0.033859
Equity_RiskParity,2022-11-01,ABT,0.019366
Equity_RiskParity,2022-11-01,ADBE,0.013514
Equity_RiskParity,2022-11-01,AEP,0.024554
Equity_RiskParity,2022-11-01,AMD,0.0092
Equity_RiskParity,2022-11-01,AMGN,0.034466
Equity_RiskParity,2022-11-01,AMT,0.018068
Equity_RiskParity,2022-11-01,BA,0.012559
Equity_RiskParity,2022-11-01,CAT,0.016708
Equity_RiskParity,2022-11-01,CCI,0.019201
Equity_RiskParity,2022-11-01,CMCSA,0.020443
Equity_RiskParity,2022-11-01,COP,0.016089
Equity_RiskParity,2022-11-01,CVX,0.021089
Equity_RiskParity,2022-11-01,D,0.025791
Equity_RiskParity,2022-11-01,DD,0.014209
Equity_RiskParity,2022-11-01,DIS,0.015802
Equity_RiskParity,2022-11-01,DOW,0.018133
Equity_RiskParity,2022-11-01,DUK,0.027265
Equity_RiskParity,2022-11-01,EA,0.02609
Equity_RiskParity,2022-11-01,GE,0.014289
Equity_RiskParity,2022-11-01,GILD,0.02656
Equity_RiskParity,2022-11-01,GS,0.015858
Equity_RiskParity,2022-11-01,INTC,0.014435
Equity_RiskParity,2022-11-01,KO,0.027438
Equity_RiskParity,2022-11-01,MMM,0.021056
Equity_RiskParity,2022-11-01,MRK,0.040249
Equity_RiskParity,2022-11-01,MS,0.014956
Equity_RiskParity,2022-11-01,NEE,0.020197
Equity_RiskParity,2022-11-01,NEM,0.031577
Equity_RiskParity,2022-11-01,NKE,0.013663
Equity_RiskParity,2022-11-01,NUE,0.013372
Equity_RiskParity,2022-11-01,NVDA,0.009002
Equity_RiskParity,2022-11-01,O,0.024061
Equity_RiskParity,2022-11-01,OXY,0.014982
Equity_RiskParity,2022-11-01,PLD,0.015365
Equity_RiskParity,2022-11-01,PSA,0.021364
Equity_RiskParity,2022-11-01,QCOM,0.013106
Equity_RiskParity,2022-11-01,SBUX,0.015699
Equity_RiskParity,2022-11-01,SHW,0.019582
Equity_RiskParity,2022-11-01,SLB,0.015443
Equity_RiskParity,2022-11-01,SO,0.026181
Equity_RiskParity,2022-11-01,T,0.023709
Equity_RiskParity,2022-11-01,TMUS,0.019028
Equity_RiskParity,2022-11-01,TTWO,0.018913
Equity_RiskParity,2022-11-01,UPS,0.018952
Equity_RiskParity,2022-11-01,USB,0.018722
Equity_RiskParity,2022-11-01,V,0.01689
Equity_RiskParity,2022-11-01,WFC,0.015032
Equity_RiskParity,2022-11-01,WMT,0.033818
Equity_RiskParity,2022-11-01,XOM,0.020093
Equity_RiskParity,2022-12-01,ABBV,0.034484
Equity_RiskParity,2022-12-01,ABT,0.018905
Equity_RiskParity,2022-12-01,ADBE,0.012678
Equity_RiskParity,2022-12-01,AEP,0.024504
Equity_RiskParity,2022-12-01,AMD,0.00877
Equity_RiskParity,2022-12-01,AMGN,0.036568
Equity_RiskParity,2022-12-01,AMT,0.016999
Equity_RiskParity,2022-12-01,BA,0.013045
Equity_RiskParity,2022-12-01,CAT,0.017146
Equity_RiskParity,2022-12-01,CCI,0.018101
Equity_RiskParity,2022-12-01,CMCSA,0.020043
Equity_RiskParity,2022-12-01,COP,0.016788
Equity_RiskParity,2022-12-01,CVX,0.021231
Equity_RiskParity,2022-12-01,D,0.026474
Equity_RiskParity,2022-12-01,DD,0.014838
Equity_RiskParity,2022-12-01,DIS,0.01486
Equity_RiskParity,2022-12-01,DOW,0.017636
Equity_RiskParity,2022-12-01,DUK,0.027732
Equity_RiskParity,2022-12-01,EA,0.026062
Equity_RiskParity,2022-12-01,GE,0.01496
Equity_RiskParity,2022-12-01,GILD,0.027729
Equity_RiskParity,2022-12-01,GS,0.016309
Equity_RiskParity,2022-12-01,INTC,0.013651
Equity_RiskParity,2022-12-01,KO,0.028049
Equity_RiskParity,2022-12-01,MMM,0.020899
Equity_RiskParity,2022-12-01,MRK,0.045377
Equity_RiskParity,2022-12-01,MS,0.015162
Equity_RiskParity,2022-12-01,NEE,0.019843
Equity_RiskParity,2022-12-01,NEM,0.025255
Equity_RiskParity,2022-12-01,NKE,0.012956
Equity_RiskParity,2022-12-01,NUE,0.013469
Equity_RiskParity,2022-12-01,NVDA,0.008499
Equity_RiskParity,2022-12-01,O,0.023662
Equity_RiskParity,2022-12-01,OXY,0.01519
Equity_RiskParity,2022-12-01,PLD,0.014952
Equity_RiskParity,2022-12-01,PSA,0.019972
Equity_RiskParity,2022-12-01,QCOM,0.012277
Equity_RiskParity,2022-12-01,SBUX,0.015575
Equity_RiskParity,2022-12-01,SHW,0.018262
Equity_RiskParity,2022-12-01,SLB,0.016706
Equity_RiskParity,2022-12-01,SO,0.026011
Equity_RiskParity,2022-12-01,T,0.024724
Equity_RiskParity,2022-12-01,TMUS,0.020647
Equity_RiskParity,2022-12-01,TTWO,0.019002
Equity_RiskParity,2022-12-01,UPS,0.018134
Equity_RiskParity,2022-12-01,USB,0.01886
Equity_RiskParity,2022-12-01,V,0.016501
Equity_RiskParity,2022-12-01,WFC,0.015745
Equity_RiskParity,2022-12-01,WMT,0.033799
Equity_RiskParity,2022-12-01,XOM,0.020962
Equity_RiskParity,2023-01-03,ABBV,0.035041
Equity_RiskParity,2023-01-03,ABT,0.018614
Equity_RiskParity,2023-01-03,ADBE,0.012681
Equity_RiskParity,2023-01-03,AEP,0.02432
Equity_RiskParity,2023-01-03,AMD,0.008739
Equity_RiskParity,2023-01-03,AMGN,0.037496
Equity_RiskParity,2023-01-03,AMT,0.017241
Equity_RiskParity,2023-01-03,BA,0.013452
Equity_RiskParity,2023-01-03,CAT,0.017289
Equity_RiskParity,2023-01-03,CCI,0.018353
Equity_RiskParity,2023-01-03,CMCSA,0.019782
Equity_RiskParity,2023-01-03,COP,0.01695
Equity_RiskParity,2023-01-03,CVX,0.021058
Equity_RiskParity,2023-01-03,D,0.026767
Equity_RiskParity,2023-01-03,DD,0.014999
Equity_RiskParity,2023-01-03,DIS,0.014752
Equity_RiskParity,2023-01-03,DOW,0.017733
Equity_RiskParity,2023-01-03,DUK,0.027771
Equity_RiskParity,2023-01-03,EA,0.025942
Equity_RiskParity,2023-01-03,GE,0.014982
Equity_RiskParity,2023-01-03,GILD,0.027271
Equity_RiskParity,2023-01-03,GS,0.016622
Equity_RiskParity,2023-01-03,INTC,0.013826
Equity_RiskParity,2023-01-03,KO,0.028309
Equity_RiskParity,2023-01-03,MMM,0.020737
Equity_RiskParity,2023-01-03,MRK,0.042801
Equity_RiskParity,2023-01-03,MS,0.015281
Equity_RiskParity,2023-01-03,NEE,0.019723
Equity_RiskParity,2023-01-03,NEM,0.025105
Equity_RiskParity,2023-01-03,NKE,0.012504
Equity_RiskParity,2023-01-03,NUE,0.01306
Equity_RiskParity,2023-01-03,NVDA,0.008507
Equity_RiskParity,2023-01-03,O,0.024506
Equity_RiskParity,2023-01-03,OXY,0.01536
Equity_RiskParity,2023-01-03,PLD,0.014772
Equity_RiskParity,2023-01-03,PSA,0.019806
Equity_RiskParity,2023-01-03,QCOM,0.011985
Equity_RiskParity,2023-01-03,SBUX,0.015997
Equity_RiskParity,2023-01-03,SHW,0.018241
Equity_RiskParity,2023-01-03,SLB,0.016388
Equity_RiskParity,2023-01-03,SO,0.025948
Equity_RiskParity,2023-01-03,T,0.025339
Equity_RiskParity,2023-01-03,TMUS,0.021523
Equity_RiskParity,2023-01-03,TTWO,0.018678
Equity_RiskParity,2023-01-03,UPS,0.018006
Equity_RiskParity,2023-01-03,USB,0.01901
Equity_RiskParity,2023-01-03,V,0.01697
Equity_RiskParity,2023-01-03,WFC,0.016442
Equity_RiskParity,2023-01-03,WMT,0.032691
Equity_RiskParity,2023-01-03,XOM,0.020629
Equity_RiskParity,2023-02-01,ABBV,0.034839
Equity_RiskParity,2023-02-01,ABT,0.018897
Equity_RiskParity,2023-02-01,ADBE,0.012887
Equity_RiskParity,2023-02-01,AEP,0.023916
Equity_RiskParity,2023-02-01,AMD,0.008833
Equity_RiskParity,2023-02-01,AMGN,0.037799
Equity_RiskParity,2023-02-01,AMT,0.017289
Equity_RiskParity,2023-02-01,BA,0.013694
Equity_RiskParity,2023-02-01,CAT,0.017025
Equity_RiskParity,2023-02-01,CCI,0.018098
Equity_RiskParity,2023-02-01,CMCSA,0.019595
Equity_RiskParity,2023-02-01,COP,0.017379
Equity_RiskParity,2023-02-01,CVX,0.021049
Equity_RiskParity,2023-02-01,D,0.026464
Equity_RiskParity,2023-02-01,DD,0.015095
Equity_RiskParity,2023-02-01,DIS,0.01482
Equity_RiskParity,2023-02-01,DOW,0.017458
Equity_RiskParity,2023-02-01,DUK,0.027569
Equity_RiskParity,2023-02-01,EA,0.026163
Equity_RiskParity,2023-02-01,GE,0.015151
Equity_RiskParity,2023-02-01,GILD,0.027698
Equity_RiskParity,2023-02-01,GS,0.017172
Equity_RiskParity,2023-02-01,INTC,0.013365
Equity_RiskParity,2023-02-01,KO,0.028451
Equity_RiskParity,2023-02-01,MMM,0.019567
Equity_RiskParity,2023-02-01,MRK,0.041964
Equity_RiskParity,2023-02-01,MS,0.015388
Equity_RiskParity,2023-02-01,NEE,0.020199
Equity_RiskParity,2023-02-01,NEM,0.023793
Equity_RiskParity,2023-02-01,NKE,0.012505
Equity_RiskParity,2023-02-01,NUE,0.012988
Equity_RiskParity,2023-02-01,NVDA,0.008508
Equity_RiskParity,2023-02-01,O,0.024851
Equity_RiskParity,2023-02-01,OXY,0.016102
Equity_RiskParity,2023-02-01,PLD,0.014487
Equity_RiskParity,2023-02-01,PSA,0.019802
Equity_RiskParity,2023-02-01,QCOM,0.011937
Equity_RiskParity,2023-02-01,SBUX,0.015899
Equity_RiskParity,2023-02-01,SHW,0.017777
Equity_RiskParity,2023-02-01,SLB,0.016828
Equity_RiskParity,2023-02-01,SO,0.025397
Equity_RiskParity,2023-02-01,T,0.026389
Equity_RiskParity,2023-02-01,TMUS,0.022337
Equity_RiskParity,2023-02-01,TTWO,0.018914
Equity_RiskParity,2023-02-01,UPS,0.017817
Equity_RiskParity,2023-02-01,USB,0.019013
Equity_RiskParity,2023-02-01,V,0.017572
Equity_RiskParity,2023-02-01,WFC,0.01669
Equity_RiskParity,2023-02-01,WMT,0.031829
Equity_RiskParity,2023-02-01,XOM,0.020742
Equity_RiskParity,2023-03-01,ABBV,0.035
Equity_RiskParity,2023-03-01,ABT,0.019136
Equity_RiskParity,2023-03-01,ADBE,0.012908
Equity_RiskParity,2023-03-01,AEP,0.023555
Equity_RiskParity,2023-03-01,AMD,0.009069
Equity_RiskParity,2023-03-01,AMGN,0.03871
Equity_RiskParity,2023-03-01,AMT,0.016985
Equity_RiskParity,2023-03-01,BA,0.013567
Equity_RiskParity,2023-03-01,CAT,0.017165
Equity_RiskParity,2023-03-01,CCI,0.017891
Equity_RiskParity,2023-03-01,CMCSA,0.019537
Equity_RiskParity,2023-03-01,COP,0.017057
Equity_RiskParity,2023-03-01,CVX,0.020937
Equity_RiskParity,2023-03-01,D,0.026258
Equity_RiskParity,2023-03-01,DD,0.015266
Equity_RiskParity,2023-03-01,DIS,0.014493
Equity_RiskParity,2023-03-01,DOW,0.017514
Equity_RiskParity,2023-03-01,DUK,0.027886
Equity_RiskParity,2023-03-01,EA,0.026122
Equity_RiskParity,2023-03-01,GE,0.015607
Equity_RiskParity,2023-03-01,GILD,0.027159
Equity_RiskParity,2023-03-01,GS,0.01734
Equity_RiskParity,2023-03-01,INTC,0.013252
Equity_RiskParity,2023-03-01,KO,0.028091
Equity_RiskParity,2023-03-01,MMM,0.019863
Equity_RiskParity,2023-03-01,MRK,0.042604
Equity_RiskParity,2023-03-01,MS,0.015706
Equity_RiskParity,2023-03-01,NEE,0.020383
Equity_RiskParity,2023-03-01,NEM,0.022316
Equity_RiskParity,2023-03-01,NKE,0.012334
Equity_RiskParity,2023-03-01,NUE,0.013516
Equity_RiskParity,2023-03-01,NVDA,0.008744
Equity_RiskParity,2023-03-01,O,0.025131
Equity_RiskParity,2023-03-01,OXY,0.015268
Equity_RiskParity,2023-03-01,PLD,0.014671
Equity_RiskParity,2023-03-01,PSA,0.020186
Equity_RiskParity,2023-03-01,QCOM,0.012281
Equity_RiskParity,2023-03-01,SBUX,0.015696
Equity_RiskParity,2023-03-01,SHW,0.018078
Equity_RiskParity,2023-03-01,SLB,0.016673
Equity_RiskParity,2023-03-01,SO,0.025186
Equity_RiskParity,2023-03-01,T,0.02654
Equity_RiskParity,2023-03-01,TMUS,0.021864
Equity_RiskParity,2023-03-01,TTWO,0.018243
Equity_RiskParity,2023-03-01,UPS,0.018467
Equity_RiskParity,2023-03-01,USB,0.019266
Equity_RiskParity,2023-03-01,V,0.017725
Equity_RiskParity,2023-03-01,WFC,0.016838
Equity_RiskParity,2023-03-01,WMT,0.031265
Equity_RiskParity,2023-03-01,XOM,0.020647
Equity_RiskParity,2023-04-03,ABBV,0.035345
Equity_RiskParity,2023-04-03,ABT,0.019374
Equity_RiskParity,2023-04-03,ADBE,0.01318
Equity_RiskParity,2023-04-03,AEP,0.023105
Equity_RiskParity,2023-04-03,AMD,0.009534
Equity_RiskParity,2023-04-03,AMGN,0.038975
Equity_RiskParity,2023-04-03,AMT,0.016897
Equity_RiskParity,2023-04-03,BA,0.013692
Equity_RiskParity,2023-04-03,CAT,0.016497
Equity_RiskParity,2023-04-03,CCI,0.017772
Equity_RiskParity,2023-04-03,CMCSA,0.01954
Equity_RiskParity,2023-04-03,COP,0.016567
Equity_RiskParity,2023-04-03,CVX,0.019646
Equity_RiskParity,2023-04-03,D,0.0259
Equity_RiskParity,2023-04-03,DD,0.015675
Equity_RiskParity,2023-04-03,DIS,0.014736
Equity_RiskParity,2023-04-03,DOW,0.017873
Equity_RiskParity,2023-04-03,DUK,0.02685
Equity_RiskParity,2023-04-03,EA,0.026608
Equity_RiskParity,2023-04-03,GE,0.016032
Equity_RiskParity,2023-04-03,GILD,0.02676
Equity_RiskParity,2023-04-03,GS,0.017259
Equity_RiskParity,2023-04-03,INTC,0.013609
Equity_RiskParity,2023-04-03,KO,0.029023
Equity_RiskParity,2023-04-03,MMM,0.02001
Equity_RiskParity,2023-04-03,MRK,0.042351
Equity_RiskParity,2023-04-03,MS,0.015826
Equity_RiskParity,2023-04-03,NEE,0.019719
Equity_RiskParity,2023-04-03,NEM,0.022608
Equity_RiskParity,2023-04-03,NKE,0.012837
Equity_RiskParity,2023-04-03,NUE,0.013455
Equity_RiskParity,2023-04-03,NVDA,0.009203
Equity_RiskParity,2023-04-03,O,0.024903
Equity_RiskParity,2023-04-03,OXY,0.015388
Equity_RiskParity,2023-04-03,PLD,0.014268
Equity_RiskParity,2023-04-03,PSA,0.020029
Equity_RiskParity,2023-04-03,QCOM,0.012927
Equity_RiskParity,2023-04-03,SBUX,0.016602
Equity_RiskParity,2023-04-03,SHW,0.017991
Equity_RiskParity,2023-04-03,SLB,0.015527
Equity_RiskParity,2023-04-03,SO,0.024763
Equity_RiskParity,2023-04-03,T,0.026782
Equity_RiskParity,2023-04-03,TMUS,0.022536
Equity_RiskParity,2023-04-03,TTWO,0.018336
Equity_RiskParity,2023-04-03,UPS,0.019343
Equity_RiskParity,2023-04-03,USB,0.017662
Equity_RiskParity,2023-04-03,V,0.018402
Equity_RiskParity,2023-04-03,WFC,0.016886
Equity_RiskParity,2023-04-03,WMT,0.03176
Equity_RiskParity,2023-04-03,XOM,0.019438
Equity_RiskParity,2023-05-01,ABBV,0.036365
Equity_RiskParity,2023-05-01,ABT,0.019703
Equity_RiskParity,2023-05-01,ADBE,0.01325
Equity_RiskParity,2023-05-01,AEP,0.022929
Equity_RiskParity,2023-05-01,AMD,0.009823
Equity_RiskParity,2023-05-01,AMGN,0.038853
Equity_RiskParity,2023-05-01,AMT,0.016829
Equity_RiskParity,2023-05-01,BA,0.013878
Equity_RiskParity,2023-05-01,CAT,0.016828
Equity_RiskParity,2023-05-01,CCI,0.017396
Equity_RiskParity,2023-05-01,CMCSA,0.019173
Equity_RiskParity,2023-05-01,COP,0.01646
Equity_RiskParity,2023-05-01,CVX,0.019707
Equity_RiskParity,2023-05-01,D,0.025569
Equity_RiskParity,2023-05-01,DD,0.015698
Equity_RiskParity,2023-05-01,DIS,0.014719
Equity_RiskParity,2023-05-01,DOW,0.017254
Equity_RiskParity,2023-05-01,DUK,0.026464
Equity_RiskParity,2023-05-01,EA,0.025515
Equity_RiskParity,2023-05-01,GE,0.016656
Equity_RiskParity,2023-05-01,GILD,0.027194
Equity_RiskParity,2023-05-01,GS,0.017657
Equity_RiskParity,2023-05-01,INTC,0.0136
Equity_RiskParity,2023-05-01,KO,0.029172
Equity_RiskParity,2023-05-01,MMM,0.019866
Equity_RiskParity,2023-05-01,MRK,0.042074
Equity_RiskParity,2023-05-01,MS,0.016282
Equity_RiskParity,2023-05-01,NEE,0.019517
Equity_RiskParity,2023-05-01,NEM,0.023111
Equity_RiskParity,2023-05-01,NKE,0.013208
Equity_RiskParity,2023-05-01,NUE,0.013431
Equity_RiskParity,2023-05-01,NVDA,0.009367
Equity_RiskParity,2023-05-01,O,0.025138
Equity_RiskParity,2023-05-01,OXY,0.015791
Equity_RiskParity,2023-05-01,PLD,0.014149
Equity_RiskParity,2023-05-01,PSA,0.020252
Equity_RiskParity,2023-05-01,QCOM,0.012914
Equity_RiskParity,2023-05-01,SBUX,0.016844
Equity_RiskParity,2023-05-01,SHW,0.017125
Equity_RiskParity,2023-05-01,SLB,0.015046
Equity_RiskParity,2023-05-01,SO,0.024629
Equity_RiskParity,2023-05-01,T,0.025385
Equity_RiskParity,2023-05-01,TMUS,0.023501
Equity_RiskParity,2023-05-01,TTWO,0.018151
Equity_RiskParity,2023-05-01,UPS,0.018662
Equity_RiskParity,2023-05-01,USB,0.017298
Equity_RiskParity,2023-05-01,V,0.018849
Equity_RiskParity,2023-05-01,WFC,0.016838
Equity_RiskParity,2023-05-01,WMT,0.032596
Equity_RiskParity,2023-05-01,XOM,0.019285
Equity_RiskParity,2023-06-01,ABBV,0.035216
Equity_RiskParity,2023-06-01,ABT,0.020702
Equity_RiskParity,2023-06-01,ADBE,0.013111
Equity_RiskParity,2023-06-01,AEP,0.02192
Equity_RiskParity,2023-06-01,AMD,0.01066
Equity_RiskParity,2023-06-01,AMGN,0.033992
Equity_RiskParity,2023-06-01,AMT,0.016684
Equity_RiskParity,2023-06-01,BA,0.014718
Equity_RiskParity,2023-06-01,CAT,0.016377
Equity_RiskParity,2023-06-01,CCI,0.016873
Equity_RiskParity,2023-06-01,CMCSA,0.018365
Equity_RiskParity,2023-06-01,COP,0.016944
Equity_RiskParity,2023-06-01,CVX,0.019956
Equity_RiskParity,2023-06-01,D,0.02401
Equity_RiskParity,2023-06-01,DD,0.015284
Equity_RiskParity,2023-06-01,DIS,0.014242
Equity_RiskParity,2023-06-01,DOW,0.016496
Equity_RiskParity,2023-06-01,DUK,0.025099
Equity_RiskParity,2023-06-01,EA,0.02695
Equity_RiskParity,2023-06-01,GE,0.01701
Equity_RiskParity,2023-06-01,GILD,0.025918
Equity_RiskParity,2023-06-01,GS,0.017606
Equity_RiskParity,2023-06-01,INTC,0.013837
Equity_RiskParity,2023-06-01,KO,0.031704
Equity_RiskParity,2023-06-01,MMM,0.01867
Equity_RiskParity,2023-06-01,MRK,0.042514
Equity_RiskParity,2023-06-01,MS,0.016488
Equity_RiskParity,2023-06-01,NEE,0.019779
Equity_RiskParity,2023-06-01,NEM,0.022461
Equity_RiskParity,2023-06-01,NKE,0.013266
Equity_RiskParity,2023-06-01,NUE,0.013642
Equity_RiskParity,2023-06-01,NVDA,0.009992
Equity_RiskParity,2023-06-01,O,0.025278
Equity_RiskParity,2023-06-01,OXY,0.017201
Equity_RiskParity,2023-06-01,PLD,0.014757
Equity_RiskParity,2023-06-01,PSA,0.021394
Equity_RiskParity,2023-06-01,QCOM,0.013367
Equity_RiskParity,2023-06-01,SBUX,0.018
Equity_RiskParity,2023-06-01,SHW,0.016387
Equity_RiskParity,2023-06-01,SLB,0.016069
Equity_RiskParity,2023-06-01,SO,0.023728
Equity_RiskParity,2023-06-01,T,0.024833
Equity_RiskParity,2023-06-01,TMUS,0.027081
Equity_RiskParity,2023-06-01,TTWO,0.019519
Equity_RiskParity,2023-06-01,UPS,0.018852
Equity_RiskParity,2023-06-01,USB,0.01533
Equity_RiskParity,2023-06-01,V,0.019694
Equity_RiskParity,2023-06-01,WFC,0.01671
Equity_RiskParity,2023-06-01,WMT,0.031875
Equity_RiskParity,2023-06-01,XOM,0.019437
Equity_RiskParity,2023-07-03,ABBV,0.036796
Equity_RiskParity,2023-07-03,ABT,0.021474
Equity_RiskParity,2023-07-03,ADBE,0.013215
Equity_RiskParity,2023-07-03,AEP,0.021682
Equity_RiskParity,2023-07-03,AMD,0.011514
Equity_RiskParity,2023-07-03,AMGN,0.032096
Equity_RiskParity,2023-07-03,AMT,0.016669
Equity_RiskParity,2023-07-03,BA,0.015262
Equity_RiskParity,2023-07-03,CAT,0.015392
Equity_RiskParity,2023-07-03,CCI,0.016969
Equity_RiskParity,2023-07-03,CMCSA,0.017592
Equity_RiskParity,2023-07-03,COP,0.016979
Equity_RiskParity,2023-07-03,CVX,0.019657
Equity_RiskParity,2023-07-03,D,0.023328
Equity_RiskParity,2023-07-03,DD,0.015249
Equity_RiskParity,2023-07-03,DIS,0.01363
Equity_RiskParity,2023-07-03,DOW,0.016046
Equity_RiskParity,2023-07-03,DUK,0.024469
Equity_RiskParity,2023-07-03,EA,0.027329
Equity_RiskParity,2023-07-03,GE,0.017755
Equity_RiskParity,2023-07-03,GILD,0.024952
Equity_RiskParity,2023-07-03,GS,0.017526
Equity_RiskParity,2023-07-03,INTC,0.013394
Equity_RiskParity,2023-07-03,KO,0.030756
Equity_RiskParity,2023-07-03,MMM,0.016869
Equity_RiskParity,2023-07-03,MRK,0.046871
Equity_RiskParity,2023-07-03,MS,0.016315
Equity_RiskParity,2023-07-03,NEE,0.020383
Equity_RiskParity,2023-07-03,NEM,0.020633
Equity_RiskParity,2023-07-03,NKE,0.01319
Equity_RiskParity,2023-07-03,NUE,0.013489
Equity_RiskParity,2023-07-03,NVDA,0.010598
Equity_RiskParity,2023-07-03,O,0.025251
Equity_RiskParity,2023-07-03,OXY,0.017544
Equity_RiskParity,2023-07-03,PLD,0.015285
Equity_RiskParity,2023-07-03,PSA,0.020816
Equity_RiskParity,2023-07-03,QCOM,0.013041
Equity_RiskParity,2023-07-03,SBUX,0.018454
Equity_RiskParity,2023-07-03,SHW,0.016316
Equity_RiskParity,2023-07-03,SLB,0.01585
Equity_RiskParity,2023-07-03,SO,0.023821
Equity_RiskParity,2023-07-03,T,0.025602
Equity_RiskParity,2023-07-03,TMUS,0.029877
Equity_RiskParity,2023-07-03,TTWO,0.020224
Equity_RiskParity,2023-07-03,UPS,0.017453
Equity_RiskParity,2023-07-03,USB,0.014509
Equity_RiskParity,2023-07-03,V,0.020995
Equity_RiskParity,2023-07-03,WFC,0.016894
Equity_RiskParity,2023-07-03,WMT,0.030493
Equity_RiskParity,2023-07-03,XOM,0.019495
Equity_RiskParity,2023-08-01,ABBV,0.036998
Equity_RiskParity,2023-08-01,ABT,0.022054
Equity_RiskParity,2023-08-01,ADBE,0.013323
Equity_RiskParity,2023-08-01,AEP,0.021148
Equity_RiskParity,2023-08-01,AMD,0.011881
Equity_RiskParity,2023-08-01,AMGN,0.031902
Equity_RiskParity,2023-08-01,AMT,0.016651
Equity_RiskParity,2023-08-01,BA,0.01541
Equity_RiskParity,2023-08-01,CAT,0.015869
Equity_RiskParity,2023-08-01,CCI,0.016897
Equity_RiskParity,2023-08-01,CMCSA,0.017408
Equity_RiskParity,2023-08-01,COP,0.017047
Equity_RiskParity,2023-08-01,CVX,0.019783
Equity_RiskParity,2023-08-01,D,0.022443
Equity_RiskParity,2023-08-01,DD,0.015491
Equity_RiskParity,2023-08-01,DIS,0.013816
Equity_RiskParity,2023-08-01,DOW,0.016246
Equity_RiskParity,2023-08-01,DUK,0.02361
Equity_RiskParity,2023-08-01,EA,0.027261
Equity_RiskParity,2023-08-01,GE,0.018283
Equity_RiskParity,2023-08-01,GILD,0.02496
Equity_RiskParity,2023-08-01,GS,0.017978
Equity_RiskParity,2023-08-01,INTC,0.013247
Equity_RiskParity,2023-08-01,KO,0.030866
Equity_RiskParity,2023-08-01,MMM,0.01597
Equity_RiskParity,2023-08-01,MRK,0.046032
Equity_RiskParity,2023-08-01,MS,0.01651
Equity_RiskParity,2023-08-01,NEE,0.020187
Equity_RiskParity,2023-08-01,NEM,0.019683
Equity_RiskParity,2023-08-01,NKE,0.013413
Equity_RiskParity,2023-08-01,NUE,0.013672
Equity_RiskParity,2023-08-01,NVDA,0.010729
Equity_RiskParity,2023-08-01,O,0.025171
Equity_RiskParity,2023-08-01,OXY,0.017869
Equity_RiskParity,2023-08-01,PLD,0.015634
Equity_RiskParity,2023-08-01,PSA,0.021239
Equity_RiskParity,2023-08-01,QCOM,0.012817
Equity_RiskParity,2023-08-01,SBUX,0.018566
Equity_RiskParity,2023-08-01,SHW,0.015769
Equity_RiskParity,2023-08-01,SLB,0.016095
Equity_RiskParity,2023-08-01,SO,0.023398
Equity_RiskParity,2023-08-01,T,0.024514
Equity_RiskParity,2023-08-01,TMUS,0.030822
Equity_RiskParity,2023-08-01,TTWO,0.020066
Equity_RiskParity,2023-08-01,UPS,0.017636
Equity_RiskParity,2023-08-01,USB,0.014068
Equity_RiskParity,2023-08-01,V,0.021259
Equity_RiskParity,2023-08-01,WFC,0.017533
Equity_RiskParity,2023-08-01,WMT,0.031032
Equity_RiskParity,2023-08-01,XOM,0.019743
Equity_RiskParity,2023-09-01,ABBV,0.036835
Equity_RiskParity,2023-09-01,ABT,0.022231
Equity_RiskParity,2023-09-01,ADBE,0.013437
Equity_RiskParity,2023-09-01,AEP,0.021137
Equity_RiskParity,2023-09-01,AMD,0.011729
Equity_RiskParity,2023-09-01,AMGN,0.032528
Equity_RiskParity,2023-09-01,AMT,0.016518
Equity_RiskParity,2023-09-01,BA,0.015379
Equity_RiskParity,2023-09-01,CAT,0.016536
Equity_RiskParity,2023-09-01,CCI,0.016836
Equity_RiskParity,2023-09-01,CMCSA,0.017434
Equity_RiskParity,2023-09-01,COP,0.016684
Equity_RiskParity,2023-09-01,CVX,0.019585
Equity_RiskParity,2023-09-01,D,0.021952
Equity_RiskParity,2023-09-01,DD,0.01606
Equity_RiskParity,2023-09-01,DIS,0.014138
Equity_RiskParity,2023-09-01,DOW,0.016485
Equity_RiskParity,2023-09-01,DUK,0.023467
Equity_RiskParity,2023-09-01,EA,0.025184
Equity_RiskParity,2023-09-01,GE,0.018709
Equity_RiskParity,2023-09-01,GILD,0.024727
Equity_RiskParity,2023-09-01,GS,0.018014
Equity_RiskParity,2023-09-01,INTC,0.01302
Equity_RiskParity,2023-09-01,KO,0.031821
Equity_RiskParity,2023-09-01,MMM,0.016602
Equity_RiskParity,2023-09-01,MRK,0.044853
Equity_RiskParity,2023-09-01,MS,0.016805
Equity_RiskParity,2023-09-01,NEE,0.019835
Equity_RiskParity,2023-09-01,NEM,0.019537
Equity_RiskParity,2023-09-01,NKE,0.013659
Equity_RiskParity,2023-09-01,NUE,0.013898
Equity_RiskParity,2023-09-01,NVDA,0.011289
Equity_RiskParity,2023-09-01,O,0.024631
Equity_RiskParity,2023-09-01,OXY,0.017479
Equity_RiskParity,2023-09-01,PLD,0.015678
Equity_RiskParity,2023-09-01,PSA,0.021303
Equity_RiskParity,2023-09-01,QCOM,0.012955
Equity_RiskParity,2023-09-01,SBUX,0.019116
Equity_RiskParity,2023-09-01,SHW,0.016001
Equity_RiskParity,2023-09-01,SLB,0.01573
Equity_RiskParity,2023-09-01,SO,0.023024
Equity_RiskParity,2023-09-01,T,0.024203
Equity_RiskParity,2023-09-01,TMUS,0.03039
Equity_RiskParity,2023-09-01,TTWO,0.019759
Equity_RiskParity,2023-09-01,UPS,0.017531
Equity_RiskParity,2023-09-01,USB,0.013956
Equity_RiskParity,2023-09-01,V,0.021627
Equity_RiskParity,2023-09-01,WFC,0.017742
Equity_RiskParity,2023-09-01,WMT,0.032343
Equity_RiskParity,2023-09-01,XOM,0.019609
Equity_RiskParity,2023-10-02,ABBV,0.03552
Equity_RiskParity,2023-10-02,ABT,0.021684
Equity_RiskParity,2023-10-02,ADBE,0.01423
Equity_RiskParity,2023-10-02,AEP,0.020989
Equity_RiskParity,2023-10-02,AMD,0.011759
Equity_RiskParity,2023-10-02,AMGN,0.032919
Equity_RiskParity,2023-10-02,AMT,0.015958
Equity_RiskParity,2023-10-02,BA,0.01638
Equity_RiskParity,2023-10-02,CAT,0.016716
Equity_RiskParity,2023-10-02,CCI,0.016433
Equity_RiskParity,2023-10-02,CMCSA,0.018605
Equity_RiskParity,2023-10-02,COP,0.016921
Equity_RiskParity,2023-10-02,CVX,0.020145
Equity_RiskParity,2023-10-02,D,0.021109
Equity_RiskParity,2023-10-02,DD,0.016521
Equity_RiskParity,2023-10-02,DIS,0.014362
Equity_RiskParity,2023-10-02,DOW,0.016429
Equity_RiskParity,2023-10-02,DUK,0.023523
Equity_RiskParity,2023-10-02,EA,0.025867
Equity_RiskParity,2023-10-02,GE,0.018621
Equity_RiskParity,2023-10-02,GILD,0.025563
Equity_RiskParity,2023-10-02,GS,0.017799
Equity_RiskParity,2023-10-02,INTC,0.012841
Equity_RiskParity,2023-10-02,KO,0.032771
Equity_RiskParity,2023-10-02,MMM,0.015995
Equity_RiskParity,2023-10-02,MRK,0.043803
Equity_RiskParity,2023-10-02,MS,0.016254
Equity_RiskParity,2023-10-02,NEE,0.019275
Equity_RiskParity,2023-10-02,NEM,0.019739
Equity_RiskParity,2023-10-02,NKE,0.013858
Equity_RiskParity,2023-10-02,NUE,0.013223
Equity_RiskParity,2023-10-02,NVDA,0.011227
Equity_RiskParity,2023-10-02,O,0.023474
Equity_RiskParity,2023-10-02,OXY,0.017431
Equity_RiskParity,2023-10-02,PLD,0.015104
Equity_RiskParity,2023-10-02,PSA,0.0208
Equity_RiskParity,2023-10-02,QCOM,0.01246
Equity_RiskParity,2023-10-02,SBUX,0.018623
Equity_RiskParity,2023-10-02,SHW,0.01559
Equity_RiskParity,2023-10-02,SLB,0.016464
Equity_RiskParity,2023-10-02,SO,0.022692
Equity_RiskParity,2023-10-02,T,0.024268
Equity_RiskParity,2023-10-02,TMUS,0.033406
Equity_RiskParity,2023-10-02,TTWO,0.020434
Equity_RiskParity,2023-10-02,UPS,0.017306
Equity_RiskParity,2023-10-02,USB,0.013271
Equity_RiskParity,2023-10-02,V,0.021856
Equity_RiskParity,2023-10-02,WFC,0.017626
Equity_RiskParity,2023-10-02,WMT,0.032402
Equity_RiskParity,2023-10-02,XOM,0.019752
Equity_RiskParity,2023-11-01,ABBV,0.037043
Equity_RiskParity,2023-11-01,ABT,0.023593
Equity_RiskParity,2023-11-01,ADBE,0.013179
Equity_RiskParity,2023-11-01,AEP,0.021931
Equity_RiskParity,2023-11-01,AMD,0.012207
Equity_RiskParity,2023-11-01,AMGN,0.031024
Equity_RiskParity,2023-11-01,AMT,0.015597
Equity_RiskParity,2023-11-01,BA,0.016098
Equity_RiskParity,2023-11-01,CAT,0.016514
Equity_RiskParity,2023-11-01,CCI,0.015497
Equity_RiskParity,2023-11-01,CMCSA,0.018529
Equity_RiskParity,2023-11-01,COP,0.016738
Equity_RiskParity,2023-11-01,CVX,0.020323
Equity_RiskParity,2023-11-01,D,0.021623
Equity_RiskParity,2023-11-01,DD,0.01675
Equity_RiskParity,2023-11-01,DIS,0.014153
Equity_RiskParity,2023-11-01,DOW,0.015904
Equity_RiskParity,2023-11-01,DUK,0.025304
Equity_RiskParity,2023-11-01,EA,0.024848
Equity_RiskParity,2023-11-01,GE,0.018812
Equity_RiskParity,2023-11-01,GILD,0.029202
Equity_RiskParity,2023-11-01,GS,0.017727
Equity_RiskParity,2023-11-01,INTC,0.013688
Equity_RiskParity,2023-11-01,KO,0.031522
Equity_RiskParity,2023-11-01,MMM,0.014922
Equity_RiskParity,2023-11-01,MRK,0.046417
Equity_RiskParity,2023-11-01,MS,0.016177
Equity_RiskParity,2023-11-01,NEE,0.018731
Equity_RiskParity,2023-11-01,NEM,0.01802
Equity_RiskParity,2023-11-01,NKE,0.014023
Equity_RiskParity,2023-11-01,NUE,0.012913
Equity_RiskParity,2023-11-01,NVDA,0.011684
Equity_RiskParity,2023-11-01,O,0.023705
Equity_RiskParity,2023-11-01,OXY,0.015867
Equity_RiskParity,2023-11-01,PLD,0.013869
Equity_RiskParity,2023-11-01,PSA,0.018723
Equity_RiskParity,2023-11-01,QCOM,0.012261
Equity_RiskParity,2023-11-01,SBUX,0.018248
Equity_RiskParity,2023-11-01,SHW,0.016251
Equity_RiskParity,2023-11-01,SLB,0.016534
Equity_RiskParity,2023-11-01,SO,0.024234
Equity_RiskParity,2023-11-01,T,0.025105
Equity_RiskParity,2023-11-01,TMUS,0.035914
Equity_RiskParity,2023-11-01,TTWO,0.018627
Equity_RiskParity,2023-11-01,UPS,0.015998
Equity_RiskParity,2023-11-01,USB,0.011554
Equity_RiskParity,2023-11-01,V,0.021504
Equity_RiskParity,2023-11-01,WFC,0.016793
Equity_RiskParity,2023-11-01,WMT,0.034284
Equity_RiskParity,2023-11-01,XOM,0.019834
Equity_RiskParity,2023-12-01,ABBV,0.038985
Equity_RiskParity,2023-12-01,ABT,0.02502
Equity_RiskParity,2023-12-01,ADBE,0.014332
Equity_RiskParity,2023-12-01,AEP,0.020908
Equity_RiskParity,2023-12-01,AMD,0.01442
Equity_RiskParity,2023-12-01,AMGN,0.027119
Equity_RiskParity,2023-12-01,AMT,0.01575
Equity_RiskParity,2023-12-01,BA,0.015718
Equity_RiskParity,2023-12-01,CAT,0.015686
Equity_RiskParity,2023-12-01,CCI,0.015266
Equity_RiskParity,2023-12-01,CMCSA,0.018543
Equity_RiskParity,2023-12-01,COP,0.016985
Equity_RiskParity,2023-12-01,CVX,0.020615
Equity_RiskParity,2023-12-01,D,0.019487
Equity_RiskParity,2023-12-01,DD,0.016316
Equity_RiskParity,2023-12-01,DIS,0.01595
Equity_RiskParity,2023-12-01,DOW,0.01678
Equity_RiskParity,2023-12-01,DUK,0.024688
Equity_RiskParity,2023-12-01,EA,0.023707
Equity_RiskParity,2023-12-01,GE,0.019382
Equity_RiskParity,2023-12-01,GILD,0.025931
Equity_RiskParity,2023-12-01,GS,0.016487
Equity_RiskParity,2023-12-01,INTC,0.014699
Equity_RiskParity,2023-12-01,KO,0.034447
Equity_RiskParity,2023-12-01,MMM,0.014602
Equity_RiskParity,2023-12-01,MRK,0.041575
Equity_RiskParity,2023-12-01,MS,0.015178
Equity_RiskParity,2023-12-01,NEE,0.017964
Equity_RiskParity,2023-12-01,NEM,0.020318
Equity_RiskParity,2023-12-01,NKE,0.015244
Equity_RiskParity,2023-12-01,NUE,0.013068
Equity_RiskParity,2023-12-01,NVDA,0.013998
Equity_RiskParity,2023-12-01,O,0.022203
Equity_RiskParity,2023-12-01,OXY,0.018122
Equity_RiskParity,2023-12-01,PLD,0.01353
Equity_RiskParity,2023-12-01,PSA,0.019439
Equity_RiskParity,2023-12-01,QCOM,0.012821
Equity_RiskParity,2023-12-01,SBUX,0.017632
Equity_RiskParity,2023-12-01,SHW,0.016619
Equity_RiskParity,2023-12-01,SLB,0.015608
Equity_RiskParity,2023-12-01,SO,0.023328
Equity_RiskParity,2023-12-01,T,0.024778
Equity_RiskParity,2023-12-01,TMUS,0.034553
Equity_RiskParity,2023-12-01,TTWO,0.01745
Equity_RiskParity,2023-12-01,UPS,0.01645
Equity_RiskParity,2023-12-01,USB,0.010279
Equity_RiskParity,2023-12-01,V,0.023948
Equity_RiskParity,2023-12-01,WFC,0.015804
Equity_RiskParity,2023-12-01,WMT,0.038156
Equity_RiskParity,2023-12-01,XOM,0.020116
Crypto_MinVariance,2021-01-04,ADA-USD,0.0
Crypto_MinVariance,2021-01-04,BCH-USD,0.0
Crypto_MinVariance,2021-01-04,BTC-USD,0.862567
Crypto_MinVariance,2021-01-04,EOS-USD,0.0
Crypto_MinVariance,2021-01-04,ETC-USD,0.0
Crypto_MinVariance,2021-01-04,ETH-USD,0.0
Crypto_MinVariance,2021-01-04,LTC-USD,0.0
Crypto_MinVariance,2021-01-04,TRX-USD,0.105576
Crypto_MinVariance,2021-01-04,XLM-USD,0.006548
Crypto_MinVariance,2021-01-04,XRP-USD,0.025309
Crypto_MinVariance,2021-02-01,ADA-USD,0.0
Crypto_MinVariance,2021-02-01,BCH-USD,0.0
Crypto_MinVariance,2021-02-01,BTC-USD,0.780796
Crypto_MinVariance,2021-02-01,EOS-USD,0.0
Crypto_MinVariance,2021-02-01,ETC-USD,0.021763
Crypto_MinVariance,2021-02-01,ETH-USD,0.0
Crypto_MinVariance,2021-02-01,LTC-USD,0.0
Crypto_MinVariance,2021-02-01,TRX-USD,0.18186
Crypto_MinVariance,2021-02-01,XLM-USD,0.0
Crypto_MinVariance,2021-02-01,XRP-USD,0.015582
Crypto_MinVariance,2021-03-01,ADA-USD,0.0
Crypto_MinVariance,2021-03-01,BCH-USD,0.0
Crypto_MinVariance,2021-03-01,BTC-USD,0.736634
Crypto_MinVariance,2021-03-01,EOS-USD,0.0
Crypto_MinVariance,2021-03-01,ETC-USD,0.079802
Crypto_MinVariance,2021-03-01,ETH-USD,0.0
Crypto_MinVariance,2021-03-01,LTC-USD,0.0
Crypto_MinVariance,2021-03-01,TRX-USD,0.123865
Crypto_MinVariance,2021-03-01,XLM-USD,0.0
Crypto_MinVariance,2021-03-01,XRP-USD,0.059698
Crypto_MinVariance,2021-04-01,ADA-USD,0.004725
Crypto_MinVariance,2021-04-01,BCH-USD,0.0
Crypto_MinVariance,2021-04-01,BTC-USD,0.709519
Crypto_MinVariance,2021-04-01,EOS-USD,0.0
Crypto_MinVariance,2021-04-01,ETC-USD,0.152429
Crypto_MinVariance,2021-04-01,ETH-USD,0.0
Crypto_MinVariance,2021-04-01,LTC-USD,0.0
Crypto_MinVariance,2021-04-01,TRX-USD,0.106618
Crypto_MinVariance,2021-04-01,XLM-USD,0.0
Crypto_MinVariance,2021-04-01,XRP-USD,0.026709
Crypto_MinVariance,2021-05-03,ADA-USD,0.021023
Crypto_MinVariance,2021-05-03,BCH-USD,0.0
Crypto_MinVariance,2021-05-03,BTC-USD,0.75945
Crypto_MinVariance,2021-05-03,EOS-USD,0.0
Crypto_MinVariance,2021-05-03,ETC-USD,0.129831
Crypto_MinVariance,2021-05-03,ETH-USD,0.030419
Crypto_MinVariance,2021-05-03,LTC-USD,0.0
Crypto_MinVariance,2021-05-03,TRX-USD,0.059277
Crypto_MinVariance,2021-05-03,XLM-USD,0.0
Crypto_MinVariance,2021-05-03,XRP-USD,0.0
Crypto_MinVariance,2021-06-01,ADA-USD,0.001981
Crypto_MinVariance,2021-06-01,BCH-USD,0.0
Crypto_MinVariance,2021-06-01,BTC-USD,0.972896
Crypto_MinVariance,2021-06-01,EOS-USD,0.0
Crypto_MinVariance,2021-06-01,ETC-USD,0.003197
Crypto_MinVariance,2021-06-01,ETH-USD,0.0
Crypto_MinVariance,2021-06-01,LTC-USD,0.0
Crypto_MinVariance,2021-06-01,TRX-USD,0.021926
Crypto_MinVariance,2021-06-01,XLM-USD,0.0
Crypto_MinVariance,2021-06-01,XRP-USD,0.0
Crypto_MinVariance,2021-07-01,ADA-USD,0.010345
Crypto_MinVariance,2021-07-01,BCH-USD,0.0
Crypto_MinVariance,2021-07-01,BTC-USD,0.972586
Crypto_MinVariance,2021-07-01,EOS-USD,0.0
Crypto_MinVariance,2021-07-01,ETC-USD,0.0
Crypto_MinVariance,2021-07-01,ETH-USD,0.0
Crypto_MinVariance,2021-07-01,LTC-USD,0.0
Crypto_MinVariance,2021-07-01,TRX-USD,0.017069
Crypto_MinVariance,2021-07-01,XLM-USD,0.0
Crypto_MinVariance,2021-07-01,XRP-USD,0.0
Crypto_MinVariance,2021-08-02,ADA-USD,0.0
Crypto_MinVariance,2021-08-02,BCH-USD,0.0
Crypto_MinVariance,2021-08-02,BTC-USD,0.984797
Crypto_MinVariance,2021-08-02,EOS-USD,0.0
Crypto_MinVariance,2021-08-02,ETC-USD,0.0
Crypto_MinVariance,2021-08-02,ETH-USD,0.0
Crypto_MinVariance,2021-08-02,LTC-USD,0.0
Crypto_MinVariance,2021-08-02,TRX-USD,0.015203
Crypto_MinVariance,2021-08-02,XLM-USD,0.0
Crypto_MinVariance,2021-08-02,XRP-USD,0.0
Crypto_MinVariance,2021-09-01,ADA-USD,0.0
Crypto_MinVariance,2021-09-01,BCH-USD,0.0
Crypto_MinVariance,2021-09-01,BTC-USD,0.968718
Crypto_MinVariance,2021-09-01,EOS-USD,0.0
Crypto_MinVariance,2021-09-01,ETC-USD,0.0
Crypto_MinVariance,2021-09-01,ETH-USD,0.0
Crypto_MinVariance,2021-09-01,LTC-USD,0.0
Crypto_MinVariance,2021-09-01,TRX-USD,0.031282
Crypto_MinVariance,2021-09-01,XLM-USD,0.0
Crypto_MinVariance,2021-09-01,XRP-USD,0.0
Crypto_MinVariance,2021-10-01,ADA-USD,0.004839
Crypto_MinVariance,2021-10-01,BCH-USD,0.0
Crypto_MinVariance,2021-10-01,BTC-USD,0.995161
Crypto_MinVariance,2021-10-01,EOS-USD,0.0
Crypto_MinVariance,2021-10-01,ETC-USD,0.0
Crypto_MinVariance,2021-10-01,ETH-USD,0.0
Crypto_MinVariance,2021-10-01,LTC-USD,0.0
Crypto_MinVariance,2021-10-01,TRX-USD,0.0
Crypto_MinVariance,2021-10-01,XLM-USD,0.0
Crypto_MinVariance,2021-10-01,XRP-USD,0.0
Crypto_MinVariance,2021-11-01,ADA-USD,0.027583
Crypto_MinVariance,2021-11-01,BCH-USD,0.0
Crypto_MinVariance,2021-11-01,BTC-USD,0.972417
Crypto_MinVariance,2021-11-01,EOS-USD,0.0
Crypto_MinVariance,2021-11-01,ETC-USD,0.0
Crypto_MinVariance,2021-11-01,ETH-USD,0.0
Crypto_MinVariance,2021-11-01,LTC-USD,0.0
Crypto_MinVariance,2021-11-01,TRX-USD,0.0
Crypto_MinVariance,2021-11-01,XLM-USD,0.0
Crypto_MinVariance,2021-11-01,XRP-USD,0.0
Crypto_MinVariance,2021-12-01,ADA-USD,0.014938
Crypto_MinVariance,2021-12-01,BCH-USD,0.0
Crypto_MinVariance,2021-12-01,BTC-USD,0.985062
Crypto_MinVariance,2021-12-01,EOS-USD,0.0
Crypto_MinVariance,2021-12-01,ETC-USD,0.0
Crypto_MinVariance,2021-12-01,ETH-USD,0.0
Crypto_MinVariance,2021-12-01,LTC-USD,0.0
Crypto_MinVariance,2021-12-01,TRX-USD,0.0
Crypto_MinVariance,2021-12-01,XLM-USD,0.0
Crypto_MinVariance,2021-12-01,XRP-USD,0.0
Crypto_MinVariance,2022-01-03,ADA-USD,0.007073
Crypto_MinVariance,2022-01-03,BCH-USD,0.0
Crypto_MinVariance,2022-01-03,BTC-USD,0.992927
Crypto_MinVariance,2022-01-03,EOS-USD,0.0
Crypto_MinVariance,2022-01-03,ETC-USD,0.0
Crypto_MinVariance,2022-01-03,ETH-USD,0.0
Crypto_MinVariance,2022-01-03,LTC-USD,0.0
Crypto_MinVariance,2022-01-03,TRX-USD,0.0
Crypto_MinVariance,2022-01-03,XLM-USD,0.0
Crypto_MinVariance,2022-01-03,XRP-USD,0.0
Crypto_MinVariance,2022-02-01,ADA-USD,0.012819
Crypto_MinVariance,2022-02-01,BCH-USD,0.0
Crypto_MinVariance,2022-02-01,BTC-USD,0.987181
Crypto_MinVariance,2022-02-01,EOS-USD,0.0
Crypto_MinVariance,2022-02-01,ETC-USD,0.0
Crypto_MinVariance,2022-02-01,ETH-USD,0.0
Crypto_MinVariance,2022-02-01,LTC-USD,0.0
Crypto_MinVariance,2022-02-01,TRX-USD,0.0
Crypto_MinVariance,2022-02-01,XLM-USD,0.0
Crypto_MinVariance,2022-02-01,XRP-USD,0.0
Crypto_MinVariance,2022-03-01,ADA-USD,0.0
Crypto_MinVariance,2022-03-01,BCH-USD,0.0
Crypto_MinVariance,2022-03-01,BTC-USD,1.0
Crypto_MinVariance,2022-03-01,EOS-USD,0.0
Crypto_MinVariance,2022-03-01,ETC-USD,0.0
Crypto_MinVariance,2022-03-01,ETH-USD,0.0
Crypto_MinVariance,2022-03-01,LTC-USD,0.0
Crypto_MinVariance,2022-03-01,TRX-USD,0.0
Crypto_MinVariance,2022-03-01,XLM-USD,0.0
Crypto_MinVariance,2022-03-01,XRP-USD,0.0
Crypto_MinVariance,2022-04-01,ADA-USD,0.0
Crypto_MinVariance,2022-04-01,BCH-USD,0.0
Crypto_MinVariance,2022-04-01,BTC-USD,1.0
Crypto_MinVariance,2022-04-01,EOS-USD,0.0
Crypto_MinVariance,2022-04-01,ETC-USD,0.0
Crypto_MinVariance,2022-04-01,ETH-USD,0.0
Crypto_MinVariance,2022-04-01,LTC-USD,0.0
Crypto_MinVariance,2022-04-01,TRX-USD,0.0
Crypto_MinVariance,2022-04-01,XLM-USD,0.0
Crypto_MinVariance,2022-04-01,XRP-USD,0.0
Crypto_MinVariance,2022-05-02,ADA-USD,0.0
Crypto_MinVariance,2022-05-02,BCH-USD,0.0
Crypto_MinVariance,2022-05-02,BTC-USD,1.0
Crypto_MinVariance,2022-05-02,EOS-USD,0.0
Crypto_MinVariance,2022-05-02,ETC-USD,0.0
Crypto_MinVariance,2022-05-02,ETH-USD,0.0
Crypto_MinVariance,2022-05-02,LTC-USD,0.0
Crypto_MinVariance,2022-05-02,TRX-USD,0.0
Crypto_MinVariance,2022-05-02,XLM-USD,0.0
Crypto_MinVariance,2022-05-02,XRP-USD,0.0
Crypto_MinVariance,2022-06-01,ADA-USD,0.0
Crypto_MinVariance,2022-06-01,BCH-USD,0.0
Crypto_MinVariance,2022-06-01,BTC-USD,0.876323
Crypto_MinVariance,2022-06-01,EOS-USD,0.0
Crypto_MinVariance,2022-06-01,ETC-USD,0.0
Crypto_MinVariance,2022-06-01,ETH-USD,0.0
Crypto_MinVariance,2022-06-01,LTC-USD,0.0
Crypto_MinVariance,2022-06-01,TRX-USD,0.123677
Crypto_MinVariance,2022-06-01,XLM-USD,0.0
Crypto_MinVariance,2022-06-01,XRP-USD,0.0
Crypto_MinVariance,2022-07-01,ADA-USD,0.0
Crypto_MinVariance,2022-07-01,BCH-USD,0.0
Crypto_MinVariance,2022-07-01,BTC-USD,0.834307
Crypto_MinVariance,2022-07-01,EOS-USD,0.0
Crypto_MinVariance,2022-07-01,ETC-USD,0.0
Crypto_MinVariance,2022-07-01,ETH-USD,0.0
Crypto_MinVariance,2022-07-01,LTC-USD,0.0
Crypto_MinVariance,2022-07-01,TRX-USD,0.165693
Crypto_MinVariance,2022-07-01,XLM-USD,0.0
Crypto_MinVariance,2022-07-01,XRP-USD,0.0
Crypto_MinVariance,2022-08-01,ADA-USD,0.0
Crypto_MinVariance,2022-08-01,BCH-USD,0.0
Crypto_MinVariance,2022-08-01,BTC-USD,0.802
Crypto_MinVariance,2022-08-01,EOS-USD,0.0
Crypto_MinVariance,2022-08-01,ETC-USD,0.0
Crypto_MinVariance,2022-08-01,ETH-USD,0.0
Crypto_MinVariance,2022-08-01,LTC-USD,0.0
Crypto_MinVariance,2022-08-01,TRX-USD,0.198
Crypto_MinVariance,2022-08-01,XLM-USD,0.0
Crypto_MinVariance,2022-08-01,XRP-USD,0.0
Crypto_MinVariance,2022-09-01,ADA-USD,0.0
Crypto_MinVariance,2022-09-01,BCH-USD,0.0
Crypto_MinVariance,2022-09-01,BTC-USD,0.770583
Crypto_MinVariance,2022-09-01,EOS-USD,0.0
Crypto_MinVariance,2022-09-01,ETC-USD,0.0
Crypto_MinVariance,2022-09-01,ETH-USD,0.0
Crypto_MinVariance,2022-09-01,LTC-USD,0.0
Crypto_MinVariance,2022-09-01,TRX-USD,0.208657
Crypto_MinVariance,2022-09-01,XLM-USD,0.0
Crypto_MinVariance,2022-09-01,XRP-USD,0.02076
Crypto_MinVariance,2022-10-03,ADA-USD,0.0
Crypto_MinVariance,2022-10-03,BCH-USD,0.0
Crypto_MinVariance,2022-10-03,BTC-USD,0.608612
Crypto_MinVariance,2022-10-03,EOS-USD,0.0
Crypto_MinVariance,2022-10-03,ETC-USD,0.0
Crypto_MinVariance,2022-10-03,ETH-USD,0.0
Crypto_MinVariance,2022-10-03,LTC-USD,0.0
Crypto_MinVariance,2022-10-03,TRX-USD,0.346702
Crypto_MinVariance,2022-10-03,XLM-USD,0.0
Crypto_MinVariance,2022-10-03,XRP-USD,0.044687
Crypto_MinVariance,2022-11-01,ADA-USD,0.0
Crypto_MinVariance,2022-11-01,BCH-USD,0.0
Crypto_MinVariance,2022-11-01,BTC-USD,0.661219
Crypto_MinVariance,2022-11-01,EOS-USD,0.0
Crypto_MinVariance,2022-11-01,ETC-USD,0.0
Crypto_MinVariance,2022-11-01,ETH-USD,0.0
Crypto_MinVariance,2022-11-01,LTC-USD,0.0
Crypto_MinVariance,2022-11-01,TRX-USD,0.317318
Crypto_MinVariance,2022-11-01,XLM-USD,0.0
Crypto_MinVariance,2022-11-01,XRP-USD,0.021464
Crypto_MinVariance,2022-12-01,ADA-USD,0.0
Crypto_MinVariance,2022-12-01,BCH-USD,0.0
Crypto_MinVariance,2022-12-01,BTC-USD,0.576094
Crypto_MinVariance,2022-12-01,EOS-USD,0.0
Crypto_MinVariance,2022-12-01,ETC-USD,0.0
Crypto_MinVariance,2022-12-01,ETH-USD,0.0
Crypto_MinVariance,2022-12-01,LTC-USD,0.0
Crypto_MinVariance,2022-12-01,TRX-USD,0.423906
Crypto_MinVariance,2022-12-01,XLM-USD,0.0
Crypto_MinVariance,2022-12-01,XRP-USD,0.0
Crypto_MinVariance,2023-01-03,ADA-USD,0.0
Crypto_MinVariance,2023-01-03,BCH-USD,0.0
Crypto_MinVariance,2023-01-03,BTC-USD,0.579302
Crypto_MinVariance,2023-01-03,EOS-USD,0.0
Crypto_MinVariance,2023-01-03,ETC-USD,0.0
Crypto_MinVariance,2023-01-03,ETH-USD,0.0
Crypto_MinVariance,2023-01-03,LTC-USD,0.0
Crypto_MinVariance,2023-01-03,TRX-USD,0.420698
Crypto_MinVariance,2023-01-03,XLM-USD,0.0
Crypto_MinVariance,2023-01-03,XRP-USD,0.0
Crypto_MinVariance,2023-02-01,ADA-USD,0.0
Crypto_MinVariance,2023-02-01,BCH-USD,0.0
Crypto_MinVariance,2023-02-01,BTC-USD,0.557322
Crypto_MinVariance,2023-02-01,EOS-USD,0.0
Crypto_MinVariance,2023-02-01,ETC-USD,0.0
Crypto_MinVariance,2023-02-01,ETH-USD,0.0
Crypto_MinVariance,2023-02-01,LTC-USD,0.0
Crypto_MinVariance,2023-02-01,TRX-USD,0.442678
Crypto_MinVariance,2023-02-01,XLM-USD,0.0
Crypto_MinVariance,2023-02-01,XRP-USD,0.0
Crypto_MinVariance,2023-03-01,ADA-USD,0.0
Crypto_MinVariance,2023-03-01,BCH-USD,0.0
Crypto_MinVariance,2023-03-01,BTC-USD,0.573959
Crypto_MinVariance,2023-03-01,EOS-USD,0.0
Crypto_MinVariance,2023-03-01,ETC-USD,0.0
Crypto_MinVariance,2023-03-01,ETH-USD,0.0
Crypto_MinVariance,2023-03-01,LTC-USD,0.0
Crypto_MinVariance,2023-03-01,TRX-USD,0.423343
Crypto_MinVariance,2023-03-01,XLM-USD,0.002698
Crypto_MinVariance,2023-03-01,XRP-USD,0.0
Crypto_MinVariance,2023-04-03,ADA-USD,0.0
Crypto_MinVariance,2023-04-03,BCH-USD,0.0
Crypto_MinVariance,2023-04-03,BTC-USD,0.648028
Crypto_MinVariance,2023-04-03,EOS-USD,0.0
Crypto_MinVariance,2023-04-03,ETC-USD,0.0
Crypto_MinVariance,2023-04-03,ETH-USD,0.0
Crypto_MinVariance,2023-04-03,LTC-USD,0.0
Crypto_MinVariance,2023-04-03,TRX-USD,0.335508
Crypto_MinVariance,2023-04-03,XLM-USD,0.016464
Crypto_MinVariance,2023-04-03,XRP-USD,0.0
Crypto_MinVariance,2023-05-01,ADA-USD,0.0
Crypto_MinVariance,2023-05-01,BCH-USD,0.0
Crypto_MinVariance,2023-05-01,BTC-USD,0.568343
Crypto_MinVariance,2023-05-01,EOS-USD,0.0
Crypto_MinVariance,2023-05-01,ETC-USD,0.0
Crypto_MinVariance,2023-05-01,ETH-USD,0.0
Crypto_MinVariance,2023-05-01,LTC-USD,0.0
Crypto_MinVariance,2023-05-01,TRX-USD,0.396231
Crypto_MinVariance,2023-05-01,XLM-USD,0.035426
Crypto_MinVariance,2023-05-01,XRP-USD,0.0
Crypto_MinVariance,2023-06-01,ADA-USD,0.0
Crypto_MinVariance,2023-06-01,BCH-USD,0.0
Crypto_MinVariance,2023-06-01,BTC-USD,0.213773
Crypto_MinVariance,2023-06-01,EOS-USD,0.0
Crypto_MinVariance,2023-06-01,ETC-USD,0.0
Crypto_MinVariance,2023-06-01,ETH-USD,0.0
Crypto_MinVariance,2023-06-01,LTC-USD,0.0
Crypto_MinVariance,2023-06-01,TRX-USD,0.690772
Crypto_MinVariance,2023-06-01,XLM-USD,0.095456
Crypto_MinVariance,2023-06-01,XRP-USD,0.0
Crypto_MinVariance,2023-07-03,ADA-USD,0.0
Crypto_MinVariance,2023-07-03,BCH-USD,0.0
Crypto_MinVariance,2023-07-03,BTC-USD,0.182269
Crypto_MinVariance,2023-07-03,EOS-USD,0.0
Crypto_MinVariance,2023-07-03,ETC-USD,0.0
Crypto_MinVariance,2023-07-03,ETH-USD,0.0
Crypto_MinVariance,2023-07-03,LTC-USD,0.0
Crypto_MinVariance,2023-07-03,TRX-USD,0.816312
Crypto_MinVariance,2023-07-03,XLM-USD,0.001419
Crypto_MinVariance,2023-07-03,XRP-USD,0.0
Crypto_MinVariance,2023-08-01,ADA-USD,0.0
Crypto_MinVariance,2023-08-01,BCH-USD,0.0
Crypto_MinVariance,2023-08-01,BTC-USD,0.241185
Crypto_MinVariance,2023-08-01,EOS-USD,0.0
Crypto_MinVariance,2023-08-01,ETC-USD,0.0
Crypto_MinVariance,2023-08-01,ETH-USD,0.0
Crypto_MinVariance,2023-08-01,LTC-USD,0.0
Crypto_MinVariance,2023-08-01,TRX-USD,0.758815
Crypto_MinVariance,2023-08-01,XLM-USD,0.0
Crypto_MinVariance,2023-08-01,XRP-USD,0.0
Crypto_MinVariance,2023-09-01,ADA-USD,0.0
Crypto_MinVariance,2023-09-01,BCH-USD,0.0
Crypto_MinVariance,2023-09-01,BTC-USD,0.247267
Crypto_MinVariance,2023-09-01,EOS-USD,0.0
Crypto_MinVariance,2023-09-01,ETC-USD,0.0
Crypto_MinVariance,2023-09-01,ETH-USD,0.0
Crypto_MinVariance,2023-09-01,LTC-USD,0.0
Crypto_MinVariance,2023-09-01,TRX-USD,0.752733
Crypto_MinVariance,2023-09-01,XLM-USD,0.0
Crypto_MinVariance,2023-09-01,XRP-USD,0.0
Crypto_MinVariance,2023-10-02,ADA-USD,0.0
Crypto_MinVariance,2023-10-02,BCH-USD,0.0
Crypto_MinVariance,2023-10-02,BTC-USD,0.329126
Crypto_MinVariance,2023-10-02,EOS-USD,0.0
Crypto_MinVariance,2023-10-02,ETC-USD,0.0
Crypto_MinVariance,2023-10-02,ETH-USD,0.0
Crypto_MinVariance,2023-10-02,LTC-USD,0.0
Crypto_MinVariance,2023-10-02,TRX-USD,0.670874
Crypto_MinVariance,2023-10-02,XLM-USD,0.0
Crypto_MinVariance,2023-10-02,XRP-USD,0.0
Crypto_MinVariance,2023-11-01,ADA-USD,0.0
Crypto_MinVariance,2023-11-01,BCH-USD,0.0
Crypto_MinVariance,2023-11-01,BTC-USD,0.300741
Crypto_MinVariance,2023-11-01,EOS-USD,0.0
Crypto_MinVariance,2023-11-01,ETC-USD,0.0
Crypto_MinVariance,2023-11-01,ETH-USD,0.0
Crypto_MinVariance,2023-11-01,LTC-USD,0.0
Crypto_MinVariance,2023-11-01,TRX-USD,0.699259
Crypto_MinVariance,2023-11-01,XLM-USD,0.0
Crypto_MinVariance,2023-11-01,XRP-USD,0.0
Crypto_MinVariance,2023-12-01,ADA-USD,0.0
Crypto_MinVariance,2023-12-01,BCH-USD,0.0
Crypto_MinVariance,2023-12-01,BTC-USD,0.408765
Crypto_MinVariance,2023-12-01,EOS-USD,0.0
Crypto_MinVariance,2023-12-01,ETC-USD,0.0
Crypto_MinVariance,2023-12-01,ETH-USD,0.037279
Crypto_MinVariance,2023-12-01,LTC-USD,0.0
Crypto_MinVariance,2023-12-01,TRX-USD,0.553956
Crypto_MinVariance,2023-12-01,XLM-USD,0.0
Crypto_MinVariance,2023-12-01,XRP-USD,0.0
Crypto_MaxSharpe,2021-01-04,ADA-USD,0.0
Crypto_MaxSharpe,2021-01-04,BCH-USD,0.0
Crypto_MaxSharpe,2021-01-04,BTC-USD,0.904735
Crypto_MaxSharpe,2021-01-04,EOS-USD,0.0
Crypto_MaxSharpe,2021-01-04,ETC-USD,0.0
Crypto_MaxSharpe,2021-01-04,ETH-USD,0.0
Crypto_MaxSharpe,2021-01-04,LTC-USD,0.0
Crypto_MaxSharpe,2021-01-04,TRX-USD,0.0
Crypto_MaxSharpe,2021-01-04,XLM-USD,0.095265
Crypto_MaxSharpe,2021-01-04,XRP-USD,0.0
Crypto_MaxSharpe,2021-02-01,ADA-USD,0.0
Crypto_MaxSharpe,2021-02-01,BCH-USD,0.0
Crypto_MaxSharpe,2021-02-01,BTC-USD,0.769607
Crypto_MaxSharpe,2021-02-01,EOS-USD,0.0
Crypto_MaxSharpe,2021-02-01,ETC-USD,0.0
Crypto_MaxSharpe,2021-02-01,ETH-USD,0.0
Crypto_MaxSharpe,2021-02-01,LTC-USD,0.0
Crypto_MaxSharpe,2021-02-01,TRX-USD,0.0
Crypto_MaxSharpe,2021-02-01,XLM-USD,0.230393
Crypto_MaxSharpe,2021-02-01,XRP-USD,0.0
Crypto_MaxSharpe,2021-03-01,ADA-USD,0.239728
Crypto_MaxSharpe,2021-03-01,BCH-USD,0.0
Crypto_MaxSharpe,2021-03-01,BTC-USD,0.672245
Crypto_MaxSharpe,2021-03-01,EOS-USD,0.0
Crypto_MaxSharpe,2021-03-01,ETC-USD,0.0
Crypto_MaxSharpe,2021-03-01,ETH-USD,0.0
Crypto_MaxSharpe,2021-03-01,LTC-USD,0.0
Crypto_MaxSharpe,2021-03-01,TRX-USD,0.0
Crypto_MaxSharpe,2021-03-01,XLM-USD,0.088028
Crypto_MaxSharpe,2021-03-01,XRP-USD,0.0
Crypto_MaxSharpe,2021-04-01,ADA-USD,0.186266
Crypto_MaxSharpe,2021-04-01,BCH-USD,0.0
Crypto_MaxSharpe,2021-04-01,BTC-USD,0.716336
Crypto_MaxSharpe,2021-04-01,EOS-USD,0.0
Crypto_MaxSharpe,2021-04-01,ETC-USD,0.0
Crypto_MaxSharpe,2021-04-01,ETH-USD,0.0
Crypto_MaxSharpe,2021-04-01,LTC-USD,0.0
Crypto_MaxSharpe,2021-04-01,TRX-USD,0.097399
Crypto_MaxSharpe,2021-04-01,XLM-USD,0.0
Crypto_MaxSharpe,2021-04-01,XRP-USD,0.0
Crypto_MaxSharpe,2021-05-03,ADA-USD,0.220147
Crypto_MaxSharpe,2021-05-03,BCH-USD,0.0
Crypto_MaxSharpe,2021-05-03,BTC-USD,0.711846
Crypto_MaxSharpe,2021-05-03,EOS-USD,0.0
Crypto_MaxSharpe,2021-05-03,ETC-USD,0.0
Crypto_MaxSharpe,2021-05-03,ETH-USD,0.0
Crypto_MaxSharpe,2021-05-03,LTC-USD,0.0
Crypto_MaxSharpe,2021-05-03,TRX-USD,0.068007
Crypto_MaxSharpe,2021-05-03,XLM-USD,0.0
Crypto_MaxSharpe,2021-05-03,XRP-USD,0.0
Crypto_MaxSharpe,2021-06-01,ADA-USD,0.240988
Crypto_MaxSharpe,2021-06-01,BCH-USD,0.0
Crypto_MaxSharpe,2021-06-01,BTC-USD,0.52148
Crypto_MaxSharpe,2021-06-01,EOS-USD,0.0
Crypto_MaxSharpe,2021-06-01,ETC-USD,0.191907
Crypto_MaxSharpe,2021-06-01,ETH-USD,0.045626
Crypto_MaxSharpe,2021-06-01,LTC-USD,0.0
Crypto_MaxSharpe,2021-06-01,TRX-USD,0.0
Crypto_MaxSharpe,2021-06-01,XLM-USD,0.0
Crypto_MaxSharpe,2021-06-01,XRP-USD,0.0
Crypto_MaxSharpe,2021-07-01,ADA-USD,0.145652
Crypto_MaxSharpe,2021-07-01,BCH-USD,0.0
Crypto_MaxSharpe,2021-07-01,BTC-USD,0.594934
Crypto_MaxSharpe,2021-07-01,EOS-USD,0.0
Crypto_MaxSharpe,2021-07-01,ETC-USD,0.259413
Crypto_MaxSharpe,2021-07-01,ETH-USD,0.0
Crypto_MaxSharpe,2021-07-01,LTC-USD,0.0
Crypto_MaxSharpe,2021-07-01,TRX-USD,0.0
Crypto_MaxSharpe,2021-07-01,XLM-USD,0.0
Crypto_MaxSharpe,2021-07-01,XRP-USD,0.0
Crypto_MaxSharpe,2021-08-02,ADA-USD,0.060353
Crypto_MaxSharpe,2021-08-02,BCH-USD,0.0
Crypto_MaxSharpe,2021-08-02,BTC-USD,0.729119
Crypto_MaxSharpe,2021-08-02,EOS-USD,0.0
Crypto_MaxSharpe,2021-08-02,ETC-USD,0.210527
Crypto_MaxSharpe,2021-08-02,ETH-USD,0.0
Crypto_MaxSharpe,2021-08-02,LTC-USD,0.0
Crypto_MaxSharpe,2021-08-02,TRX-USD,0.0
Crypto_MaxSharpe,2021-08-02,XLM-USD,0.0
Crypto_MaxSharpe,2021-08-02,XRP-USD,0.0
Crypto_MaxSharpe,2021-09-01,ADA-USD,0.359022
Crypto_MaxSharpe,2021-09-01,BCH-USD,0.0
Crypto_MaxSharpe,2021-09-01,BTC-USD,0.510845
Crypto_MaxSharpe,2021-09-01,EOS-USD,0.0
Crypto_MaxSharpe,2021-09-01,ETC-USD,0.130133
Crypto_MaxSharpe,2021-09-01,ETH-USD,0.0
Crypto_MaxSharpe,2021-09-01,LTC-USD,0.0
Crypto_MaxSharpe,2021-09-01,TRX-USD,0.0
Crypto_MaxSharpe,2021-09-01,XLM-USD,0.0
Crypto_MaxSharpe,2021-09-01,XRP-USD,0.0
Crypto_MaxSharpe,2021-10-01,ADA-USD,0.404099
Crypto_MaxSharpe,2021-10-01,BCH-USD,0.0
Crypto_MaxSharpe,2021-10-01,BTC-USD,0.485474
Crypto_MaxSharpe,2021-10-01,EOS-USD,0.0
Crypto_MaxSharpe,2021-10-01,ETC-USD,0.110427
Crypto_MaxSharpe,2021-10-01,ETH-USD,0.0
Crypto_MaxSharpe,2021-10-01,LTC-USD,0.0
Crypto_MaxSharpe,2021-10-01,TRX-USD,0.0
Crypto_MaxSharpe,2021-10-01,XLM-USD,0.0
Crypto_MaxSharpe,2021-10-01,XRP-USD,0.0
Crypto_MaxSharpe,2021-11-01,ADA-USD,0.377275
Crypto_MaxSharpe,2021-11-01,BCH-USD,0.0
Crypto_MaxSharpe,2021-11-01,BTC-USD,0.52689
Crypto_MaxSharpe,2021-11-01,EOS-USD,0.0
Crypto_MaxSharpe,2021-11-01,ETC-USD,0.095835
Crypto_MaxSharpe,2021-11-01,ETH-USD,0.0
Crypto_MaxSharpe,2021-11-01,LTC-USD,0.0
Crypto_MaxSharpe,2021-11-01,TRX-USD,0.0
Crypto_MaxSharpe,2021-11-01,XLM-USD,0.0
Crypto_MaxSharpe,2021-11-01,XRP-USD,0.0
Crypto_MaxSharpe,2021-12-01,ADA-USD,0.551938
Crypto_MaxSharpe,2021-12-01,BCH-USD,0.0
Crypto_MaxSharpe,2021-12-01,BTC-USD,0.0
Crypto_MaxSharpe,2021-12-01,EOS-USD,0.0
Crypto_MaxSharpe,2021-12-01,ETC-USD,0.174856
Crypto_MaxSharpe,2021-12-01,ETH-USD,0.273206
Crypto_MaxSharpe,2021-12-01,LTC-USD,0.0
Crypto_MaxSharpe,2021-12-01,TRX-USD,0.0
Crypto_MaxSharpe,2021-12-01,XLM-USD,0.0
Crypto_MaxSharpe,2021-12-01,XRP-USD,0.0
Crypto_MaxSharpe,2022-01-03,ADA-USD,0.628228
Crypto_MaxSharpe,2022-01-03,BCH-USD,0.0
Crypto_MaxSharpe,2022-01-03,BTC-USD,0.0
Crypto_MaxSharpe,2022-01-03,EOS-USD,0.0
Crypto_MaxSharpe,2022-01-03,ETC-USD,0.292884
Crypto_MaxSharpe,2022-01-03,ETH-USD,0.0
Crypto_MaxSharpe,2022-01-03,LTC-USD,0.0
Crypto_MaxSharpe,2022-01-03,TRX-USD,0.0
Crypto_MaxSharpe,2022-01-03,XLM-USD,0.0
Crypto_MaxSharpe,2022-01-03,XRP-USD,0.078888
Crypto_MaxSharpe,2022-02-01,ADA-USD,0.0
Crypto_MaxSharpe,2022-02-01,BCH-USD,0.0
Crypto_MaxSharpe,2022-02-01,BTC-USD,0.0
Crypto_MaxSharpe,2022-02-01,EOS-USD,0.0
Crypto_MaxSharpe,2022-02-01,ETC-USD,0.775884
Crypto_MaxSharpe,2022-02-01,ETH-USD,0.0
Crypto_MaxSharpe,2022-02-01,LTC-USD,0.0
Crypto_MaxSharpe,2022-02-01,TRX-USD,0.0
Crypto_MaxSharpe,2022-02-01,XLM-USD,0.0
Crypto_MaxSharpe,2022-02-01,XRP-USD,0.224116
Crypto_MaxSharpe,2022-03-01,ADA-USD,0.0
Crypto_MaxSharpe,2022-03-01,BCH-USD,0.0
Crypto_MaxSharpe,2022-03-01,BTC-USD,0.0
Crypto_MaxSharpe,2022-03-01,EOS-USD,0.0
Crypto_MaxSharpe,2022-03-01,ETC-USD,0.949683
Crypto_MaxSharpe,2022-03-01,ETH-USD,0.0
Crypto_MaxSharpe,2022-03-01,LTC-USD,0.0
Crypto_MaxSharpe,2022-03-01,TRX-USD,0.0
Crypto_MaxSharpe,2022-03-01,XLM-USD,0.0
Crypto_MaxSharpe,2022-03-01,XRP-USD,0.050317
Crypto_MaxSharpe,2022-04-01,ADA-USD,0.0
Crypto_MaxSharpe,2022-04-01,BCH-USD,0.0
Crypto_MaxSharpe,2022-04-01,BTC-USD,0.0
Crypto_MaxSharpe,2022-04-01,EOS-USD,0.0
Crypto_MaxSharpe,2022-04-01,ETC-USD,1.0
Crypto_MaxSharpe,2022-04-01,ETH-USD,0.0
Crypto_MaxSharpe,2022-04-01,LTC-USD,0.0
Crypto_MaxSharpe,2022-04-01,TRX-USD,0.0
Crypto_MaxSharpe,2022-04-01,XLM-USD,0.0
Crypto_MaxSharpe,2022-04-01,XRP-USD,0.0
Crypto_MaxSharpe,2022-05-02,ADA-USD,0.0
Crypto_MaxSharpe,2022-05-02,BCH-USD,0.0
Crypto_MaxSharpe,2022-05-02,BTC-USD,0.0
Crypto_MaxSharpe,2022-05-02,EOS-USD,0.0
Crypto_MaxSharpe,2022-05-02,ETC-USD,1.0
Crypto_MaxSharpe,2022-05-02,ETH-USD,0.0
Crypto_MaxSharpe,2022-05-02,LTC-USD,0.0
Crypto_MaxSharpe,2022-05-02,TRX-USD,0.0
Crypto_MaxSharpe,2022-05-02,XLM-USD,0.0
Crypto_MaxSharpe,2022-05-02,XRP-USD,0.0
Crypto_MaxSharpe,2022-06-01,ADA-USD,0.0
Crypto_MaxSharpe,2022-06-01,BCH-USD,0.0
Crypto_MaxSharpe,2022-06-01,BTC-USD,0.0
Crypto_MaxSharpe,2022-06-01,EOS-USD,0.0
Crypto_MaxSharpe,2022-06-01,ETC-USD,0.0
Crypto_MaxSharpe,2022-06-01,ETH-USD,0.0
Crypto_MaxSharpe,2022-06-01,LTC-USD,0.0
Crypto_MaxSharpe,2022-06-01,TRX-USD,1.0
Crypto_MaxSharpe,2022-06-01,XLM-USD,0.0
Crypto_MaxSharpe,2022-06-01,XRP-USD,0.0
Crypto_MaxSharpe,2022-07-01,ADA-USD,0.0
Crypto_MaxSharpe,2022-07-01,BCH-USD,0.0
Crypto_MaxSharpe,2022-07-01,BTC-USD,0.0
Crypto_MaxSharpe,2022-07-01,EOS-USD,0.0
Crypto_MaxSharpe,2022-07-01,ETC-USD,0.0
Crypto_MaxSharpe,2022-07-01,ETH-USD,0.0
Crypto_MaxSharpe,2022-07-01,LTC-USD,0.0
Crypto_MaxSharpe,2022-07-01,TRX-USD,1.0
Crypto_MaxSharpe,2022-07-01,XLM-USD,0.0
Crypto_MaxSharpe,2022-07-01,XRP-USD,0.0
Crypto_MaxSharpe,2022-08-01,ADA-USD,0.0
Crypto_MaxSharpe,2022-08-01,BCH-USD,0.0
Crypto_MaxSharpe,2022-08-01,BTC-USD,0.0
Crypto_MaxSharpe,2022-08-01,EOS-USD,0.0
Crypto_MaxSharpe,2022-08-01,ETC-USD,0.0
Crypto_MaxSharpe,2022-08-01,ETH-USD,0.0
Crypto_MaxSharpe,2022-08-01,LTC-USD,0.0
Crypto_MaxSharpe,2022-08-01,TRX-USD,1.0
Crypto_MaxSharpe,2022-08-01,XLM-USD,0.0
Crypto_MaxSharpe,2022-08-01,XRP-USD,0.0
Crypto_MaxSharpe,2022-09-01,ADA-USD,0.0
Crypto_MaxSharpe,2022-09-01,BCH-USD,0.0
Crypto_MaxSharpe,2022-09-01,BTC-USD,0.0
Crypto_MaxSharpe,2022-09-01,EOS-USD,0.0
Crypto_MaxSharpe,2022-09-01,ETC-USD,1.0
Crypto_MaxSharpe,2022-09-01,ETH-USD,0.0
Crypto_MaxSharpe,2022-09-01,LTC-USD,0.0
Crypto_MaxSharpe,2022-09-01,TRX-USD,0.0
Crypto_MaxSharpe,2022-09-01,XLM-USD,0.0
Crypto_MaxSharpe,2022-09-01,XRP-USD,0.0
Crypto_MaxSharpe,2022-10-03,ADA-USD,0.0
Crypto_MaxSharpe,2022-10-03,BCH-USD,0.0
Crypto_MaxSharpe,2022-10-03,BTC-USD,0.0
Crypto_MaxSharpe,2022-10-03,EOS-USD,0.0
Crypto_MaxSharpe,2022-10-03,ETC-USD,1.0
Crypto_MaxSharpe,2022-10-03,ETH-USD,0.0
Crypto_MaxSharpe,2022-10-03,LTC-USD,0.0
Crypto_MaxSharpe,2022-10-03,TRX-USD,0.0
Crypto_MaxSharpe,2022-10-03,XLM-USD,0.0
Crypto_MaxSharpe,2022-10-03,XRP-USD,0.0
Crypto_MaxSharpe,2022-11-01,ADA-USD,0.0
Crypto_MaxSharpe,2022-11-01,BCH-USD,0.0
Crypto_MaxSharpe,2022-11-01,BTC-USD,0.0
Crypto_MaxSharpe,2022-11-01,EOS-USD,0.0
Crypto_MaxSharpe,2022-11-01,ETC-USD,1.0
Crypto_MaxSharpe,2022-11-01,ETH-USD,0.0
Crypto_MaxSharpe,2022-11-01,LTC-USD,0.0
Crypto_MaxSharpe,2022-11-01,TRX-USD,0.0
Crypto_MaxSharpe,2022-11-01,XLM-USD,0.0
Crypto_MaxSharpe,2022-11-01,XRP-USD,0.0
Crypto_MaxSharpe,2022-12-01,ADA-USD,0.0
Crypto_MaxSharpe,2022-12-01,BCH-USD,0.0
Crypto_MaxSharpe,2022-12-01,BTC-USD,0.0
Crypto_MaxSharpe,2022-12-01,EOS-USD,0.0
Crypto_MaxSharpe,2022-12-01,ETC-USD,1.0
Crypto_MaxSharpe,2022-12-01,ETH-USD,0.0
Crypto_MaxSharpe,2022-12-01,LTC-USD,0.0
Crypto_MaxSharpe,2022-12-01,TRX-USD,0.0
Crypto_MaxSharpe,2022-12-01,XLM-USD,0.0
Crypto_MaxSharpe,2022-12-01,XRP-USD,0.0
Crypto_MaxSharpe,2023-01-03,ADA-USD,0.0
Crypto_MaxSharpe,2023-01-03,BCH-USD,0.0
Crypto_MaxSharpe,2023-01-03,BTC-USD,0.0
Crypto_MaxSharpe,2023-01-03,EOS-USD,0.0
Crypto_MaxSharpe,2023-01-03,ETC-USD,1.0
Crypto_MaxSharpe,2023-01-03,ETH-USD,0.0
Crypto_MaxSharpe,2023-01-03,LTC-USD,0.0
Crypto_MaxSharpe,2023-01-03,TRX-USD,0.0
Crypto_MaxSharpe,2023-01-03,XLM-USD,0.0
Crypto_MaxSharpe,2023-01-03,XRP-USD,0.0
Crypto_MaxSharpe,2023-02-01,ADA-USD,0.0
Crypto_MaxSharpe,2023-02-01,BCH-USD,0.0
Crypto_MaxSharpe,2023-02-01,BTC-USD,0.0
Crypto_MaxSharpe,2023-02-01,EOS-USD,0.0
Crypto_MaxSharpe,2023-02-01,ETC-USD,0.741686
Crypto_MaxSharpe,2023-02-01,ETH-USD,0.0
Crypto_MaxSharpe,2023-02-01,LTC-USD,0.0
Crypto_MaxSharpe,2023-02-01,TRX-USD,0.0
Crypto_MaxSharpe,2023-02-01,XLM-USD,0.0
Crypto_MaxSharpe,2023-02-01,XRP-USD,0.258314
Crypto_MaxSharpe,2023-03-01,ADA-USD,0.0
Crypto_MaxSharpe,2023-03-01,BCH-USD,0.0
Crypto_MaxSharpe,2023-03-01,BTC-USD,0.0
Crypto_MaxSharpe,2023-03-01,EOS-USD,0.0
Crypto_MaxSharpe,2023-03-01,ETC-USD,0.0
Crypto_MaxSharpe,2023-03-01,ETH-USD,0.0
Crypto_MaxSharpe,2023-03-01,LTC-USD,0.0
Crypto_MaxSharpe,2023-03-01,TRX-USD,1.0
Crypto_MaxSharpe,2023-03-01,XLM-USD,0.0
Crypto_MaxSharpe,2023-03-01,XRP-USD,0.0
Crypto_MaxSharpe,2023-04-03,ADA-USD,0.0
Crypto_MaxSharpe,2023-04-03,BCH-USD,0.0
Crypto_MaxSharpe,2023-04-03,BTC-USD,0.0
Crypto_MaxSharpe,2023-04-03,EOS-USD,0.0
Crypto_MaxSharpe,2023-04-03,ETC-USD,0.0
Crypto_MaxSharpe,2023-04-03,ETH-USD,0.0
Crypto_MaxSharpe,2023-04-03,LTC-USD,0.0
Crypto_MaxSharpe,2023-04-03,TRX-USD,0.0
Crypto_MaxSharpe,2023-04-03,XLM-USD,0.0
Crypto_MaxSharpe,2023-04-03,XRP-USD,1.0
Crypto_MaxSharpe,2023-05-01,ADA-USD,0.0
Crypto_MaxSharpe,2023-05-01,BCH-USD,0.0
Crypto_MaxSharpe,2023-05-01,BTC-USD,0.0
Crypto_MaxSharpe,2023-05-01,EOS-USD,0.0
Crypto_MaxSharpe,2023-05-01,ETC-USD,0.0
Crypto_MaxSharpe,2023-05-01,ETH-USD,0.0
Crypto_MaxSharpe,2023-05-01,LTC-USD,0.0
Crypto_MaxSharpe,2023-05-01,TRX-USD,0.0
Crypto_MaxSharpe,2023-05-01,XLM-USD,0.0
Crypto_MaxSharpe,2023-05-01,XRP-USD,1.0
Crypto_MaxSharpe,2023-06-01,ADA-USD,0.0
Crypto_MaxSharpe,2023-06-01,BCH-USD,0.0
Crypto_MaxSharpe,2023-06-01,BTC-USD,0.0
Crypto_MaxSharpe,2023-06-01,EOS-USD,0.0
Crypto_MaxSharpe,2023-06-01,ETC-USD,0.0
Crypto_MaxSharpe,2023-06-01,ETH-USD,0.0
Crypto_MaxSharpe,2023-06-01,LTC-USD,0.0
Crypto_MaxSharpe,2023-06-01,TRX-USD,0.0
Crypto_MaxSharpe,2023-06-01,XLM-USD,0.0
Crypto_MaxSharpe,2023-06-01,XRP-USD,1.0
Crypto_MaxSharpe,2023-07-03,ADA-USD,0.0
Crypto_MaxSharpe,2023-07-03,BCH-USD,0.569833
Crypto_MaxSharpe,2023-07-03,BTC-USD,0.0
Crypto_MaxSharpe,2023-07-03,EOS-USD,0.0
Crypto_MaxSharpe,2023-07-03,ETC-USD,0.0
Crypto_MaxSharpe,2023-07-03,ETH-USD,0.0
Crypto_MaxSharpe,2023-07-03,LTC-USD,0.0
Crypto_MaxSharpe,2023-07-03,TRX-USD,0.0
Crypto_MaxSharpe,2023-07-03,XLM-USD,0.0
Crypto_MaxSharpe,2023-07-03,XRP-USD,0.430167
Crypto_MaxSharpe,2023-08-01,ADA-USD,0.0
Crypto_MaxSharpe,2023-08-01,BCH-USD,0.508821
Crypto_MaxSharpe,2023-08-01,BTC-USD,0.0
Crypto_MaxSharpe,2023-08-01,EOS-USD,0.0
Crypto_MaxSharpe,2023-08-01,ETC-USD,0.0
Crypto_MaxSharpe,2023-08-01,ETH-USD,0.0
Crypto_MaxSharpe,2023-08-01,LTC-USD,0.0
Crypto_MaxSharpe,2023-08-01,TRX-USD,0.0
Crypto_MaxSharpe,2023-08-01,XLM-USD,0.0
Crypto_MaxSharpe,2023-08-01,XRP-USD,0.491179
Crypto_MaxSharpe,2023-09-01,ADA-USD,0.0
Crypto_MaxSharpe,2023-09-01,BCH-USD,0.585944
Crypto_MaxSharpe,2023-09-01,BTC-USD,0.0
Crypto_MaxSharpe,2023-09-01,EOS-USD,0.0
Crypto_MaxSharpe,2023-09-01,ETC-USD,0.0
Crypto_MaxSharpe,2023-09-01,ETH-USD,0.0
Crypto_MaxSharpe,2023-09-01,LTC-USD,0.0
Crypto_MaxSharpe,2023-09-01,TRX-USD,0.0
Crypto_MaxSharpe,2023-09-01,XLM-USD,0.0
Crypto_MaxSharpe,2023-09-01,XRP-USD,0.414056
Crypto_MaxSharpe,2023-10-02,ADA-USD,0.0
Crypto_MaxSharpe,2023-10-02,BCH-USD,0.735903
Crypto_MaxSharpe,2023-10-02,BTC-USD,0.0
Crypto_MaxSharpe,2023-10-02,EOS-USD,0.0
Crypto_MaxSharpe,2023-10-02,ETC-USD,0.0
Crypto_MaxSharpe,2023-10-02,ETH-USD,0.0
Crypto_MaxSharpe,2023-10-02,LTC-USD,0.0
Crypto_MaxSharpe,2023-10-02,TRX-USD,0.030627
Crypto_MaxSharpe,2023-10-02,XLM-USD,0.0
Crypto_MaxSharpe,2023-10-02,XRP-USD,0.233471
Crypto_MaxSharpe,2023-11-01,ADA-USD,0.0
Crypto_MaxSharpe,2023-11-01,BCH-USD,0.7377
Crypto_MaxSharpe,2023-11-01,BTC-USD,0.0
Crypto_MaxSharpe,2023-11-01,EOS-USD,0.0
Crypto_MaxSharpe,2023-11-01,ETC-USD,0.0
Crypto_MaxSharpe,2023-11-01,ETH-USD,0.0
Crypto_MaxSharpe,2023-11-01,LTC-USD,0.0
Crypto_MaxSharpe,2023-11-01,TRX-USD,0.0
Crypto_MaxSharpe,2023-11-01,XLM-USD,0.0
Crypto_MaxSharpe,2023-11-01,XRP-USD,0.2623
Crypto_MaxSharpe,2023-12-01,ADA-USD,0.0
Crypto_MaxSharpe,2023-12-01,BCH-USD,0.252192
Crypto_MaxSharpe,2023-12-01,BTC-USD,0.686958
Crypto_MaxSharpe,2023-12-01,EOS-USD,0.0
Crypto_MaxSharpe,2023-12-01,ETC-USD,0.0
Crypto_MaxSharpe,2023-12-01,ETH-USD,0.0
Crypto_MaxSharpe,2023-12-01,LTC-USD,0.0
Crypto_MaxSharpe,2023-12-01,TRX-USD,0.0
Crypto_MaxSharpe,2023-12-01,XLM-USD,0.0
Crypto_MaxSharpe,2023-12-01,XRP-USD,0.060849
Crypto_RiskParity,2021-01-04,ADA-USD,0.091299
Crypto_RiskParity,2021-01-04,BCH-USD,0.090639
Crypto_RiskParity,2021-01-04,BTC-USD,0.134624
Crypto_RiskParity,2021-01-04,EOS-USD,0.095936
Crypto_RiskParity,2021-01-04,ETC-USD,0.099277
Crypto_RiskParity,2021-01-04,ETH-USD,0.099471
Crypto_RiskParity,2021-01-04,LTC-USD,0.09957
Crypto_RiskParity,2021-01-04,TRX-USD,0.106281
Crypto_RiskParity,2021-01-04,XLM-USD,0.091274
Crypto_RiskParity,2021-01-04,XRP-USD,0.091629
Crypto_RiskParity,2021-02-01,ADA-USD,0.087935
Crypto_RiskParity,2021-02-01,BCH-USD,0.095233
Crypto_RiskParity,2021-02-01,BTC-USD,0.130119
Crypto_RiskParity,2021-02-01,EOS-USD,0.099699
Crypto_RiskParity,2021-02-01,ETC-USD,0.10507
Crypto_RiskParity,2021-02-01,ETH-USD,0.097399
Crypto_RiskParity,2021-02-01,LTC-USD,0.101207
Crypto_RiskParity,2021-02-01,TRX-USD,0.110868
Crypto_RiskParity,2021-02-01,XLM-USD,0.078119
Crypto_RiskParity,2021-02-01,XRP-USD,0.094351
Crypto_RiskParity,2021-03-01,ADA-USD,0.089755
Crypto_RiskParity,2021-03-01,BCH-USD,0.095672
Crypto_RiskParity,2021-03-01,BTC-USD,0.128026
Crypto_RiskParity,2021-03-01,EOS-USD,0.099072
Crypto_RiskParity,2021-03-01,ETC-USD,0.103046
Crypto_RiskParity,2021-03-01,ETH-USD,0.099786
Crypto_RiskParity,2021-03-01,LTC-USD,0.101585
Crypto_RiskParity,2021-03-01,TRX-USD,0.108204
Crypto_RiskParity,2021-03-01,XLM-USD,0.078627
Crypto_RiskParity,2021-03-01,XRP-USD,0.096227
Crypto_RiskParity,2021-04-01,ADA-USD,0.087812
Crypto_RiskParity,2021-04-01,BCH-USD,0.099102
Crypto_RiskParity,2021-04-01,BTC-USD,0.14048
Crypto_RiskParity,2021-04-01,EOS-USD,0.095287
Crypto_RiskParity,2021-04-01,ETC-USD,0.105034
Crypto_RiskParity,2021-04-01,ETH-USD,0.103713
Crypto_RiskParity,2021-04-01,LTC-USD,0.101873
Crypto_RiskParity,2021-04-01,TRX-USD,0.106963
Crypto_RiskParity,2021-04-01,XLM-USD,0.070494
Crypto_RiskParity,2021-04-01,XRP-USD,0.089241
Crypto_RiskParity,2021-05-03,ADA-USD,0.09254
Crypto_RiskParity,2021-05-03,BCH-USD,0.094744
Crypto_RiskParity,2021-05-03,BTC-USD,0.148569
Crypto_RiskParity,2021-05-03,EOS-USD,0.093404
Crypto_RiskParity,2021-05-03,ETC-USD,0.102382
Crypto_RiskParity,2021-05-03,ETH-USD,0.113959
Crypto_RiskParity,2021-05-03,LTC-USD,0.102767
Crypto_RiskParity,2021-05-03,TRX-USD,0.10264
Crypto_RiskParity,2021-05-03,XLM-USD,0.070263
Crypto_RiskParity,2021-05-03,XRP-USD,0.078733
Crypto_RiskParity,2021-06-01,ADA-USD,0.097484
Crypto_RiskParity,2021-06-01,BCH-USD,0.083675
Crypto_RiskParity,2021-06-01,BTC-USD,0.166052
Crypto_RiskParity,2021-06-01,EOS-USD,0.079003
Crypto_RiskParity,2021-06-01,ETC-USD,0.087328
Crypto_RiskParity,2021-06-01,ETH-USD,0.117231
Crypto_RiskParity,2021-06-01,LTC-USD,0.100539
Crypto_RiskParity,2021-06-01,TRX-USD,0.102346
Crypto_RiskParity,2021-06-01,XLM-USD,0.079789
Crypto_RiskParity,2021-06-01,XRP-USD,0.086552
Crypto_RiskParity,2021-07-01,ADA-USD,0.098935
Crypto_RiskParity,2021-07-01,BCH-USD,0.085281
Crypto_RiskParity,2021-07-01,BTC-USD,0.164877
Crypto_RiskParity,2021-07-01,EOS-USD,0.079371
Crypto_RiskParity,2021-07-01,ETC-USD,0.085323
Crypto_RiskParity,2021-07-01,ETH-USD,0.117523
Crypto_RiskParity,2021-07-01,LTC-USD,0.10053
Crypto_RiskParity,2021-07-01,TRX-USD,0.101799
Crypto_RiskParity,2021-07-01,XLM-USD,0.080502
Crypto_RiskParity,2021-07-01,XRP-USD,0.08586
Crypto_RiskParity,2021-08-02,ADA-USD,0.099495
Crypto_RiskParity,2021-08-02,BCH-USD,0.085806
Crypto_RiskParity,2021-08-02,BTC-USD,0.16322
Crypto_RiskParity,2021-08-02,EOS-USD,0.079616
Crypto_RiskParity,2021-08-02,ETC-USD,0.085562
Crypto_RiskParity,2021-08-02,ETH-USD,0.116217
Crypto_RiskParity,2021-08-02,LTC-USD,0.100948
Crypto_RiskParity,2021-08-02,TRX-USD,0.101974
Crypto_RiskParity,2021-08-02,XLM-USD,0.080959
Crypto_RiskParity,2021-08-02,XRP-USD,0.086203
Crypto_RiskParity,2021-09-01,ADA-USD,0.098095
Crypto_RiskParity,2021-09-01,BCH-USD,0.086368
Crypto_RiskParity,2021-09-01,BTC-USD,0.162098
Crypto_RiskParity,2021-09-01,EOS-USD,0.079853
Crypto_RiskParity,2021-09-01,ETC-USD,0.085657
Crypto_RiskParity,2021-09-01,ETH-USD,0.116926
Crypto_RiskParity,2021-09-01,LTC-USD,0.101114
Crypto_RiskParity,2021-09-01,TRX-USD,0.104071
Crypto_RiskParity,2021-09-01,XLM-USD,0.080993
Crypto_RiskParity,2021-09-01,XRP-USD,0.084826
Crypto_RiskParity,2021-10-01,ADA-USD,0.100982
Crypto_RiskParity,2021-10-01,BCH-USD,0.088156
Crypto_RiskParity,2021-10-01,BTC-USD,0.16101
Crypto_RiskParity,2021-10-01,EOS-USD,0.080323
Crypto_RiskParity,2021-10-01,ETC-USD,0.085055
Crypto_RiskParity,2021-10-01,ETH-USD,0.117271
Crypto_RiskParity,2021-10-01,LTC-USD,0.101404
Crypto_RiskParity,2021-10-01,TRX-USD,0.099224
Crypto_RiskParity,2021-10-01,XLM-USD,0.081549
Crypto_RiskParity,2021-10-01,XRP-USD,0.085026
Crypto_RiskParity,2021-11-01,ADA-USD,0.102029
Crypto_RiskParity,2021-11-01,BCH-USD,0.088112
Crypto_RiskParity,2021-11-01,BTC-USD,0.159465
Crypto_RiskParity,2021-11-01,EOS-USD,0.080259
Crypto_RiskParity,2021-11-01,ETC-USD,0.085275
Crypto_RiskParity,2021-11-01,ETH-USD,0.117357
Crypto_RiskParity,2021-11-01,LTC-USD,0.101468
Crypto_RiskParity,2021-11-01,TRX-USD,0.099388
Crypto_RiskParity,2021-11-01,XLM-USD,0.081464
Crypto_RiskParity,2021-11-01,XRP-USD,0.085182
Crypto_RiskParity,2021-12-01,ADA-USD,0.101694
Crypto_RiskParity,2021-12-01,BCH-USD,0.087885
Crypto_RiskParity,2021-12-01,BTC-USD,0.157046
Crypto_RiskParity,2021-12-01,EOS-USD,0.079766
Crypto_RiskParity,2021-12-01,ETC-USD,0.085143
Crypto_RiskParity,2021-12-01,ETH-USD,0.116836
Crypto_RiskParity,2021-12-01,LTC-USD,0.099601
Crypto_RiskParity,2021-12-01,TRX-USD,0.098624
Crypto_RiskParity,2021-12-01,XLM-USD,0.085124
Crypto_RiskParity,2021-12-01,XRP-USD,0.088282
Crypto_RiskParity,2022-01-03,ADA-USD,0.100967
Crypto_RiskParity,2022-01-03,BCH-USD,0.087376
Crypto_RiskParity,2022-01-03,BTC-USD,0.151772
Crypto_RiskParity,2022-01-03,EOS-USD,0.079334
Crypto_RiskParity,2022-01-03,ETC-USD,0.084676
Crypto_RiskParity,2022-01-03,ETH-USD,0.114497
Crypto_RiskParity,2022-01-03,LTC-USD,0.099484
Crypto_RiskParity,2022-01-03,TRX-USD,0.099083
Crypto_RiskParity,2022-01-03,XLM-USD,0.08762
Crypto_RiskParity,2022-01-03,XRP-USD,0.095191
Crypto_RiskParity,2022-02-01,ADA-USD,0.103282
Crypto_RiskParity,2022-02-01,BCH-USD,0.086811
Crypto_RiskParity,2022-02-01,BTC-USD,0.154331
Crypto_RiskParity,2022-02-01,EOS-USD,0.07702
Crypto_RiskParity,2022-02-01,ETC-USD,0.082038
Crypto_RiskParity,2022-02-01,ETH-USD,0.114898
Crypto_RiskParity,2022-02-01,LTC-USD,0.097685
Crypto_RiskParity,2022-02-01,TRX-USD,0.095158
Crypto_RiskParity,2022-02-01,XLM-USD,0.097447
Crypto_RiskParity,2022-02-01,XRP-USD,0.091329
Crypto_RiskParity,2022-03-01,ADA-USD,0.102236
Crypto_RiskParity,2022-03-01,BCH-USD,0.087032
Crypto_RiskParity,2022-03-01,BTC-USD,0.154663
Crypto_RiskParity,2022-03-01,EOS-USD,0.076959
Crypto_RiskParity,2022-03-01,ETC-USD,0.082445
Crypto_RiskParity,2022-03-01,ETH-USD,0.113963
Crypto_RiskParity,2022-03-01,LTC-USD,0.097314
Crypto_RiskParity,2022-03-01,TRX-USD,0.098632
Crypto_RiskParity,2022-03-01,XLM-USD,0.097844
Crypto_RiskParity,2022-03-01,XRP-USD,0.088912
Crypto_RiskParity,2022-04-01,ADA-USD,0.102901
Crypto_RiskParity,2022-04-01,BCH-USD,0.085929
Crypto_RiskParity,2022-04-01,BTC-USD,0.152954
Crypto_RiskParity,2022-04-01,EOS-USD,0.077562
Crypto_RiskParity,2022-04-01,ETC-USD,0.081533
Crypto_RiskParity,2022-04-01,ETH-USD,0.113826
Crypto_RiskParity,2022-04-01,LTC-USD,0.096314
Crypto_RiskParity,2022-04-01,TRX-USD,0.103065
Crypto_RiskParity,2022-04-01,XLM-USD,0.097121
Crypto_RiskParity,2022-04-01,XRP-USD,0.088794
Crypto_RiskParity,2022-05-02,ADA-USD,0.099497
Crypto_RiskParity,2022-05-02,BCH-USD,0.086636
Crypto_RiskParity,2022-05-02,BTC-USD,0.149044
Crypto_RiskParity,2022-05-02,EOS-USD,0.076896
Crypto_RiskParity,2022-05-02,ETC-USD,0.079933
Crypto_RiskParity,2022-05-02,ETH-USD,0.109493
Crypto_RiskParity,2022-05-02,LTC-USD,0.094729
Crypto_RiskParity,2022-05-02,TRX-USD,0.10634
Crypto_RiskParity,2022-05-02,XLM-USD,0.099418
Crypto_RiskParity,2022-05-02,XRP-USD,0.098013
Crypto_RiskParity,2022-06-01,ADA-USD,0.091752
Crypto_RiskParity,2022-06-01,BCH-USD,0.102289
Crypto_RiskParity,2022-06-01,BTC-USD,0.130849
Crypto_RiskParity,2022-06-01,EOS-USD,0.090884
Crypto_RiskParity,2022-06-01,ETC-USD,0.088978
Crypto_RiskParity,2022-06-01,ETH-USD,0.105378
Crypto_RiskParity,2022-06-01,LTC-USD,0.092414
Crypto_RiskParity,2022-06-01,TRX-USD,0.107465
Crypto_RiskParity,2022-06-01,XLM-USD,0.096597
Crypto_RiskParity,2022-06-01,XRP-USD,0.093395
Crypto_RiskParity,2022-07-01,ADA-USD,0.089833
Crypto_RiskParity,2022-07-01,BCH-USD,0.100749
Crypto_RiskParity,2022-07-01,BTC-USD,0.12663
Crypto_RiskParity,2022-07-01,EOS-USD,0.092294
Crypto_RiskParity,2022-07-01,ETC-USD,0.092344
Crypto_RiskParity,2022-07-01,ETH-USD,0.101185
Crypto_RiskParity,2022-07-01,LTC-USD,0.091287
Crypto_RiskParity,2022-07-01,TRX-USD,0.111582
Crypto_RiskParity,2022-07-01,XLM-USD,0.097869
Crypto_RiskParity,2022-07-01,XRP-USD,0.096227
Crypto_RiskParity,2022-08-01,ADA-USD,0.090845
Crypto_RiskParity,2022-08-01,BCH-USD,0.098523
Crypto_RiskParity,2022-08-01,BTC-USD,0.127281
Crypto_RiskParity,2022-08-01,EOS-USD,0.093444
Crypto_RiskParity,2022-08-01,ETC-USD,0.083145
Crypto_RiskParity,2022-08-01,ETH-USD,0.099242
Crypto_RiskParity,2022-08-01,LTC-USD,0.0924
Crypto_RiskParity,2022-08-01,TRX-USD,0.116457
Crypto_RiskParity,2022-08-01,XLM-USD,0.099596
Crypto_RiskParity,2022-08-01,XRP-USD,0.099067
Crypto_RiskParity,2022-09-01,ADA-USD,0.093908
Crypto_RiskParity,2022-09-01,BCH-USD,0.095777
Crypto_RiskParity,2022-09-01,BTC-USD,0.125645
Crypto_RiskParity,2022-09-01,EOS-USD,0.091454
Crypto_RiskParity,2022-09-01,ETC-USD,0.080417
Crypto_RiskParity,2022-09-01,ETH-USD,0.095697
Crypto_RiskParity,2022-09-01,LTC-USD,0.091848
Crypto_RiskParity,2022-09-01,TRX-USD,0.118907
Crypto_RiskParity,2022-09-01,XLM-USD,0.101275
Crypto_RiskParity,2022-09-01,XRP-USD,0.105071
Crypto_RiskParity,2022-10-03,ADA-USD,0.091753
Crypto_RiskParity,2022-10-03,BCH-USD,0.093917
Crypto_RiskParity,2022-10-03,BTC-USD,0.122971
Crypto_RiskParity,2022-10-03,EOS-USD,0.089921
Crypto_RiskParity,2022-10-03,ETC-USD,0.079144
Crypto_RiskParity,2022-10-03,ETH-USD,0.095708
Crypto_RiskParity,2022-10-03,LTC-USD,0.092113
Crypto_RiskParity,2022-10-03,TRX-USD,0.129648
Crypto_RiskParity,2022-10-03,XLM-USD,0.101373
Crypto_RiskParity,2022-10-03,XRP-USD,0.103452
Crypto_RiskParity,2022-11-01,ADA-USD,0.089346
Crypto_RiskParity,2022-11-01,BCH-USD,0.093936
Crypto_RiskParity,2022-11-01,BTC-USD,0.124378
Crypto_RiskParity,2022-11-01,EOS-USD,0.089613
Crypto_RiskParity,2022-11-01,ETC-USD,0.077395
Crypto_RiskParity,2022-11-01,ETH-USD,0.095057
Crypto_RiskParity,2022-11-01,LTC-USD,0.092604
Crypto_RiskParity,2022-11-01,TRX-USD,0.131193
Crypto_RiskParity,2022-11-01,XLM-USD,0.103367
Crypto_RiskParity,2022-11-01,XRP-USD,0.103113
Crypto_RiskParity,2022-12-01,ADA-USD,0.089723
Crypto_RiskParity,2022-12-01,BCH-USD,0.095254
Crypto_RiskParity,2022-12-01,BTC-USD,0.122075
Crypto_RiskParity,2022-12-01,EOS-USD,0.09013
Crypto_RiskParity,2022-12-01,ETC-USD,0.076302
Crypto_RiskParity,2022-12-01,ETH-USD,0.091629
Crypto_RiskParity,2022-12-01,LTC-USD,0.09339
Crypto_RiskParity,2022-12-01,TRX-USD,0.141316
Crypto_RiskParity,2022-12-01,XLM-USD,0.101905
Crypto_RiskParity,2022-12-01,XRP-USD,0.098276
Crypto_RiskParity,2023-01-03,ADA-USD,0.090353
Crypto_RiskParity,2023-01-03,BCH-USD,0.094312
Crypto_RiskParity,2023-01-03,BTC-USD,0.122382
Crypto_RiskParity,2023-01-03,EOS-USD,0.091201
Crypto_RiskParity,2023-01-03,ETC-USD,0.074645
Crypto_RiskParity,2023-01-03,ETH-USD,0.091029
Crypto_RiskParity,2023-01-03,LTC-USD,0.092832
Crypto_RiskParity,2023-01-03,TRX-USD,0.142019
Crypto_RiskParity,2023-01-03,XLM-USD,0.103531
Crypto_RiskParity,2023-01-03,XRP-USD,0.097696
Crypto_RiskParity,2023-02-01,ADA-USD,0.090383
Crypto_RiskParity,2023-02-01,BCH-USD,0.093641
Crypto_RiskParity,2023-02-01,BTC-USD,0.121223
Crypto_RiskParity,2023-02-01,EOS-USD,0.090284
Crypto_RiskParity,2023-02-01,ETC-USD,0.073234
Crypto_RiskParity,2023-02-01,ETH-USD,0.091809
Crypto_RiskParity,2023-02-01,LTC-USD,0.093693
Crypto_RiskParity,2023-02-01,TRX-USD,0.144241
Crypto_RiskParity,2023-02-01,XLM-USD,0.104107
Crypto_RiskParity,2023-02-01,XRP-USD,0.097386
Crypto_RiskParity,2023-03-01,ADA-USD,0.088645
Crypto_RiskParity,2023-03-01,BCH-USD,0.092883
Crypto_RiskParity,2023-03-01,BTC-USD,0.12127
Crypto_RiskParity,2023-03-01,EOS-USD,0.089155
Crypto_RiskParity,2023-03-01,ETC-USD,0.072543
Crypto_RiskParity,2023-03-01,ETH-USD,0.092239
Crypto_RiskParity,2023-03-01,LTC-USD,0.094379
Crypto_RiskParity,2023-03-01,TRX-USD,0.142698
Crypto_RiskParity,2023-03-01,XLM-USD,0.10463
Crypto_RiskParity,2023-03-01,XRP-USD,0.101558
Crypto_RiskParity,2023-04-03,ADA-USD,0.08939
Crypto_RiskParity,2023-04-03,BCH-USD,0.09496
Crypto_RiskParity,2023-04-03,BTC-USD,0.124829
Crypto_RiskParity,2023-04-03,EOS-USD,0.090319
Crypto_RiskParity,2023-04-03,ETC-USD,0.073226
Crypto_RiskParity,2023-04-03,ETH-USD,0.093344
Crypto_RiskParity,2023-04-03,LTC-USD,0.0944
Crypto_RiskParity,2023-04-03,TRX-USD,0.137228
Crypto_RiskParity,2023-04-03,XLM-USD,0.104542
Crypto_RiskParity,2023-04-03,XRP-USD,0.097763
Crypto_RiskParity,2023-05-01,ADA-USD,0.0896
Crypto_RiskParity,2023-05-01,BCH-USD,0.095412
Crypto_RiskParity,2023-05-01,BTC-USD,0.12363
Crypto_RiskParity,2023-05-01,EOS-USD,0.09117
Crypto_RiskParity,2023-05-01,ETC-USD,0.073706
Crypto_RiskParity,2023-05-01,ETH-USD,0.091865
Crypto_RiskParity,2023-05-01,LTC-USD,0.093126
Crypto_RiskParity,2023-05-01,TRX-USD,0.139924
Crypto_RiskParity,2023-05-01,XLM-USD,0.104885
Crypto_RiskParity,2023-05-01,XRP-USD,0.096683
Crypto_RiskParity,2023-06-01,ADA-USD,0.094831
Crypto_RiskParity,2023-06-01,BCH-USD,0.093158
Crypto_RiskParity,2023-06-01,BTC-USD,0.115443
Crypto_RiskParity,2023-06-01,EOS-USD,0.089414
Crypto_RiskParity,2023-06-01,ETC-USD,0.070373
Crypto_RiskParity,2023-06-01,ETH-USD,0.085797
Crypto_RiskParity,2023-06-01,LTC-USD,0.093082
Crypto_RiskParity,2023-06-01,TRX-USD,0.156713
Crypto_RiskParity,2023-06-01,XLM-USD,0.10503
Crypto_RiskParity,2023-06-01,XRP-USD,0.096157
Crypto_RiskParity,2023-07-03,ADA-USD,0.094818
Crypto_RiskParity,2023-07-03,BCH-USD,0.082081
Crypto_RiskParity,2023-07-03,BTC-USD,0.119349
Crypto_RiskParity,2023-07-03,EOS-USD,0.086124
Crypto_RiskParity,2023-07-03,ETC-USD,0.06758
Crypto_RiskParity,2023-07-03,ETH-USD,0.088758
Crypto_RiskParity,2023-07-03,LTC-USD,0.088296
Crypto_RiskParity,2023-07-03,TRX-USD,0.168855
Crypto_RiskParity,2023-07-03,XLM-USD,0.105466
Crypto_RiskParity,2023-07-03,XRP-USD,0.098672
Crypto_RiskParity,2023-08-01,ADA-USD,0.090419
Crypto_RiskParity,2023-08-01,BCH-USD,0.093889
Crypto_RiskParity,2023-08-01,BTC-USD,0.12927
Crypto_RiskParity,2023-08-01,EOS-USD,0.088246
Crypto_RiskParity,2023-08-01,ETC-USD,0.081749
Crypto_RiskParity,2023-08-01,ETH-USD,0.099417
Crypto_RiskParity,2023-08-01,LTC-USD,0.091395
Crypto_RiskParity,2023-08-01,TRX-USD,0.17255
Crypto_RiskParity,2023-08-01,XLM-USD,0.079876
Crypto_RiskParity,2023-08-01,XRP-USD,0.073189
Crypto_RiskParity,2023-09-01,ADA-USD,0.090879
Crypto_RiskParity,2023-09-01,BCH-USD,0.091354
Crypto_RiskParity,2023-09-01,BTC-USD,0.128947
Crypto_RiskParity,2023-09-01,EOS-USD,0.090633
Crypto_RiskParity,2023-09-01,ETC-USD,0.083552
Crypto_RiskParity,2023-09-01,ETH-USD,0.10448
Crypto_RiskParity,2023-09-01,LTC-USD,0.088806
Crypto_RiskParity,2023-09-01,TRX-USD,0.174496
Crypto_RiskParity,2023-09-01,XLM-USD,0.076857
Crypto_RiskParity,2023-09-01,XRP-USD,0.069996
Crypto_RiskParity,2023-10-02,ADA-USD,0.089256
Crypto_RiskParity,2023-10-02,BCH-USD,0.090005
Crypto_RiskParity,2023-10-02,BTC-USD,0.131247
Crypto_RiskParity,2023-10-02,EOS-USD,0.095691
Crypto_RiskParity,2023-10-02,ETC-USD,0.084196
Crypto_RiskParity,2023-10-02,ETH-USD,0.105364
Crypto_RiskParity,2023-10-02,LTC-USD,0.087859
Crypto_RiskParity,2023-10-02,TRX-USD,0.169494
Crypto_RiskParity,2023-10-02,XLM-USD,0.076856
Crypto_RiskParity,2023-10-02,XRP-USD,0.070032
Crypto_RiskParity,2023-11-01,ADA-USD,0.09101
Crypto_RiskParity,2023-11-01,BCH-USD,0.089588
Crypto_RiskParity,2023-11-01,BTC-USD,0.128698
Crypto_RiskParity,2023-11-01,EOS-USD,0.09616
Crypto_RiskParity,2023-11-01,ETC-USD,0.085971
Crypto_RiskParity,2023-11-01,ETH-USD,0.106269
Crypto_RiskParity,2023-11-01,LTC-USD,0.087538
Crypto_RiskParity,2023-11-01,TRX-USD,0.168065
Crypto_RiskParity,2023-11-01,XLM-USD,0.076427
Crypto_RiskParity,2023-11-01,XRP-USD,0.070276
Crypto_RiskParity,2023-12-01,ADA-USD,0.087709
Crypto_RiskParity,2023-12-01,BCH-USD,0.089709
Crypto_RiskParity,2023-12-01,BTC-USD,0.131281
Crypto_RiskParity,2023-12-01,EOS-USD,0.095899
Crypto_RiskParity,2023-12-01,ETC-USD,0.087449
Crypto_RiskParity,2023-12-01,ETH-USD,0.117192
Crypto_RiskParity,2023-12-01,LTC-USD,0.090657
Crypto_RiskParity,2023-12-01,TRX-USD,0.156536
Crypto_RiskParity,2023-12-01,XLM-USD,0.074329
Crypto_RiskParity,2023-12-01,XRP-USD,0.069239
Combined_MinVariance,2021-01-04,ABBV,0.162657
Combined_MinVariance,2021-01-04,ABT,0.0
Combined_MinVariance,2021-01-04,ADBE,0.0
Combined_MinVariance,2021-01-04,AEP,0.0
Combined_MinVariance,2021-01-04,AMD,0.0
Combined_MinVariance,2021-01-04,AMGN,0.0
Combined_MinVariance,2021-01-04,AMT,0.0
Combined_MinVariance,2021-01-04,BA,0.0
Combined_MinVariance,2021-01-04,CAT,0.0
Combined_MinVariance,2021-01-04,CCI,0.0
Combined_MinVariance,2021-01-04,CMCSA,0.0
Combined_MinVariance,2021-01-04,COP,0.0
Combined_MinVariance,2021-01-04,CVX,0.0
Combined_MinVariance,2021-01-04,D,0.0
Combined_MinVariance,2021-01-04,DD,0.0
Combined_MinVariance,2021-01-04,DIS,0.0
Combined_MinVariance,2021-01-04,DOW,0.0
Combined_MinVariance,2021-01-04,DUK,0.0
Combined_MinVariance,2021-01-04,EA,0.073259
Combined_MinVariance,2021-01-04,GE,0.0
Combined_MinVariance,2021-01-04,GILD,0.127384
Combined_MinVariance,2021-01-04,GS,0.0
Combined_MinVariance,2021-01-04,INTC,0.0
Combined_MinVariance,2021-01-04,KO,0.0
Combined_MinVariance,2021-01-04,MMM,0.078425
Combined_MinVariance,2021-01-04,MRK,0.058116
Combined_MinVariance,2021-01-04,MS,0.0
Combined_MinVariance,2021-01-04,NEE,0.0
Combined_MinVariance,2021-01-04,NEM,0.137185
Combined_MinVariance,2021-01-04,NKE,0.005286
Combined_MinVariance,2021-01-04,NUE,0.0
Combined_MinVariance,2021-01-04,NVDA,0.0
Combined_MinVariance,2021-01-04,O,0.0
Combined_MinVariance,2021-01-04,OXY,0.0
Combined_MinVariance,2021-01-04,PLD,0.0
Combined_MinVariance,2021-01-04,PSA,0.075359
Combined_MinVariance,2021-01-04,QCOM,0.0
Combined_MinVariance,2021-01-04,SBUX,0.0
Combined_MinVariance,2021-01-04,SHW,0.0
Combined_MinVariance,2021-01-04,SLB,0.0
Combined_MinVariance,2021-01-04,SO,0.0
Combined_MinVariance,2021-01-04,T,0.0
Combined_MinVariance,2021-01-04,TMUS,0.0
Combined_MinVariance,2021-01-04,TTWO,0.037285
Combined_MinVariance,2021-01-04,UPS,0.01401
Combined_MinVariance,2021-01-04,USB,0.0
Combined_MinVariance,2021-01-04,V,0.0
Combined_MinVariance,2021-01-04,WFC,0.0
Combined_MinVariance,2021-01-04,WMT,0.231033
Combined_MinVariance,2021-01-04,XOM,0.0
Combined_MinVariance,2021-01-04,ADA-USD,0.0
Combined_MinVariance,2021-01-04,BCH-USD,0.0
Combined_MinVariance,2021-01-04,BTC-USD,0.0
Combined_MinVariance,2021-01-04,EOS-USD,0.0
Combined_MinVariance,2021-01-04,ETC-USD,0.0
Combined_MinVariance,2021-01-04,ETH-USD,0.0
Combined_MinVariance,2021-01-04,LTC-USD,0.0
Combined_MinVariance,2021-01-04,TRX-USD,0.0
Combined_MinVariance,2021-01-04,XLM-USD,0.0
Combined_MinVariance,2021-01-04,XRP-USD,0.0
Combined_MinVariance,2021-02-01,ABBV,0.148946
Combined_MinVariance,2021-02-01,ABT,0.0
Combined_MinVariance,2021-02-01,ADBE,0.0
Combined_MinVariance,2021-02-01,AEP,0.0
Combined_MinVariance,2021-02-01,AMD,0.0
Combined_MinVariance,2021-02-01,AMGN,0.0
Combined_MinVariance,2021-02-01,AMT,0.0
Combined_MinVariance,2021-02-01,BA,0.0
Combined_MinVariance,2021-02-01,CAT,0.0
Combined_MinVariance,2021-02-01,CCI,0.0
Combined_MinVariance,2021-02-01,CMCSA,0.0
Combined_MinVariance,2021-02-01,COP,0.0
Combined_MinVariance,2021-02-01,CVX,0.0
Combined_MinVariance,2021-02-01,D,0.0
Combined_MinVariance,2021-02-01,DD,0.0
Combined_MinVariance,2021-02-01,DIS,0.0
Combined_MinVariance,2021-02-01,DOW,0.0
Combined_MinVariance,2021-02-01,DUK,0.0
Combined_MinVariance,2021-02-01,EA,0.086673
Combined_MinVariance,2021-02-01,GE,0.0
Combined_MinVariance,2021-02-01,GILD,0.120253
Combined_MinVariance,2021-02-01,GS,0.0
Combined_MinVariance,2021-02-01,INTC,0.0
Combined_MinVariance,2021-02-01,KO,0.0
Combined_MinVariance,2021-02-01,MMM,0.100399
Combined_MinVariance,2021-02-01,MRK,0.066872
Combined_MinVariance,2021-02-01,MS,0.0
Combined_MinVariance,2021-02-01,NEE,0.0
Combined_MinVariance,2021-02-01,NEM,0.128117
Combined_MinVariance,2021-02-01,NKE,0.0
Combined_MinVariance,2021-02-01,NUE,0.0
Combined_MinVariance,2021-02-01,NVDA,0.0
Combined_MinVariance,2021-02-01,O,0.0
Combined_MinVariance,2021-02-01,OXY,0.0
Combined_MinVariance,2021-02-01,PLD,0.0
Combined_MinVariance,2021-02-01,PSA,0.081738
Combined_MinVariance,2021-02-01,QCOM,0.0
Combined_MinVariance,2021-02-01,SBUX,0.0
Combined_MinVariance,2021-02-01,SHW,0.0
Combined_MinVariance,2021-02-01,SLB,0.0
Combined_MinVariance,2021-02-01,SO,0.0
Combined_MinVariance,2021-02-01,T,0.0
Combined_MinVariance,2021-02-01,TMUS,0.0
Combined_MinVariance,2021-02-01,TTWO,0.031793
Combined_MinVariance,2021-02-01,UPS,0.007193
Combined_MinVariance,2021-02-01,USB,0.0
Combined_MinVariance,2021-02-01,V,0.0
Combined_MinVariance,2021-02-01,WFC,0.0
Combined_MinVariance,2021-02-01,WMT,0.228014
Combined_MinVariance,2021-02-01,XOM,0.0
Combined_MinVariance,2021-02-01,ADA-USD,0.0
Combined_MinVariance,2021-02-01,BCH-USD,0.0
Combined_MinVariance,2021-02-01,BTC-USD,0.0
Combined_MinVariance,2021-02-01,EOS-USD,0.0
Combined_MinVariance,2021-02-01,ETC-USD,0.0
Combined_MinVariance,2021-02-01,ETH-USD,0.0
Combined_MinVariance,2021-02-01,LTC-USD,0.0
Combined_MinVariance,2021-02-01,TRX-USD,0.0
Combined_MinVariance,2021-02-01,XLM-USD,0.0
Combined_MinVariance,2021-02-01,XRP-USD,0.0
Combined_MinVariance,2021-03-01,ABBV,0.180119
Combined_MinVariance,2021-03-01,ABT,0.0
Combined_MinVariance,2021-03-01,ADBE,0.0
Combined_MinVariance,2021-03-01,AEP,0.0
Combined_MinVariance,2021-03-01,AMD,0.0
Combined_MinVariance,2021-03-01,AMGN,0.0
Combined_MinVariance,2021-03-01,AMT,0.0
Combined_MinVariance,2021-03-01,BA,0.0
Combined_MinVariance,2021-03-01,CAT,0.0
Combined_MinVariance,2021-03-01,CCI,0.0
Combined_MinVariance,2021-03-01,CMCSA,0.0
Combined_MinVariance,2021-03-01,COP,0.0
Combined_MinVariance,2021-03-01,CVX,0.0
Combined_MinVariance,2021-03-01,D,0.0
Combined_MinVariance,2021-03-01,DD,0.0
Combined_MinVariance,2021-03-01,DIS,0.0
Combined_MinVariance,2021-03-01,DOW,0.0
Combined_MinVariance,2021-03-01,DUK,0.0
Combined_MinVariance,2021-03-01,EA,0.093812
Combined_MinVariance,2021-03-01,GE,0.0
Combined_MinVariance,2021-03-01,GILD,0.131786
Combined_MinVariance,2021-03-01,GS,0.0
Combined_MinVariance,2021-03-01,INTC,0.0
Combined_MinVariance,2021-03-01,KO,0.0
Combined_MinVariance,2021-03-01,MMM,0.078034
Combined_MinVariance,2021-03-01,MRK,0.022183
Combined_MinVariance,2021-03-01,MS,0.0
Combined_MinVariance,2021-03-01,NEE,0.0
Combined_MinVariance,2021-03-01,NEM,0.132215
Combined_MinVariance,2021-03-01,NKE,0.0
Combined_MinVariance,2021-03-01,NUE,0.0
Combined_MinVariance,2021-03-01,NVDA,0.0
Combined_MinVariance,2021-03-01,O,0.0
Combined_MinVariance,2021-03-01,OXY,0.0
Combined_MinVariance,2021-03-01,PLD,0.0
Combined_MinVariance,2021-03-01,PSA,0.116957
Combined_MinVariance,2021-03-01,QCOM,0.0
Combined_MinVariance,2021-03-01,SBUX,0.0
Combined_MinVariance,2021-03-01,SHW,0.0
Combined_MinVariance,2021-03-01,SLB,0.0
Combined_MinVariance,2021-03-01,SO,0.0
Combined_MinVariance,2021-03-01,T,0.0
Combined_MinVariance,2021-03-01,TMUS,0.0
Combined_MinVariance,2021-03-01,TTWO,0.014101
Combined_MinVariance,2021-03-01,UPS,0.021375
Combined_MinVariance,2021-03-01,USB,0.0
Combined_MinVariance,2021-03-01,V,0.0
Combined_MinVariance,2021-03-01,WFC,0.0
Combined_MinVariance,2021-03-01,WMT,0.209418
Combined_MinVariance,2021-03-01,XOM,0.0
Combined_MinVariance,2021-03-01,ADA-USD,0.0
Combined_MinVariance,2021-03-01,BCH-USD,0.0
Combined_MinVariance,2021-03-01,BTC-USD,0.0
Combined_MinVariance,2021-03-01,EOS-USD,0.0
Combined_MinVariance,2021-03-01,ETC-USD,0.0
Combined_MinVariance,2021-03-01,ETH-USD,0.0
Combined_MinVariance,2021-03-01,LTC-USD,0.0
Combined_MinVariance,2021-03-01,TRX-USD,0.0
Combined_MinVariance,2021-03-01,XLM-USD,0.0
Combined_MinVariance,2021-03-01,XRP-USD,0.0
Combined_MinVariance,2021-04-01,ABBV,0.112337
Combined_MinVariance,2021-04-01,ABT,0.0
Combined_MinVariance,2021-04-01,ADBE,0.0
Combined_MinVariance,2021-04-01,AEP,0.0
Combined_MinVariance,2021-04-01,AMD,0.0
Combined_MinVariance,2021-04-01,AMGN,0.0
Combined_MinVariance,2021-04-01,AMT,0.0
Combined_MinVariance,2021-04-01,BA,0.0
Combined_MinVariance,2021-04-01,CAT,0.0
Combined_MinVariance,2021-04-01,CCI,0.0
Combined_MinVariance,2021-04-01,CMCSA,0.0
Combined_MinVariance,2021-04-01,COP,0.0
Combined_MinVariance,2021-04-01,CVX,0.0
Combined_MinVariance,2021-04-01,D,0.061346
Combined_MinVariance,2021-04-01,DD,0.0
Combined_MinVariance,2021-04-01,DIS,0.003683
Combined_MinVariance,2021-04-01,DOW,0.0
Combined_MinVariance,2021-04-01,DUK,0.0
Combined_MinVariance,2021-04-01,EA,0.090978
Combined_MinVariance,2021-04-01,GE,0.0
Combined_MinVariance,2021-04-01,GILD,0.0537
Combined_MinVariance,2021-04-01,GS,0.0
Combined_MinVariance,2021-04-01,INTC,0.0
Combined_MinVariance,2021-04-01,KO,0.0
Combined_MinVariance,2021-04-01,MMM,0.107085
Combined_MinVariance,2021-04-01,MRK,0.04358
Combined_MinVariance,2021-04-01,MS,0.0
Combined_MinVariance,2021-04-01,NEE,0.0
Combined_MinVariance,2021-04-01,NEM,0.0
Combined_MinVariance,2021-04-01,NKE,0.0
Combined_MinVariance,2021-04-01,NUE,0.0
Combined_MinVariance,2021-04-01,NVDA,0.0
Combined_MinVariance,2021-04-01,O,0.0
Combined_MinVariance,2021-04-01,OXY,0.0
Combined_MinVariance,2021-04-01,PLD,0.0
Combined_MinVariance,2021-04-01,PSA,0.120629
Combined_MinVariance,2021-04-01,QCOM,0.0
Combined_MinVariance,2021-04-01,SBUX,0.0
Combined_MinVariance,2021-04-01,SHW,0.0
Combined_MinVariance,2021-04-01,SLB,0.0
Combined_MinVariance,2021-04-01,SO,0.0
Combined_MinVariance,2021-04-01,T,0.092037
Combined_MinVariance,2021-04-01,TMUS,0.0
Combined_MinVariance,2021-04-01,TTWO,0.072735
Combined_MinVariance,2021-04-01,UPS,0.0
Combined_MinVariance,2021-04-01,USB,0.0
Combined_MinVariance,2021-04-01,V,0.0
Combined_MinVariance,2021-04-01,WFC,0.0
Combined_MinVariance,2021-04-01,WMT,0.227074
Combined_MinVariance,2021-04-01,XOM,0.0
Combined_MinVariance,2021-04-01,ADA-USD,0.0
Combined_MinVariance,2021-04-01,BCH-USD,0.0
Combined_MinVariance,2021-04-01,BTC-USD,0.002923
Combined_MinVariance,2021-04-01,EOS-USD,0.0
Combined_MinVariance,2021-04-01,ETC-USD,0.0
Combined_MinVariance,2021-04-01,ETH-USD,0.0
Combined_MinVariance,2021-04-01,LTC-USD,0.0
Combined_MinVariance,2021-04-01,TRX-USD,0.011894
Combined_MinVariance,2021-04-01,XLM-USD,0.0
Combined_MinVariance,2021-04-01,XRP-USD,0.0
Combined_MinVariance,2021-05-03,ABBV,0.088459
Combined_MinVariance,2021-05-03,ABT,0.0
Combined_MinVariance,2021-05-03,ADBE,0.0
Combined_MinVariance,2021-05-03,AEP,0.057571
Combined_MinVariance,2021-05-03,AMD,0.0
Combined_MinVariance,2021-05-03,AMGN,0.0
Combined_MinVariance,2021-05-03,AMT,0.0
Combined_MinVariance,2021-05-03,BA,0.0
Combined_MinVariance,2021-05-03,CAT,0.0
Combined_MinVariance,2021-05-03,CCI,0.0
Combined_MinVariance,2021-05-03,CMCSA,0.0
Combined_MinVariance,2021-05-03,COP,0.0
Combined_MinVariance,2021-05-03,CVX,0.0
Combined_MinVariance,2021-05-03,D,0.08439
Combined_MinVariance,2021-05-03,DD,0.0
Combined_MinVariance,2021-05-03,DIS,0.0
Combined_MinVariance,2021-05-03,DOW,0.0
Combined_MinVariance,2021-05-03,DUK,0.00993
Combined_MinVariance,2021-05-03,EA,0.06401
Combined_MinVariance,2021-05-03,GE,0.0
Combined_MinVariance,2021-05-03,GILD,0.043615
Combined_MinVariance,2021-05-03,GS,0.0
Combined_MinVariance,2021-05-03,INTC,0.0
Combined_MinVariance,2021-05-03,KO,0.0
Combined_MinVariance,2021-05-03,MMM,0.074328
Combined_MinVariance,2021-05-03,MRK,0.103619
Combined_MinVariance,2021-05-03,MS,0.0
Combined_MinVariance,2021-05-03,NEE,0.0
Combined_MinVariance,2021-05-03,NEM,0.0
Combined_MinVariance,2021-05-03,NKE,0.02402
Combined_MinVariance,2021-05-03,NUE,0.0
Combined_MinVariance,2021-05-03,NVDA,0.0
Combined_MinVariance,2021-05-03,O,0.0
Combined_MinVariance,2021-05-03,OXY,0.0
Combined_MinVariance,2021-05-03,PLD,0.0
Combined_MinVariance,2021-05-03,PSA,0.061392
Combined_MinVariance,2021-05-03,QCOM,0.0
Combined_MinVariance,2021-05-03,SBUX,0.0
Combined_MinVariance,2021-05-03,SHW,0.0
Combined_MinVariance,2021-05-03,SLB,0.0
Combined_MinVariance,2021-05-03,SO,0.0
Combined_MinVariance,2021-05-03,T,0.115069
Combined_MinVariance,2021-05-03,TMUS,0.0
Combined_MinVariance,2021-05-03,TTWO,0.058626
Combined_MinVariance,2021-05-03,UPS,0.0
Combined_MinVariance,2021-05-03,USB,0.0
Combined_MinVariance,2021-05-03,V,0.0
Combined_MinVariance,2021-05-03,WFC,0.0
Combined_MinVariance,2021-05-03,WMT,0.199585
Combined_MinVariance,2021-05-03,XOM,0.0
Combined_MinVariance,2021-05-03,ADA-USD,0.0
Combined_MinVariance,2021-05-03,BCH-USD,0.0
Combined_MinVariance,2021-05-03,BTC-USD,0.005501
Combined_MinVariance,2021-05-03,EOS-USD,0.0
Combined_MinVariance,2021-05-03,ETC-USD,0.0
Combined_MinVariance,2021-05-03,ETH-USD,0.0
Combined_MinVariance,2021-05-03,LTC-USD,0.0
Combined_MinVariance,2021-05-03,TRX-USD,0.009885
Combined_MinVariance,2021-05-03,XLM-USD,0.0
Combined_MinVariance,2021-05-03,XRP-USD,0.0
Combined_MinVariance,2021-06-01,ABBV,0.048413
Combined_MinVariance,2021-06-01,ABT,0.0
Combined_MinVariance,2021-06-01,ADBE,0.0
Combined_MinVariance,2021-06-01,AEP,0.091592
Combined_MinVariance,2021-06-01,AMD,0.0
Combined_MinVariance,2021-06-01,AMGN,0.0
Combined_MinVariance,2021-06-01,AMT,0.0
Combined_MinVariance,2021-06-01,BA,0.0
Combined_MinVariance,2021-06-01,CAT,0.0
Combined_MinVariance,2021-06-01,CCI,0.0
Combined_MinVariance,2021-06-01,CMCSA,0.0
Combined_MinVariance,2021-06-01,COP,0.0
Combined_MinVariance,2021-06-01,CVX,0.0
Combined_MinVariance,2021-06-01,D,0.052074
Combined_MinVariance,2021-06-01,DD,0.0
Combined_MinVariance,2021-06-01,DIS,0.009003
Combined_MinVariance,2021-06-01,DOW,0.0
Combined_MinVariance,2021-06-01,DUK,0.011755
Combined_MinVariance,2021-06-01,EA,0.061696
Combined_MinVariance,2021-06-01,GE,0.0
Combined_MinVariance,2021-06-01,GILD,0.058108
Combined_MinVariance,2021-06-01,GS,0.0
Combined_MinVariance,2021-06-01,INTC,0.0
Combined_MinVariance,2021-06-01,KO,0.0
Combined_MinVariance,2021-06-01,MMM,0.086587
Combined_MinVariance,2021-06-01,MRK,0.117848
Combined_MinVariance,2021-06-01,MS,0.0
Combined_MinVariance,2021-06-01,NEE,0.0
Combined_MinVariance,2021-06-01,NEM,0.0
Combined_MinVariance,2021-06-01,NKE,0.024197
Combined_MinVariance,2021-06-01,NUE,0.0
Combined_MinVariance,2021-06-01,NVDA,0.0
Combined_MinVariance,2021-06-01,O,0.0
Combined_MinVariance,2021-06-01,OXY,0.0
Combined_MinVariance,2021-06-01,PLD,0.0
Combined_MinVariance,2021-06-01,PSA,0.087008
Combined_MinVariance,2021-06-01,QCOM,0.0
Combined_MinVariance,2021-06-01,SBUX,0.0
Combined_MinVariance,2021-06-01,SHW,0.0
Combined_MinVariance,2021-06-01,SLB,0.0
Combined_MinVariance,2021-06-01,SO,0.0
Combined_MinVariance,2021-06-01,T,0.117056
Combined_MinVariance,2021-06-01,TMUS,0.0
Combined_MinVariance,2021-06-01,TTWO,0.058101
Combined_MinVariance,2021-06-01,UPS,0.0
Combined_MinVariance,2021-06-01,USB,0.0
Combined_MinVariance,2021-06-01,V,0.0
Combined_MinVariance,2021-06-01,WFC,0.0
Combined_MinVariance,2021-06-01,WMT,0.172368
Combined_MinVariance,2021-06-01,XOM,0.0
Combined_MinVariance,2021-06-01,ADA-USD,0.0
Combined_MinVariance,2021-06-01,BCH-USD,0.0
Combined_MinVariance,2021-06-01,BTC-USD,0.0
Combined_MinVariance,2021-06-01,EOS-USD,0.0
Combined_MinVariance,2021-06-01,ETC-USD,0.0
Combined_MinVariance,2021-06-01,ETH-USD,0.0
Combined_MinVariance,2021-06-01,LTC-USD,0.0
Combined_MinVariance,2021-06-01,TRX-USD,0.004194
Combined_MinVariance,2021-06-01,XLM-USD,0.0
Combined_MinVariance,2021-06-01,XRP-USD,0.0
Combined_MinVariance,2021-07-01,ABBV,0.040508
Combined_MinVariance,2021-07-01,ABT,0.0
Combined_MinVariance,2021-07-01,ADBE,0.0
Combined_MinVariance,2021-07-01,AEP,0.071784
Combined_MinVariance,2021-07-01,AMD,0.005505
Combined_MinVariance,2021-07-01,AMGN,0.0
Combined_MinVariance,2021-07-01,AMT,0.0
Combined_MinVariance,2021-07-01,BA,0.0
Combined_MinVariance,2021-07-01,CAT,0.0
Combined_MinVariance,2021-07-01,CCI,0.053062
Combined_MinVariance,2021-07-01,CMCSA,0.0
Combined_MinVariance,2021-07-01,COP,0.0
Combined_MinVariance,2021-07-01,CVX,0.0
Combined_MinVariance,2021-07-01,D,0.025611
Combined_MinVariance,2021-07-01,DD,0.0
Combined_MinVariance,2021-07-01,DIS,0.013915
Combined_MinVariance,2021-07-01,DOW,0.0
Combined_MinVariance,2021-07-01,DUK,0.0
Combined_MinVariance,2021-07-01,EA,0.024213
Combined_MinVariance,2021-07-01,GE,0.0
Combined_MinVariance,2021-07-01,GILD,0.029193
Combined_MinVariance,2021-07-01,GS,0.02017
Combined_MinVariance,2021-07-01,INTC,0.0
Combined_MinVariance,2021-07-01,KO,0.0
Combined_MinVariance,2021-07-01,MMM,0.097421
Combined_MinVariance,2021-07-01,MRK,0.131642
Combined_MinVariance,2021-07-01,MS,0.0
Combined_MinVariance,2021-07-01,NEE,0.0
Combined_MinVariance,2021-07-01,NEM,0.0
Combined_MinVariance,2021-07-01,NKE,0.036482
Combined_MinVariance,2021-07-01,NUE,0.0
Combined_MinVariance,2021-07-01,NVDA,0.0
Combined_MinVariance,2021-07-01,O,0.0
Combined_MinVariance,2021-07-01,OXY,0.0
Combined_MinVariance,2021-07-01,PLD,0.0
Combined_MinVariance,2021-07-01,PSA,0.102234
Combined_MinVariance,2021-07-01,QCOM,0.0
Combined_MinVariance,2021-07-01,SBUX,0.021131
Combined_MinVariance,2021-07-01,SHW,0.0
Combined_MinVariance,2021-07-01,SLB,0.0
Combined_MinVariance,2021-07-01,SO,0.0
Combined_MinVariance,2021-07-01,T,0.16539
Combined_MinVariance,2021-07-01,TMUS,0.0
Combined_MinVariance,2021-07-01,TTWO,0.052544
Combined_MinVariance,2021-07-01,UPS,0.0
Combined_MinVariance,2021-07-01,USB,0.0
Combined_MinVariance,2021-07-01,V,0.0
Combined_MinVariance,2021-07-01,WFC,0.0
Combined_MinVariance,2021-07-01,WMT,0.101801
Combined_MinVariance,2021-07-01,XOM,0.0
Combined_MinVariance,2021-07-01,ADA-USD,0.0
Combined_MinVariance,2021-07-01,BCH-USD,0.0
Combined_MinVariance,2021-07-01,BTC-USD,0.0
Combined_MinVariance,2021-07-01,EOS-USD,0.0
Combined_MinVariance,2021-07-01,ETC-USD,0.0
Combined_MinVariance,2021-07-01,ETH-USD,0.0
Combined_MinVariance,2021-07-01,LTC-USD,0.0
Combined_MinVariance,2021-07-01,TRX-USD,0.007395
Combined_MinVariance,2021-07-01,XLM-USD,0.0
Combined_MinVariance,2021-07-01,XRP-USD,0.0
Combined_MinVariance,2021-08-02,ABBV,0.032386
Combined_MinVariance,2021-08-02,ABT,0.006861
Combined_MinVariance,2021-08-02,ADBE,0.0
Combined_MinVariance,2021-08-02,AEP,0.082243
Combined_MinVariance,2021-08-02,AMD,0.000634
Combined_MinVariance,2021-08-02,AMGN,0.0
Combined_MinVariance,2021-08-02,AMT,0.0
Combined_MinVariance,2021-08-02,BA,0.0
Combined_MinVariance,2021-08-02,CAT,0.002608
Combined_MinVariance,2021-08-02,CCI,0.065149
Combined_MinVariance,2021-08-02,CMCSA,0.0
Combined_MinVariance,2021-08-02,COP,0.0
Combined_MinVariance,2021-08-02,CVX,0.0
Combined_MinVariance,2021-08-02,D,0.0
Combined_MinVariance,2021-08-02,DD,0.0
Combined_MinVariance,2021-08-02,DIS,0.013674
Combined_MinVariance,2021-08-02,DOW,0.0
Combined_MinVariance,2021-08-02,DUK,0.009767
Combined_MinVariance,2021-08-02,EA,0.020689
Combined_MinVariance,2021-08-02,GE,0.0
Combined_MinVariance,2021-08-02,GILD,0.024018
Combined_MinVariance,2021-08-02,GS,0.022863
Combined_MinVariance,2021-08-02,INTC,0.0
Combined_MinVariance,2021-08-02,KO,0.0
Combined_MinVariance,2021-08-02,MMM,0.086817
Combined_MinVariance,2021-08-02,MRK,0.142876
Combined_MinVariance,2021-08-02,MS,0.0
Combined_MinVariance,2021-08-02,NEE,0.0
Combined_MinVariance,2021-08-02,NEM,0.0
Combined_MinVariance,2021-08-02,NKE,0.034546
Combined_MinVariance,2021-08-02,NUE,0.0
Combined_MinVariance,2021-08-02,NVDA,0.0
Combined_MinVariance,2021-08-02,O,0.0
Combined_MinVariance,2021-08-02,OXY,0.0
Combined_MinVariance,2021-08-02,PLD,0.0
Combined_MinVariance,2021-08-02,PSA,0.103132
Combined_MinVariance,2021-08-02,QCOM,0.0
Combined_MinVariance,2021-08-02,SBUX,0.01307
Combined_MinVariance,2021-08-02,SHW,0.0
Combined_MinVariance,2021-08-02,SLB,0.0
Combined_MinVariance,2021-08-02,SO,0.0
Combined_MinVariance,2021-08-02,T,0.1665
Combined_MinVariance,2021-08-02,TMUS,0.0
Combined_MinVariance,2021-08-02,TTWO,0.059625
Combined_MinVariance,2021-08-02,UPS,0.0
Combined_MinVariance,2021-08-02,USB,0.0
Combined_MinVariance,2021-08-02,V,0.0
Combined_MinVariance,2021-08-02,WFC,0.0
Combined_MinVariance,2021-08-02,WMT,0.105507
Combined_MinVariance,2021-08-02,XOM,0.0
Combined_MinVariance,2021-08-02,ADA-USD,0.0
Combined_MinVariance,2021-08-02,BCH-USD,0.0
Combined_MinVariance,2021-08-02,BTC-USD,0.0
Combined_MinVariance,2021-08-02,EOS-USD,0.0
Combined_MinVariance,2021-08-02,ETC-USD,0.0
Combined_MinVariance,2021-08-02,ETH-USD,0.0
Combined_MinVariance,2021-08-02,LTC-USD,0.0
Combined_MinVariance,2021-08-02,TRX-USD,0.007036
Combined_MinVariance,2021-08-02,XLM-USD,0.0
Combined_MinVariance,2021-08-02,XRP-USD,0.0
Combined_MinVariance,2021-09-01,ABBV,0.023844
Combined_MinVariance,2021-09-01,ABT,0.005696
Combined_MinVariance,2021-09-01,ADBE,0.0
Combined_MinVariance,2021-09-01,AEP,0.091332
Combined_MinVariance,2021-09-01,AMD,0.009362
Combined_MinVariance,2021-09-01,AMGN,0.0
Combined_MinVariance,2021-09-01,AMT,0.0
Combined_MinVariance,2021-09-01,BA,0.0
Combined_MinVariance,2021-09-01,CAT,0.000683
Combined_MinVariance,2021-09-01,CCI,0.069036
Combined_MinVariance,2021-09-01,CMCSA,0.0
Combined_MinVariance,2021-09-01,COP,0.0
Combined_MinVariance,2021-09-01,CVX,0.0
Combined_MinVariance,2021-09-01,D,0.0
Combined_MinVariance,2021-09-01,DD,0.0
Combined_MinVariance,2021-09-01,DIS,0.012759
Combined_MinVariance,2021-09-01,DOW,0.0
Combined_MinVariance,2021-09-01,DUK,0.010578
Combined_MinVariance,2021-09-01,EA,0.0196
Combined_MinVariance,2021-09-01,GE,0.0
Combined_MinVariance,2021-09-01,GILD,0.018767
Combined_MinVariance,2021-09-01,GS,0.030905
Combined_MinVariance,2021-09-01,INTC,0.0
Combined_MinVariance,2021-09-01,KO,0.0
Combined_MinVariance,2021-09-01,MMM,0.079722
Combined_MinVariance,2021-09-01,MRK,0.129236
Combined_MinVariance,2021-09-01,MS,0.0
Combined_MinVariance,2021-09-01,NEE,0.0
Combined_MinVariance,2021-09-01,NEM,0.0
Combined_MinVariance,2021-09-01,NKE,0.031219
Combined_MinVariance,2021-09-01,NUE,0.0
Combined_MinVariance,2021-09-01,NVDA,0.0
Combined_MinVariance,2021-09-01,O,0.0
Combined_MinVariance,2021-09-01,OXY,0.0
Combined_MinVariance,2021-09-01,PLD,0.0
Combined_MinVariance,2021-09-01,PSA,0.114613
Combined_MinVariance,2021-09-01,QCOM,0.0
Combined_MinVariance,2021-09-01,SBUX,0.000693
Combined_MinVariance,2021-09-01,SHW,0.0
Combined_MinVariance,2021-09-01,SLB,0.0
Combined_MinVariance,2021-09-01,SO,0.0
Combined_MinVariance,2021-09-01,T,0.165831
Combined_MinVariance,2021-09-01,TMUS,0.0
Combined_MinVariance,2021-09-01,TTWO,0.062759
Combined_MinVariance,2021-09-01,UPS,0.0
Combined_MinVariance,2021-09-01,USB,0.0
Combined_MinVariance,2021-09-01,V,0.0
Combined_MinVariance,2021-09-01,WFC,0.0
Combined_MinVariance,2021-09-01,WMT,0.115942
Combined_MinVariance,2021-09-01,XOM,0.0
Combined_MinVariance,2021-09-01,ADA-USD,0.0
Combined_MinVariance,2021-09-01,BCH-USD,0.0
Combined_MinVariance,2021-09-01,BTC-USD,0.0
Combined_MinVariance,2021-09-01,EOS-USD,0.0
Combined_MinVariance,2021-09-01,ETC-USD,0.0
Combined_MinVariance,2021-09-01,ETH-USD,0.0
Combined_MinVariance,2021-09-01,LTC-USD,0.0
Combined_MinVariance,2021-09-01,TRX-USD,0.007424
Combined_MinVariance,2021-09-01,XLM-USD,0.0
Combined_MinVariance,2021-09-01,XRP-USD,0.0
Combined_MinVariance,2021-10-01,ABBV,0.0
Combined_MinVariance,2021-10-01,ABT,0.033156
Combined_MinVariance,2021-10-01,ADBE,0.0
Combined_MinVariance,2021-10-01,AEP,0.053286
Combined_MinVariance,2021-10-01,AMD,0.01992
Combined_MinVariance,2021-10-01,AMGN,0.0
Combined_MinVariance,2021-10-01,AMT,0.0
Combined_MinVariance,2021-10-01,BA,0.0
Combined_MinVariance,2021-10-01,CAT,0.0
Combined_MinVariance,2021-10-01,CCI,0.090476
Combined_MinVariance,2021-10-01,CMCSA,0.0
Combined_MinVariance,2021-10-01,COP,0.0
Combined_MinVariance,2021-10-01,CVX,0.0
Combined_MinVariance,2021-10-01,D,0.0
Combined_MinVariance,2021-10-01,DD,0.000603
Combined_MinVariance,2021-10-01,DIS,0.007654
Combined_MinVariance,2021-10-01,DOW,0.0
Combined_MinVariance,2021-10-01,DUK,0.045026
Combined_MinVariance,2021-10-01,EA,0.045782
Combined_MinVariance,2021-10-01,GE,0.0
Combined_MinVariance,2021-10-01,GILD,0.005442
Combined_MinVariance,2021-10-01,GS,0.044145
Combined_MinVariance,2021-10-01,INTC,0.002069
Combined_MinVariance,2021-10-01,KO,5.4e-05
Combined_MinVariance,2021-10-01,MMM,0.083208
Combined_MinVariance,2021-10-01,MRK,0.147009
Combined_MinVariance,2021-10-01,MS,0.0
Combined_MinVariance,2021-10-01,NEE,0.0
Combined_MinVariance,2021-10-01,NEM,0.0
Combined_MinVariance,2021-10-01,NKE,0.0
Combined_MinVariance,2021-10-01,NUE,0.0
Combined_MinVariance,2021-10-01,NVDA,0.0
Combined_MinVariance,2021-10-01,O,0.0
Combined_MinVariance,2021-10-01,OXY,0.002433
Combined_MinVariance,2021-10-01,PLD,0.0
Combined_MinVariance,2021-10-01,PSA,0.09395
Combined_MinVariance,2021-10-01,QCOM,0.0
Combined_MinVariance,2021-10-01,SBUX,0.020732
Combined_MinVariance,2021-10-01,SHW,0.0
Combined_MinVariance,2021-10-01,SLB,0.00195
Combined_MinVariance,2021-10-01,SO,0.0
Combined_MinVariance,2021-10-01,T,0.134434
Combined_MinVariance,2021-10-01,TMUS,0.0
Combined_MinVariance,2021-10-01,TTWO,0.040268
Combined_MinVariance,2021-10-01,UPS,0.0
Combined_MinVariance,2021-10-01,USB,0.0
Combined_MinVariance,2021-10-01,V,0.0
Combined_MinVariance,2021-10-01,WFC,0.0
Combined_MinVariance,2021-10-01,WMT,0.128404
Combined_MinVariance,2021-10-01,XOM,0.0
Combined_MinVariance,2021-10-01,ADA-USD,0.0
Combined_MinVariance,2021-10-01,BCH-USD,0.0
Combined_MinVariance,2021-10-01,BTC-USD,0.0
Combined_MinVariance,2021-10-01,EOS-USD,0.0
Combined_MinVariance,2021-10-01,ETC-USD,0.0
Combined_MinVariance,2021-10-01,ETH-USD,0.0
Combined_MinVariance,2021-10-01,LTC-USD,0.0
Combined_MinVariance,2021-10-01,TRX-USD,0.0
Combined_MinVariance,2021-10-01,XLM-USD,0.0
Combined_MinVariance,2021-10-01,XRP-USD,0.0
Combined_MinVariance,2021-11-01,ABBV,0.016314
Combined_MinVariance,2021-11-01,ABT,0.05586
Combined_MinVariance,2021-11-01,ADBE,0.0
Combined_MinVariance,2021-11-01,AEP,0.047064
Combined_MinVariance,2021-11-01,AMD,0.035314
Combined_MinVariance,2021-11-01,AMGN,0.0
Combined_MinVariance,2021-11-01,AMT,0.0
Combined_MinVariance,2021-11-01,BA,0.0
Combined_MinVariance,2021-11-01,CAT,0.0
Combined_MinVariance,2021-11-01,CCI,0.05604
Combined_MinVariance,2021-11-01,CMCSA,0.0
Combined_MinVariance,2021-11-01,COP,0.000688
Combined_MinVariance,2021-11-01,CVX,0.0
Combined_MinVariance,2021-11-01,D,0.0
Combined_MinVariance,2021-11-01,DD,0.0
Combined_MinVariance,2021-11-01,DIS,0.0
Combined_MinVariance,2021-11-01,DOW,0.0
Combined_MinVariance,2021-11-01,DUK,0.054597
Combined_MinVariance,2021-11-01,EA,0.052616
Combined_MinVariance,2021-11-01,GE,0.0
Combined_MinVariance,2021-11-01,GILD,0.044238
Combined_MinVariance,2021-11-01,GS,0.063264
Combined_MinVariance,2021-11-01,INTC,4.7e-05
Combined_MinVariance,2021-11-01,KO,0.063106
Combined_MinVariance,2021-11-01,MMM,0.064466
Combined_MinVariance,2021-11-01,MRK,0.073396
Combined_MinVariance,2021-11-01,MS,0.0
Combined_MinVariance,2021-11-01,NEE,0.0
Combined_MinVariance,2021-11-01,NEM,0.000503
Combined_MinVariance,2021-11-01,NKE,0.0
Combined_MinVariance,2021-11-01,NUE,0.0
Combined_MinVariance,2021-11-01,NVDA,0.0
Combined_MinVariance,2021-11-01,O,0.0
Combined_MinVariance,2021-11-01,OXY,0.00426
Combined_MinVariance,2021-11-01,PLD,0.0
Combined_MinVariance,2021-11-01,PSA,0.102568
Combined_MinVariance,2021-11-01,QCOM,0.0
Combined_MinVariance,2021-11-01,SBUX,0.013203
Combined_MinVariance,2021-11-01,SHW,0.0
Combined_MinVariance,2021-11-01,SLB,0.0
Combined_MinVariance,2021-11-01,SO,0.0
Combined_MinVariance,2021-11-01,T,0.110502
Combined_MinVariance,2021-11-01,TMUS,0.000654
Combined_MinVariance,2021-11-01,TTWO,0.027203
Combined_MinVariance,2021-11-01,UPS,0.00726
Combined_MinVariance,2021-11-01,USB,0.0
Combined_MinVariance,2021-11-01,V,0.0
Combined_MinVariance,2021-11-01,WFC,0.0
Combined_MinVariance,2021-11-01,WMT,0.106836
Combined_MinVariance,2021-11-01,XOM,0.0
Combined_MinVariance,2021-11-01,ADA-USD,0.0
Combined_MinVariance,2021-11-01,BCH-USD,0.0
Combined_MinVariance,2021-11-01,BTC-USD,0.0
Combined_MinVariance,2021-11-01,EOS-USD,0.0
Combined_MinVariance,2021-11-01,ETC-USD,0.0
Combined_MinVariance,2021-11-01,ETH-USD,0.0
Combined_MinVariance,2021-11-01,LTC-USD,0.0
Combined_MinVariance,2021-11-01,TRX-USD,0.0
Combined_MinVariance,2021-11-01,XLM-USD,0.0
Combined_MinVariance,2021-11-01,XRP-USD,0.0
Combined_MinVariance,2021-12-01,ABBV,0.031453
Combined_MinVariance,2021-12-01,ABT,0.076846
Combined_MinVariance,2021-12-01,ADBE,0.0
Combined_MinVariance,2021-12-01,AEP,0.053685
Combined_MinVariance,2021-12-01,AMD,0.025907
Combined_MinVariance,2021-12-01,AMGN,0.0
Combined_MinVariance,2021-12-01,AMT,0.0
Combined_MinVariance,2021-12-01,BA,0.0
Combined_MinVariance,2021-12-01,CAT,0.0
Combined_MinVariance,2021-12-01,CCI,0.00037
Combined_MinVariance,2021-12-01,CMCSA,0.0
Combined_MinVariance,2021-12-01,COP,0.01231
Combined_MinVariance,2021-12-01,CVX,0.012921
Combined_MinVariance,2021-12-01,D,0.0
Combined_MinVariance,2021-12-01,DD,0.0
Combined_MinVariance,2021-12-01,DIS,0.005004
Combined_MinVariance,2021-12-01,DOW,0.0
Combined_MinVariance,2021-12-01,DUK,0.066718
Combined_MinVariance,2021-12-01,EA,0.068104
Combined_MinVariance,2021-12-01,GE,0.0
Combined_MinVariance,2021-12-01,GILD,0.039537
Combined_MinVariance,2021-12-01,GS,0.051652
Combined_MinVariance,2021-12-01,INTC,0.00662
Combined_MinVariance,2021-12-01,KO,0.033304
Combined_MinVariance,2021-12-01,MMM,0.063546
Combined_MinVariance,2021-12-01,MRK,0.033722
Combined_MinVariance,2021-12-01,MS,0.0
Combined_MinVariance,2021-12-01,NEE,0.0
Combined_MinVariance,2021-12-01,NEM,0.014748
Combined_MinVariance,2021-12-01,NKE,0.00108
Combined_MinVariance,2021-12-01,NUE,0.0
Combined_MinVariance,2021-12-01,NVDA,0.0
Combined_MinVariance,2021-12-01,O,0.003325
Combined_MinVariance,2021-12-01,OXY,0.0
Combined_MinVariance,2021-12-01,PLD,0.0
Combined_MinVariance,2021-12-01,PSA,0.127437
Combined_MinVariance,2021-12-01,QCOM,0.0
Combined_MinVariance,2021-12-01,SBUX,0.011588
Combined_MinVariance,2021-12-01,SHW,0.027497
Combined_MinVariance,2021-12-01,SLB,0.0
Combined_MinVariance,2021-12-01,SO,0.010398
Combined_MinVariance,2021-12-01,T,0.088469
Combined_MinVariance,2021-12-01,TMUS,0.0
Combined_MinVariance,2021-12-01,TTWO,0.021243
Combined_MinVariance,2021-12-01,UPS,0.000335
Combined_MinVariance,2021-12-01,USB,0.0
Combined_MinVariance,2021-12-01,V,0.0
Combined_MinVariance,2021-12-01,WFC,0.0
Combined_MinVariance,2021-12-01,WMT,0.11218
Combined_MinVariance,2021-12-01,XOM,0.0
Combined_MinVariance,2021-12-01,ADA-USD,0.0
Combined_MinVariance,2021-12-01,BCH-USD,0.0
Combined_MinVariance,2021-12-01,BTC-USD,0.0
Combined_MinVariance,2021-12-01,EOS-USD,0.0
Combined_MinVariance,2021-12-01,ETC-USD,0.0
Combined_MinVariance,2021-12-01,ETH-USD,0.0
Combined_MinVariance,2021-12-01,LTC-USD,0.0
Combined_MinVariance,2021-12-01,TRX-USD,0.0
Combined_MinVariance,2021-12-01,XLM-USD,0.0
Combined_MinVariance,2021-12-01,XRP-USD,0.0
Combined_MinVariance,2022-01-03,ABBV,0.021767
Combined_MinVariance,2022-01-03,ABT,0.068504
Combined_MinVariance,2022-01-03,ADBE,0.011238
Combined_MinVariance,2022-01-03,AEP,0.054007
Combined_MinVariance,2022-01-03,AMD,0.022533
Combined_MinVariance,2022-01-03,AMGN,0.0
Combined_MinVariance,2022-01-03,AMT,0.0
Combined_MinVariance,2022-01-03,BA,0.0
Combined_MinVariance,2022-01-03,CAT,0.0
Combined_MinVariance,2022-01-03,CCI,0.0
Combined_MinVariance,2022-01-03,CMCSA,0.0
Combined_MinVariance,2022-01-03,COP,0.0
Combined_MinVariance,2022-01-03,CVX,0.01712
Combined_MinVariance,2022-01-03,D,0.0
Combined_MinVariance,2022-01-03,DD,0.0
Combined_MinVariance,2022-01-03,DIS,0.024563
Combined_MinVariance,2022-01-03,DOW,0.0
Combined_MinVariance,2022-01-03,DUK,0.070579
Combined_MinVariance,2022-01-03,EA,0.059394
Combined_MinVariance,2022-01-03,GE,0.0
Combined_MinVariance,2022-01-03,GILD,0.069629
Combined_MinVariance,2022-01-03,GS,0.044382
Combined_MinVariance,2022-01-03,INTC,0.008115
Combined_MinVariance,2022-01-03,KO,0.02488
Combined_MinVariance,2022-01-03,MMM,0.076593
Combined_MinVariance,2022-01-03,MRK,0.048508
Combined_MinVariance,2022-01-03,MS,0.0
Combined_MinVariance,2022-01-03,NEE,0.0
Combined_MinVariance,2022-01-03,NEM,0.01379
Combined_MinVariance,2022-01-03,NKE,0.009381
Combined_MinVariance,2022-01-03,NUE,0.0
Combined_MinVariance,2022-01-03,NVDA,0.0
Combined_MinVariance,2022-01-03,O,0.005643
Combined_MinVariance,2022-01-03,OXY,0.004207
Combined_MinVariance,2022-01-03,PLD,0.0
Combined_MinVariance,2022-01-03,PSA,0.115336
Combined_MinVariance,2022-01-03,QCOM,0.0
Combined_MinVariance,2022-01-03,SBUX,0.0
Combined_MinVariance,2022-01-03,SHW,0.006609
Combined_MinVariance,2022-01-03,SLB,0.0
Combined_MinVariance,2022-01-03,SO,0.012305
Combined_MinVariance,2022-01-03,T,0.073699
Combined_MinVariance,2022-01-03,TMUS,0.0
Combined_MinVariance,2022-01-03,TTWO,0.019529
Combined_MinVariance,2022-01-03,UPS,0.003916
Combined_MinVariance,2022-01-03,USB,0.0
Combined_MinVariance,2022-01-03,V,0.0
Combined_MinVariance,2022-01-03,WFC,0.0
Combined_MinVariance,2022-01-03,WMT,0.113774
Combined_MinVariance,2022-01-03,XOM,0.0
Combined_MinVariance,2022-01-03,ADA-USD,0.0
Combined_MinVariance,2022-01-03,BCH-USD,0.0
Combined_MinVariance,2022-01-03,BTC-USD,0.0
Combined_MinVariance,2022-01-03,EOS-USD,0.0
Combined_MinVariance,2022-01-03,ETC-USD,0.0
Combined_MinVariance,2022-01-03,ETH-USD,0.0
Combined_MinVariance,2022-01-03,LTC-USD,0.0
Combined_MinVariance,2022-01-03,TRX-USD,0.0
Combined_MinVariance,2022-01-03,XLM-USD,0.0
Combined_MinVariance,2022-01-03,XRP-USD,0.0
Combined_MinVariance,2022-02-01,ABBV,0.047281
Combined_MinVariance,2022-02-01,ABT,0.035243
Combined_MinVariance,2022-02-01,ADBE,0.007336
Combined_MinVariance,2022-02-01,AEP,0.036672
Combined_MinVariance,2022-02-01,AMD,0.008748
Combined_MinVariance,2022-02-01,AMGN,0.0
Combined_MinVariance,2022-02-01,AMT,0.0
Combined_MinVariance,2022-02-01,BA,0.0
Combined_MinVariance,2022-02-01,CAT,0.017071
Combined_MinVariance,2022-02-01,CCI,0.0
Combined_MinVariance,2022-02-01,CMCSA,0.0
Combined_MinVariance,2022-02-01,COP,0.0
Combined_MinVariance,2022-02-01,CVX,0.077065
Combined_MinVariance,2022-02-01,D,0.0
Combined_MinVariance,2022-02-01,DD,0.0
Combined_MinVariance,2022-02-01,DIS,0.01436
Combined_MinVariance,2022-02-01,DOW,0.0
Combined_MinVariance,2022-02-01,DUK,0.057775
Combined_MinVariance,2022-02-01,EA,0.063395
Combined_MinVariance,2022-02-01,GE,0.0
Combined_MinVariance,2022-02-01,GILD,0.068578
Combined_MinVariance,2022-02-01,GS,0.003599
Combined_MinVariance,2022-02-01,INTC,0.012915
Combined_MinVariance,2022-02-01,KO,0.028657
Combined_MinVariance,2022-02-01,MMM,0.016708
Combined_MinVariance,2022-02-01,MRK,0.063008
Combined_MinVariance,2022-02-01,MS,0.020004
Combined_MinVariance,2022-02-01,NEE,0.0
Combined_MinVariance,2022-02-01,NEM,0.012657
Combined_MinVariance,2022-02-01,NKE,0.017789
Combined_MinVariance,2022-02-01,NUE,0.0
Combined_MinVariance,2022-02-01,NVDA,0.0
Combined_MinVariance,2022-02-01,O,0.006679
Combined_MinVariance,2022-02-01,OXY,0.0
Combined_MinVariance,2022-02-01,PLD,0.0
Combined_MinVariance,2022-02-01,PSA,0.105513
Combined_MinVariance,2022-02-01,QCOM,0.0
Combined_MinVariance,2022-02-01,SBUX,0.02471
Combined_MinVariance,2022-02-01,SHW,0.011962
Combined_MinVariance,2022-02-01,SLB,0.0
Combined_MinVariance,2022-02-01,SO,0.106008
Combined_MinVariance,2022-02-01,T,0.009187
Combined_MinVariance,2022-02-01,TMUS,0.0
Combined_MinVariance,2022-02-01,TTWO,0.031294
Combined_MinVariance,2022-02-01,UPS,0.002395
Combined_MinVariance,2022-02-01,USB,0.0
Combined_MinVariance,2022-02-01,V,0.0
Combined_MinVariance,2022-02-01,WFC,0.0
Combined_MinVariance,2022-02-01,WMT,0.093392
Combined_MinVariance,2022-02-01,XOM,0.0
Combined_MinVariance,2022-02-01,ADA-USD,0.0
Combined_MinVariance,2022-02-01,BCH-USD,0.0
Combined_MinVariance,2022-02-01,BTC-USD,0.0
Combined_MinVariance,2022-02-01,EOS-USD,0.0
Combined_MinVariance,2022-02-01,ETC-USD,0.0
Combined_MinVariance,2022-02-01,ETH-USD,0.0
Combined_MinVariance,2022-02-01,LTC-USD,0.0
Combined_MinVariance,2022-02-01,TRX-USD,0.0
Combined_MinVariance,2022-02-01,XLM-USD,0.0
Combined_MinVariance,2022-02-01,XRP-USD,0.0
Combined_MinVariance,2022-03-01,ABBV,0.034272
Combined_MinVariance,2022-03-01,ABT,0.012832
Combined_MinVariance,2022-03-01,ADBE,0.01033
Combined_MinVariance,2022-03-01,AEP,0.041405
Combined_MinVariance,2022-03-01,AMD,0.0
Combined_MinVariance,2022-03-01,AMGN,0.0
Combined_MinVariance,2022-03-01,AMT,0.0
Combined_MinVariance,2022-03-01,BA,0.0
Combined_MinVariance,2022-03-01,CAT,0.013259
Combined_MinVariance,2022-03-01,CCI,0.0
Combined_MinVariance,2022-03-01,CMCSA,0.0
Combined_MinVariance,2022-03-01,COP,0.0
Combined_MinVariance,2022-03-01,CVX,0.058863
Combined_MinVariance,2022-03-01,D,0.0
Combined_MinVariance,2022-03-01,DD,0.0
Combined_MinVariance,2022-03-01,DIS,0.067587
Combined_MinVariance,2022-03-01,DOW,0.0
Combined_MinVariance,2022-03-01,DUK,0.004289
Combined_MinVariance,2022-03-01,EA,0.068121
Combined_MinVariance,2022-03-01,GE,0.0
Combined_MinVariance,2022-03-01,GILD,0.141164
Combined_MinVariance,2022-03-01,GS,0.002453
Combined_MinVariance,2022-03-01,INTC,0.0
Combined_MinVariance,2022-03-01,KO,0.091045
Combined_MinVariance,2022-03-01,MMM,0.0
Combined_MinVariance,2022-03-01,MRK,0.047376
Combined_MinVariance,2022-03-01,MS,0.009777
Combined_MinVariance,2022-03-01,NEE,0.0
Combined_MinVariance,2022-03-01,NEM,0.021383
Combined_MinVariance,2022-03-01,NKE,0.022329
Combined_MinVariance,2022-03-01,NUE,0.0
Combined_MinVariance,2022-03-01,NVDA,0.0
Combined_MinVariance,2022-03-01,O,0.005253
Combined_MinVariance,2022-03-01,OXY,0.004122
Combined_MinVariance,2022-03-01,PLD,0.0
Combined_MinVariance,2022-03-01,PSA,0.069756
Combined_MinVariance,2022-03-01,QCOM,0.0
Combined_MinVariance,2022-03-01,SBUX,0.0
Combined_MinVariance,2022-03-01,SHW,0.0
Combined_MinVariance,2022-03-01,SLB,0.0
Combined_MinVariance,2022-03-01,SO,0.091769
Combined_MinVariance,2022-03-01,T,0.0
Combined_MinVariance,2022-03-01,TMUS,0.0
Combined_MinVariance,2022-03-01,TTWO,0.040544
Combined_MinVariance,2022-03-01,UPS,0.011358
Combined_MinVariance,2022-03-01,USB,0.0
Combined_MinVariance,2022-03-01,V,0.0
Combined_MinVariance,2022-03-01,WFC,0.0
Combined_MinVariance,2022-03-01,WMT,0.130691
Combined_MinVariance,2022-03-01,XOM,0.0
Combined_MinVariance,2022-03-01,ADA-USD,0.0
Combined_MinVariance,2022-03-01,BCH-USD,0.0
Combined_MinVariance,2022-03-01,BTC-USD,2.3e-05
Combined_MinVariance,2022-03-01,EOS-USD,0.0
Combined_MinVariance,2022-03-01,ETC-USD,0.0
Combined_MinVariance,2022-03-01,ETH-USD,0.0
Combined_MinVariance,2022-03-01,LTC-USD,0.0
Combined_MinVariance,2022-03-01,TRX-USD,0.0
Combined_MinVariance,2022-03-01,XLM-USD,0.0
Combined_MinVariance,2022-03-01,XRP-USD,0.0
Combined_MinVariance,2022-04-01,ABBV,0.044791
Combined_MinVariance,2022-04-01,ABT,0.0
Combined_MinVariance,2022-04-01,ADBE,0.010319
Combined_MinVariance,2022-04-01,AEP,0.011263
Combined_MinVariance,2022-04-01,AMD,0.0027
Combined_MinVariance,2022-04-01,AMGN,0.0
Combined_MinVariance,2022-04-01,AMT,0.0
Combined_MinVariance,2022-04-01,BA,0.0
Combined_MinVariance,2022-04-01,CAT,0.028728
Combined_MinVariance,2022-04-01,CCI,0.0
Combined_MinVariance,2022-04-01,CMCSA,0.0
Combined_MinVariance,2022-04-01,COP,0.0
Combined_MinVariance,2022-04-01,CVX,0.085851
Combined_MinVariance,2022-04-01,D,0.0
Combined_MinVariance,2022-04-01,DD,0.0
Combined_MinVariance,2022-04-01,DIS,0.049495
Combined_MinVariance,2022-04-01,DOW,0.0
Combined_MinVariance,2022-04-01,DUK,0.014358
Combined_MinVariance,2022-04-01,EA,0.074587
Combined_MinVariance,2022-04-01,GE,0.0
Combined_MinVariance,2022-04-01,GILD,0.143167
Combined_MinVariance,2022-04-01,GS,0.0
Combined_MinVariance,2022-04-01,INTC,0.000902
Combined_MinVariance,2022-04-01,KO,0.089168
Combined_MinVariance,2022-04-01,MMM,0.0
Combined_MinVariance,2022-04-01,MRK,0.050247
Combined_MinVariance,2022-04-01,MS,0.0
Combined_MinVariance,2022-04-01,NEE,0.019238
Combined_MinVariance,2022-04-01,NEM,0.035483
Combined_MinVariance,2022-04-01,NKE,0.014242
Combined_MinVariance,2022-04-01,NUE,0.0
Combined_MinVariance,2022-04-01,NVDA,0.0
Combined_MinVariance,2022-04-01,O,0.006513
Combined_MinVariance,2022-04-01,OXY,0.0
Combined_MinVariance,2022-04-01,PLD,0.0
Combined_MinVariance,2022-04-01,PSA,0.050037
Combined_MinVariance,2022-04-01,QCOM,0.0
Combined_MinVariance,2022-04-01,SBUX,0.0
Combined_MinVariance,2022-04-01,SHW,0.007598
Combined_MinVariance,2022-04-01,SLB,0.0
Combined_MinVariance,2022-04-01,SO,0.09703
Combined_MinVariance,2022-04-01,T,0.0
Combined_MinVariance,2022-04-01,TMUS,0.014054
Combined_MinVariance,2022-04-01,TTWO,0.033337
Combined_MinVariance,2022-04-01,UPS,0.0
Combined_MinVariance,2022-04-01,USB,0.0
Combined_MinVariance,2022-04-01,V,0.0
Combined_MinVariance,2022-04-01,WFC,0.0
Combined_MinVariance,2022-04-01,WMT,0.11602
Combined_MinVariance,2022-04-01,XOM,0.0
Combined_MinVariance,2022-04-01,ADA-USD,0.0
Combined_MinVariance,2022-04-01,BCH-USD,0.0
Combined_MinVariance,2022-04-01,BTC-USD,0.000873
Combined_MinVariance,2022-04-01,EOS-USD,0.0
Combined_MinVariance,2022-04-01,ETC-USD,0.0
Combined_MinVariance,2022-04-01,ETH-USD,0.0
Combined_MinVariance,2022-04-01,LTC-USD,0.0
Combined_MinVariance,2022-04-01,TRX-USD,0.0
Combined_MinVariance,2022-04-01,XLM-USD,0.0
Combined_MinVariance,2022-04-01,XRP-USD,0.0
Combined_MinVariance,2022-05-02,ABBV,0.01882
Combined_MinVariance,2022-05-02,ABT,0.0
Combined_MinVariance,2022-05-02,ADBE,0.01627
Combined_MinVariance,2022-05-02,AEP,0.0
Combined_MinVariance,2022-05-02,AMD,0.0
Combined_MinVariance,2022-05-02,AMGN,0.00959
Combined_MinVariance,2022-05-02,AMT,0.0
Combined_MinVariance,2022-05-02,BA,0.0
Combined_MinVariance,2022-05-02,CAT,0.042609
Combined_MinVariance,2022-05-02,CCI,0.0
Combined_MinVariance,2022-05-02,CMCSA,0.0
Combined_MinVariance,2022-05-02,COP,0.0
Combined_MinVariance,2022-05-02,CVX,0.064715
Combined_MinVariance,2022-05-02,D,0.0
Combined_MinVariance,2022-05-02,DD,0.0
Combined_MinVariance,2022-05-02,DIS,0.039689
Combined_MinVariance,2022-05-02,DOW,0.0
Combined_MinVariance,2022-05-02,DUK,0.088064
Combined_MinVariance,2022-05-02,EA,0.093808
Combined_MinVariance,2022-05-02,GE,0.0
Combined_MinVariance,2022-05-02,GILD,0.129227
Combined_MinVariance,2022-05-02,GS,0.0
Combined_MinVariance,2022-05-02,INTC,0.0
Combined_MinVariance,2022-05-02,KO,0.110416
Combined_MinVariance,2022-05-02,MMM,0.0
Combined_MinVariance,2022-05-02,MRK,0.055118
Combined_MinVariance,2022-05-02,MS,0.0
Combined_MinVariance,2022-05-02,NEE,0.0
Combined_MinVariance,2022-05-02,NEM,0.048328
Combined_MinVariance,2022-05-02,NKE,0.0
Combined_MinVariance,2022-05-02,NUE,0.0
Combined_MinVariance,2022-05-02,NVDA,0.0
Combined_MinVariance,2022-05-02,O,0.0
Combined_MinVariance,2022-05-02,OXY,0.0
Combined_MinVariance,2022-05-02,PLD,0.0
Combined_MinVariance,2022-05-02,PSA,0.0
Combined_MinVariance,2022-05-02,QCOM,0.0
Combined_MinVariance,2022-05-02,SBUX,0.0
Combined_MinVariance,2022-05-02,SHW,0.068234
Combined_MinVariance,2022-05-02,SLB,0.0
Combined_MinVariance,2022-05-02,SO,0.067907
Combined_MinVariance,2022-05-02,T,0.0
Combined_MinVariance,2022-05-02,TMUS,0.0
Combined_MinVariance,2022-05-02,TTWO,0.038716
Combined_MinVariance,2022-05-02,UPS,0.0
Combined_MinVariance,2022-05-02,USB,0.0
Combined_MinVariance,2022-05-02,V,0.0
Combined_MinVariance,2022-05-02,WFC,0.0
Combined_MinVariance,2022-05-02,WMT,0.108489
Combined_MinVariance,2022-05-02,XOM,0.0
Combined_MinVariance,2022-05-02,ADA-USD,0.0
Combined_MinVariance,2022-05-02,BCH-USD,0.0
Combined_MinVariance,2022-05-02,BTC-USD,0.0
Combined_MinVariance,2022-05-02,EOS-USD,0.0
Combined_MinVariance,2022-05-02,ETC-USD,0.0
Combined_MinVariance,2022-05-02,ETH-USD,0.0
Combined_MinVariance,2022-05-02,LTC-USD,0.0
Combined_MinVariance,2022-05-02,TRX-USD,0.0
Combined_MinVariance,2022-05-02,XLM-USD,0.0
Combined_MinVariance,2022-05-02,XRP-USD,0.0
Combined_MinVariance,2022-06-01,ABBV,0.065405
Combined_MinVariance,2022-06-01,ABT,0.0
Combined_MinVariance,2022-06-01,ADBE,0.0
Combined_MinVariance,2022-06-01,AEP,0.0
Combined_MinVariance,2022-06-01,AMD,0.0
Combined_MinVariance,2022-06-01,AMGN,0.033851
Combined_MinVariance,2022-06-01,AMT,0.0
Combined_MinVariance,2022-06-01,BA,0.0
Combined_MinVariance,2022-06-01,CAT,0.015456
Combined_MinVariance,2022-06-01,CCI,0.0
Combined_MinVariance,2022-06-01,CMCSA,0.0
Combined_MinVariance,2022-06-01,COP,0.0
Combined_MinVariance,2022-06-01,CVX,0.034164
Combined_MinVariance,2022-06-01,D,0.0
Combined_MinVariance,2022-06-01,DD,0.0
Combined_MinVariance,2022-06-01,DIS,0.053492
Combined_MinVariance,2022-06-01,DOW,0.0
Combined_MinVariance,2022-06-01,DUK,0.160603
Combined_MinVariance,2022-06-01,EA,0.093539
Combined_MinVariance,2022-06-01,GE,0.0
Combined_MinVariance,2022-06-01,GILD,0.173052
Combined_MinVariance,2022-06-01,GS,0.0
Combined_MinVariance,2022-06-01,INTC,0.000802
Combined_MinVariance,2022-06-01,KO,0.0
Combined_MinVariance,2022-06-01,MMM,0.0
Combined_MinVariance,2022-06-01,MRK,0.06899
Combined_MinVariance,2022-06-01,MS,0.0
Combined_MinVariance,2022-06-01,NEE,0.0
Combined_MinVariance,2022-06-01,NEM,0.063098
Combined_MinVariance,2022-06-01,NKE,0.0
Combined_MinVariance,2022-06-01,NUE,0.0
Combined_MinVariance,2022-06-01,NVDA,0.0
Combined_MinVariance,2022-06-01,O,0.0
Combined_MinVariance,2022-06-01,OXY,0.0
Combined_MinVariance,2022-06-01,PLD,0.0
Combined_MinVariance,2022-06-01,PSA,0.0
Combined_MinVariance,2022-06-01,QCOM,0.0
Combined_MinVariance,2022-06-01,SBUX,0.0
Combined_MinVariance,2022-06-01,SHW,0.053503
Combined_MinVariance,2022-06-01,SLB,0.0
Combined_MinVariance,2022-06-01,SO,0.056522
Combined_MinVariance,2022-06-01,T,0.0
Combined_MinVariance,2022-06-01,TMUS,0.0
Combined_MinVariance,2022-06-01,TTWO,0.025322
Combined_MinVariance,2022-06-01,UPS,0.005053
Combined_MinVariance,2022-06-01,USB,0.0
Combined_MinVariance,2022-06-01,V,0.0
Combined_MinVariance,2022-06-01,WFC,0.0
Combined_MinVariance,2022-06-01,WMT,0.086751
Combined_MinVariance,2022-06-01,XOM,0.0
Combined_MinVariance,2022-06-01,ADA-USD,0.0
Combined_MinVariance,2022-06-01,BCH-USD,0.0
Combined_MinVariance,2022-06-01,BTC-USD,0.010397
Combined_MinVariance,2022-06-01,EOS-USD,0.0
Combined_MinVariance,2022-06-01,ETC-USD,0.0
Combined_MinVariance,2022-06-01,ETH-USD,0.0
Combined_MinVariance,2022-06-01,LTC-USD,0.0
Combined_MinVariance,2022-06-01,TRX-USD,0.0
Combined_MinVariance,2022-06-01,XLM-USD,0.0
Combined_MinVariance,2022-06-01,XRP-USD,0.0
Combined_MinVariance,2022-07-01,ABBV,0.044202
Combined_MinVariance,2022-07-01,ABT,0.0
Combined_MinVariance,2022-07-01,ADBE,0.0
Combined_MinVariance,2022-07-01,AEP,0.0
Combined_MinVariance,2022-07-01,AMD,0.0
Combined_MinVariance,2022-07-01,AMGN,0.070055
Combined_MinVariance,2022-07-01,AMT,0.0
Combined_MinVariance,2022-07-01,BA,0.0
Combined_MinVariance,2022-07-01,CAT,0.009109
Combined_MinVariance,2022-07-01,CCI,0.0
Combined_MinVariance,2022-07-01,CMCSA,0.0
Combined_MinVariance,2022-07-01,COP,0.0
Combined_MinVariance,2022-07-01,CVX,0.046683
Combined_MinVariance,2022-07-01,D,0.0
Combined_MinVariance,2022-07-01,DD,0.0
Combined_MinVariance,2022-07-01,DIS,0.052035
Combined_MinVariance,2022-07-01,DOW,0.0
Combined_MinVariance,2022-07-01,DUK,0.177269
Combined_MinVariance,2022-07-01,EA,0.091703
Combined_MinVariance,2022-07-01,GE,0.0
Combined_MinVariance,2022-07-01,GILD,0.175829
Combined_MinVariance,2022-07-01,GS,0.0
Combined_MinVariance,2022-07-01,INTC,0.0
Combined_MinVariance,2022-07-01,KO,0.030624
Combined_MinVariance,2022-07-01,MMM,0.001544
Combined_MinVariance,2022-07-01,MRK,0.06062
Combined_MinVariance,2022-07-01,MS,0.0
Combined_MinVariance,2022-07-01,NEE,0.0
Combined_MinVariance,2022-07-01,NEM,0.061927
Combined_MinVariance,2022-07-01,NKE,0.0
Combined_MinVariance,2022-07-01,NUE,0.0
Combined_MinVariance,2022-07-01,NVDA,0.0
Combined_MinVariance,2022-07-01,O,0.0
Combined_MinVariance,2022-07-01,OXY,0.0
Combined_MinVariance,2022-07-01,PLD,0.0
Combined_MinVariance,2022-07-01,PSA,0.0
Combined_MinVariance,2022-07-01,QCOM,0.0
Combined_MinVariance,2022-07-01,SBUX,0.0
Combined_MinVariance,2022-07-01,SHW,0.027686
Combined_MinVariance,2022-07-01,SLB,0.0
Combined_MinVariance,2022-07-01,SO,0.004705
Combined_MinVariance,2022-07-01,T,0.0
Combined_MinVariance,2022-07-01,TMUS,0.0
Combined_MinVariance,2022-07-01,TTWO,0.027243
Combined_MinVariance,2022-07-01,UPS,0.008465
Combined_MinVariance,2022-07-01,USB,0.0
Combined_MinVariance,2022-07-01,V,0.0
Combined_MinVariance,2022-07-01,WFC,0.0
Combined_MinVariance,2022-07-01,WMT,0.110302
Combined_MinVariance,2022-07-01,XOM,0.0
Combined_MinVariance,2022-07-01,ADA-USD,0.0
Combined_MinVariance,2022-07-01,BCH-USD,0.0
Combined_MinVariance,2022-07-01,BTC-USD,0.0
Combined_MinVariance,2022-07-01,EOS-USD,0.0
Combined_MinVariance,2022-07-01,ETC-USD,0.0
Combined_MinVariance,2022-07-01,ETH-USD,0.0
Combined_MinVariance,2022-07-01,LTC-USD,0.0
Combined_MinVariance,2022-07-01,TRX-USD,0.0
Combined_MinVariance,2022-07-01,XLM-USD,0.0
Combined_MinVariance,2022-07-01,XRP-USD,0.0
Combined_MinVariance,2022-08-01,ABBV,0.054056
Combined_MinVariance,2022-08-01,ABT,0.0
Combined_MinVariance,2022-08-01,ADBE,0.0
Combined_MinVariance,2022-08-01,AEP,0.0
Combined_MinVariance,2022-08-01,AMD,0.0
Combined_MinVariance,2022-08-01,AMGN,0.074634
Combined_MinVariance,2022-08-01,AMT,0.0
Combined_MinVariance,2022-08-01,BA,0.0
Combined_MinVariance,2022-08-01,CAT,0.0
Combined_MinVariance,2022-08-01,CCI,0.0
Combined_MinVariance,2022-08-01,CMCSA,0.0
Combined_MinVariance,2022-08-01,COP,0.0
Combined_MinVariance,2022-08-01,CVX,0.048498
Combined_MinVariance,2022-08-01,D,0.0
Combined_MinVariance,2022-08-01,DD,0.0
Combined_MinVariance,2022-08-01,DIS,0.051651
Combined_MinVariance,2022-08-01,DOW,0.0
Combined_MinVariance,2022-08-01,DUK,0.163704
Combined_MinVariance,2022-08-01,EA,0.095774
Combined_MinVariance,2022-08-01,GE,0.0
Combined_MinVariance,2022-08-01,GILD,0.168716
Combined_MinVariance,2022-08-01,GS,0.0
Combined_MinVariance,2022-08-01,INTC,0.0
Combined_MinVariance,2022-08-01,KO,0.027177
Combined_MinVariance,2022-08-01,MMM,0.032318
Combined_MinVariance,2022-08-01,MRK,0.062025
Combined_MinVariance,2022-08-01,MS,0.0
Combined_MinVariance,2022-08-01,NEE,0.0
Combined_MinVariance,2022-08-01,NEM,0.059216
Combined_MinVariance,2022-08-01,NKE,0.0
Combined_MinVariance,2022-08-01,NUE,0.0
Combined_MinVariance,2022-08-01,NVDA,0.0
Combined_MinVariance,2022-08-01,O,0.0
Combined_MinVariance,2022-08-01,OXY,0.0
Combined_MinVariance,2022-08-01,PLD,0.0
Combined_MinVariance,2022-08-01,PSA,0.0
Combined_MinVariance,2022-08-01,QCOM,0.0
Combined_MinVariance,2022-08-01,SBUX,0.0
Combined_MinVariance,2022-08-01,SHW,0.023045
Combined_MinVariance,2022-08-01,SLB,0.0
Combined_MinVariance,2022-08-01,SO,0.003043
Combined_MinVariance,2022-08-01,T,0.0
Combined_MinVariance,2022-08-01,TMUS,0.0
Combined_MinVariance,2022-08-01,TTWO,0.02715
Combined_MinVariance,2022-08-01,UPS,0.0
Combined_MinVariance,2022-08-01,USB,0.0
Combined_MinVariance,2022-08-01,V,0.0
Combined_MinVariance,2022-08-01,WFC,0.0
Combined_MinVariance,2022-08-01,WMT,0.108993
Combined_MinVariance,2022-08-01,XOM,0.0
Combined_MinVariance,2022-08-01,ADA-USD,0.0
Combined_MinVariance,2022-08-01,BCH-USD,0.0
Combined_MinVariance,2022-08-01,BTC-USD,0.0
Combined_MinVariance,2022-08-01,EOS-USD,0.0
Combined_MinVariance,2022-08-01,ETC-USD,0.0
Combined_MinVariance,2022-08-01,ETH-USD,0.0
Combined_MinVariance,2022-08-01,LTC-USD,0.0
Combined_MinVariance,2022-08-01,TRX-USD,0.0
Combined_MinVariance,2022-08-01,XLM-USD,0.0
Combined_MinVariance,2022-08-01,XRP-USD,0.0
Combined_MinVariance,2022-09-01,ABBV,0.053818
Combined_MinVariance,2022-09-01,ABT,0.0
Combined_MinVariance,2022-09-01,ADBE,0.0
Combined_MinVariance,2022-09-01,AEP,0.0
Combined_MinVariance,2022-09-01,AMD,0.0
Combined_MinVariance,2022-09-01,AMGN,0.133659
Combined_MinVariance,2022-09-01,AMT,0.0
Combined_MinVariance,2022-09-01,BA,0.0
Combined_MinVariance,2022-09-01,CAT,0.0
Combined_MinVariance,2022-09-01,CCI,0.0
Combined_MinVariance,2022-09-01,CMCSA,0.0
Combined_MinVariance,2022-09-01,COP,0.0
Combined_MinVariance,2022-09-01,CVX,0.074054
Combined_MinVariance,2022-09-01,D,0.0
Combined_MinVariance,2022-09-01,DD,0.0
Combined_MinVariance,2022-09-01,DIS,0.02969
Combined_MinVariance,2022-09-01,DOW,0.0
Combined_MinVariance,2022-09-01,DUK,0.110715
Combined_MinVariance,2022-09-01,EA,0.101353
Combined_MinVariance,2022-09-01,GE,0.0
Combined_MinVariance,2022-09-01,GILD,0.141388
Combined_MinVariance,2022-09-01,GS,0.0
Combined_MinVariance,2022-09-01,INTC,0.0
Combined_MinVariance,2022-09-01,KO,0.033608
Combined_MinVariance,2022-09-01,MMM,0.0
Combined_MinVariance,2022-09-01,MRK,0.064804
Combined_MinVariance,2022-09-01,MS,0.0
Combined_MinVariance,2022-09-01,NEE,0.0
Combined_MinVariance,2022-09-01,NEM,0.059143
Combined_MinVariance,2022-09-01,NKE,0.0
Combined_MinVariance,2022-09-01,NUE,0.0
Combined_MinVariance,2022-09-01,NVDA,0.0
Combined_MinVariance,2022-09-01,O,0.018139
Combined_MinVariance,2022-09-01,OXY,0.0
Combined_MinVariance,2022-09-01,PLD,0.0
Combined_MinVariance,2022-09-01,PSA,0.0
Combined_MinVariance,2022-09-01,QCOM,0.0
Combined_MinVariance,2022-09-01,SBUX,0.0
Combined_MinVariance,2022-09-01,SHW,0.025696
Combined_MinVariance,2022-09-01,SLB,0.0
Combined_MinVariance,2022-09-01,SO,0.038
Combined_MinVariance,2022-09-01,T,0.0
Combined_MinVariance,2022-09-01,TMUS,0.0
Combined_MinVariance,2022-09-01,TTWO,0.012172
Combined_MinVariance,2022-09-01,UPS,0.004812
Combined_MinVariance,2022-09-01,USB,0.0
Combined_MinVariance,2022-09-01,V,0.0
Combined_MinVariance,2022-09-01,WFC,0.0
Combined_MinVariance,2022-09-01,WMT,0.098948
Combined_MinVariance,2022-09-01,XOM,0.0
Combined_MinVariance,2022-09-01,ADA-USD,0.0
Combined_MinVariance,2022-09-01,BCH-USD,0.0
Combined_MinVariance,2022-09-01,BTC-USD,0.0
Combined_MinVariance,2022-09-01,EOS-USD,0.0
Combined_MinVariance,2022-09-01,ETC-USD,0.0
Combined_MinVariance,2022-09-01,ETH-USD,0.0
Combined_MinVariance,2022-09-01,LTC-USD,0.0
Combined_MinVariance,2022-09-01,TRX-USD,0.0
Combined_MinVariance,2022-09-01,XLM-USD,0.0
Combined_MinVariance,2022-09-01,XRP-USD,0.0
Combined_MinVariance,2022-10-03,ABBV,0.073367
Combined_MinVariance,2022-10-03,ABT,0.0
Combined_MinVariance,2022-10-03,ADBE,0.0
Combined_MinVariance,2022-10-03,AEP,0.0
Combined_MinVariance,2022-10-03,AMD,0.0
Combined_MinVariance,2022-10-03,AMGN,0.164296
Combined_MinVariance,2022-10-03,AMT,0.0
Combined_MinVariance,2022-10-03,BA,0.0
Combined_MinVariance,2022-10-03,CAT,0.0
Combined_MinVariance,2022-10-03,CCI,0.0
Combined_MinVariance,2022-10-03,CMCSA,0.0
Combined_MinVariance,2022-10-03,COP,0.0
Combined_MinVariance,2022-10-03,CVX,0.077982
Combined_MinVariance,2022-10-03,D,0.0
Combined_MinVariance,2022-10-03,DD,0.0
Combined_MinVariance,2022-10-03,DIS,0.0
Combined_MinVariance,2022-10-03,DOW,0.0
Combined_MinVariance,2022-10-03,DUK,0.056046
Combined_MinVariance,2022-10-03,EA,0.094327
Combined_MinVariance,2022-10-03,GE,0.0
Combined_MinVariance,2022-10-03,GILD,0.097244
Combined_MinVariance,2022-10-03,GS,0.0
Combined_MinVariance,2022-10-03,INTC,0.0
Combined_MinVariance,2022-10-03,KO,0.064355
Combined_MinVariance,2022-10-03,MMM,0.020591
Combined_MinVariance,2022-10-03,MRK,0.079046
Combined_MinVariance,2022-10-03,MS,0.0
Combined_MinVariance,2022-10-03,NEE,0.0
Combined_MinVariance,2022-10-03,NEM,0.055424
Combined_MinVariance,2022-10-03,NKE,0.0
Combined_MinVariance,2022-10-03,NUE,0.0
Combined_MinVariance,2022-10-03,NVDA,0.0
Combined_MinVariance,2022-10-03,O,0.073787
Combined_MinVariance,2022-10-03,OXY,0.0
Combined_MinVariance,2022-10-03,PLD,0.0
Combined_MinVariance,2022-10-03,PSA,0.0
Combined_MinVariance,2022-10-03,QCOM,0.0
Combined_MinVariance,2022-10-03,SBUX,0.0
Combined_MinVariance,2022-10-03,SHW,0.01373
Combined_MinVariance,2022-10-03,SLB,0.0
Combined_MinVariance,2022-10-03,SO,0.0
Combined_MinVariance,2022-10-03,T,0.0
Combined_MinVariance,2022-10-03,TMUS,0.0
Combined_MinVariance,2022-10-03,TTWO,0.013575
Combined_MinVariance,2022-10-03,UPS,0.000647
Combined_MinVariance,2022-10-03,USB,0.0
Combined_MinVariance,2022-10-03,V,0.0
Combined_MinVariance,2022-10-03,WFC,0.0
Combined_MinVariance,2022-10-03,WMT,0.115583
Combined_MinVariance,2022-10-03,XOM,0.0
Combined_MinVariance,2022-10-03,ADA-USD,0.0
Combined_MinVariance,2022-10-03,BCH-USD,0.0
Combined_MinVariance,2022-10-03,BTC-USD,0.0
Combined_MinVariance,2022-10-03,EOS-USD,0.0
Combined_MinVariance,2022-10-03,ETC-USD,0.0
Combined_MinVariance,2022-10-03,ETH-USD,0.0
Combined_MinVariance,2022-10-03,LTC-USD,0.0
Combined_MinVariance,2022-10-03,TRX-USD,0.0
Combined_MinVariance,2022-10-03,XLM-USD,0.0
Combined_MinVariance,2022-10-03,XRP-USD,0.0
Combined_MinVariance,2022-11-01,ABBV,0.088667
Combined_MinVariance,2022-11-01,ABT,0.0
Combined_MinVariance,2022-11-01,ADBE,0.0
Combined_MinVariance,2022-11-01,AEP,0.0
Combined_MinVariance,2022-11-01,AMD,0.0
Combined_MinVariance,2022-11-01,AMGN,0.173585
Combined_MinVariance,2022-11-01,AMT,0.0
Combined_MinVariance,2022-11-01,BA,0.0
Combined_MinVariance,2022-11-01,CAT,0.0
Combined_MinVariance,2022-11-01,CCI,0.0
Combined_MinVariance,2022-11-01,CMCSA,0.0
Combined_MinVariance,2022-11-01,COP,0.0
Combined_MinVariance,2022-11-01,CVX,0.070283
Combined_MinVariance,2022-11-01,D,0.0
Combined_MinVariance,2022-11-01,DD,0.0
Combined_MinVariance,2022-11-01,DIS,0.0
Combined_MinVariance,2022-11-01,DOW,0.0
Combined_MinVariance,2022-11-01,DUK,0.02046
Combined_MinVariance,2022-11-01,EA,0.10679
Combined_MinVariance,2022-11-01,GE,0.0
Combined_MinVariance,2022-11-01,GILD,0.038969
Combined_MinVariance,2022-11-01,GS,0.0
Combined_MinVariance,2022-11-01,INTC,0.0
Combined_MinVariance,2022-11-01,KO,0.079718
Combined_MinVariance,2022-11-01,MMM,0.0
Combined_MinVariance,2022-11-01,MRK,0.133223
Combined_MinVariance,2022-11-01,MS,0.0
Combined_MinVariance,2022-11-01,NEE,0.0
Combined_MinVariance,2022-11-01,NEM,0.055005
Combined_MinVariance,2022-11-01,NKE,0.0
Combined_MinVariance,2022-11-01,NUE,0.0
Combined_MinVariance,2022-11-01,NVDA,0.0
Combined_MinVariance,2022-11-01,O,0.081132
Combined_MinVariance,2022-11-01,OXY,0.0
Combined_MinVariance,2022-11-01,PLD,0.0
Combined_MinVariance,2022-11-01,PSA,0.0
Combined_MinVariance,2022-11-01,QCOM,0.0
Combined_MinVariance,2022-11-01,SBUX,0.0
Combined_MinVariance,2022-11-01,SHW,0.0
Combined_MinVariance,2022-11-01,SLB,0.0
Combined_MinVariance,2022-11-01,SO,0.002506
Combined_MinVariance,2022-11-01,T,0.0
Combined_MinVariance,2022-11-01,TMUS,0.0
Combined_MinVariance,2022-11-01,TTWO,0.018574
Combined_MinVariance,2022-11-01,UPS,0.01459
Combined_MinVariance,2022-11-01,USB,0.0
Combined_MinVariance,2022-11-01,V,0.0
Combined_MinVariance,2022-11-01,WFC,0.0
Combined_MinVariance,2022-11-01,WMT,0.110857
Combined_MinVariance,2022-11-01,XOM,0.0
Combined_MinVariance,2022-11-01,ADA-USD,0.0
Combined_MinVariance,2022-11-01,BCH-USD,0.0
Combined_MinVariance,2022-11-01,BTC-USD,0.0
Combined_MinVariance,2022-11-01,EOS-USD,0.0
Combined_MinVariance,2022-11-01,ETC-USD,0.0
Combined_MinVariance,2022-11-01,ETH-USD,0.0
Combined_MinVariance,2022-11-01,LTC-USD,0.0
Combined_MinVariance,2022-11-01,TRX-USD,0.0
Combined_MinVariance,2022-11-01,XLM-USD,0.005639
Combined_MinVariance,2022-11-01,XRP-USD,0.0
Combined_MinVariance,2022-12-01,ABBV,0.063739
Combined_MinVariance,2022-12-01,ABT,0.0
Combined_MinVariance,2022-12-01,ADBE,0.0
Combined_MinVariance,2022-12-01,AEP,0.0
Combined_MinVariance,2022-12-01,AMD,0.0
Combined_MinVariance,2022-12-01,AMGN,0.170775
Combined_MinVariance,2022-12-01,AMT,0.0
Combined_MinVariance,2022-12-01,BA,0.0
Combined_MinVariance,2022-12-01,CAT,0.0
Combined_MinVariance,2022-12-01,CCI,0.0
Combined_MinVariance,2022-12-01,CMCSA,0.0
Combined_MinVariance,2022-12-01,COP,0.0
Combined_MinVariance,2022-12-01,CVX,0.060191
Combined_MinVariance,2022-12-01,D,0.007653
Combined_MinVariance,2022-12-01,DD,0.0
Combined_MinVariance,2022-12-01,DIS,0.0
Combined_MinVariance,2022-12-01,DOW,0.0
Combined_MinVariance,2022-12-01,DUK,0.00851
Combined_MinVariance,2022-12-01,EA,0.105366
Combined_MinVariance,2022-12-01,GE,0.0
Combined_MinVariance,2022-12-01,GILD,0.026821
Combined_MinVariance,2022-12-01,GS,0.0
Combined_MinVariance,2022-12-01,INTC,0.0
Combined_MinVariance,2022-12-01,KO,0.094929
Combined_MinVariance,2022-12-01,MMM,0.0
Combined_MinVariance,2022-12-01,MRK,0.238962
Combined_MinVariance,2022-12-01,MS,0.0
Combined_MinVariance,2022-12-01,NEE,0.0
Combined_MinVariance,2022-12-01,NEM,0.015206
Combined_MinVariance,2022-12-01,NKE,0.0
Combined_MinVariance,2022-12-01,NUE,0.0
Combined_MinVariance,2022-12-01,NVDA,0.0
Combined_MinVariance,2022-12-01,O,0.042582
Combined_MinVariance,2022-12-01,OXY,0.0
Combined_MinVariance,2022-12-01,PLD,0.0
Combined_MinVariance,2022-12-01,PSA,0.0
Combined_MinVariance,2022-12-01,QCOM,0.0
Combined_MinVariance,2022-12-01,SBUX,0.0
Combined_MinVariance,2022-12-01,SHW,0.0
Combined_MinVariance,2022-12-01,SLB,0.0
Combined_MinVariance,2022-12-01,SO,0.0
Combined_MinVariance,2022-12-01,T,0.0
Combined_MinVariance,2022-12-01,TMUS,0.0
Combined_MinVariance,2022-12-01,TTWO,0.036531
Combined_MinVariance,2022-12-01,UPS,0.0
Combined_MinVariance,2022-12-01,USB,0.0
Combined_MinVariance,2022-12-01,V,0.0
Combined_MinVariance,2022-12-01,WFC,0.0
Combined_MinVariance,2022-12-01,WMT,0.112939
Combined_MinVariance,2022-12-01,XOM,0.015797
Combined_MinVariance,2022-12-01,ADA-USD,0.0
Combined_MinVariance,2022-12-01,BCH-USD,0.0
Combined_MinVariance,2022-12-01,BTC-USD,0.0
Combined_MinVariance,2022-12-01,EOS-USD,0.0
Combined_MinVariance,2022-12-01,ETC-USD,0.0
Combined_MinVariance,2022-12-01,ETH-USD,0.0
Combined_MinVariance,2022-12-01,LTC-USD,0.0
Combined_MinVariance,2022-12-01,TRX-USD,0.0
Combined_MinVariance,2022-12-01,XLM-USD,0.0
Combined_MinVariance,2022-12-01,XRP-USD,0.0
Combined_MinVariance,2023-01-03,ABBV,0.07699
Combined_MinVariance,2023-01-03,ABT,0.0
Combined_MinVariance,2023-01-03,ADBE,0.0
Combined_MinVariance,2023-01-03,AEP,0.0
Combined_MinVariance,2023-01-03,AMD,0.0
Combined_MinVariance,2023-01-03,AMGN,0.176669
Combined_MinVariance,2023-01-03,AMT,0.0
Combined_MinVariance,2023-01-03,BA,0.0
Combined_MinVariance,2023-01-03,CAT,0.0
Combined_MinVariance,2023-01-03,CCI,0.0
Combined_MinVariance,2023-01-03,CMCSA,0.0
Combined_MinVariance,2023-01-03,COP,0.0
Combined_MinVariance,2023-01-03,CVX,0.051918
Combined_MinVariance,2023-01-03,D,0.015104
Combined_MinVariance,2023-01-03,DD,0.0
Combined_MinVariance,2023-01-03,DIS,0.0
Combined_MinVariance,2023-01-03,DOW,0.0
Combined_MinVariance,2023-01-03,DUK,0.019861
Combined_MinVariance,2023-01-03,EA,0.104758
Combined_MinVariance,2023-01-03,GE,0.0
Combined_MinVariance,2023-01-03,GILD,0.010183
Combined_MinVariance,2023-01-03,GS,0.0
Combined_MinVariance,2023-01-03,INTC,0.0
Combined_MinVariance,2023-01-03,KO,0.091063
Combined_MinVariance,2023-01-03,MMM,0.0
Combined_MinVariance,2023-01-03,MRK,0.22198
Combined_MinVariance,2023-01-03,MS,0.0
Combined_MinVariance,2023-01-03,NEE,0.0
Combined_MinVariance,2023-01-03,NEM,0.014484
Combined_MinVariance,2023-01-03,NKE,0.0
Combined_MinVariance,2023-01-03,NUE,0.0
Combined_MinVariance,2023-01-03,NVDA,0.0
Combined_MinVariance,2023-01-03,O,0.060009
Combined_MinVariance,2023-01-03,OXY,0.0
Combined_MinVariance,2023-01-03,PLD,0.0
Combined_MinVariance,2023-01-03,PSA,0.0
Combined_MinVariance,2023-01-03,QCOM,0.0
Combined_MinVariance,2023-01-03,SBUX,0.0
Combined_MinVariance,2023-01-03,SHW,0.0
Combined_MinVariance,2023-01-03,SLB,0.0
Combined_MinVariance,2023-01-03,SO,0.0
Combined_MinVariance,2023-01-03,T,0.00313
Combined_MinVariance,2023-01-03,TMUS,0.0
Combined_MinVariance,2023-01-03,TTWO,0.035047
Combined_MinVariance,2023-01-03,UPS,0.0
Combined_MinVariance,2023-01-03,USB,0.0
Combined_MinVariance,2023-01-03,V,0.0
Combined_MinVariance,2023-01-03,WFC,0.0
Combined_MinVariance,2023-01-03,WMT,0.107717
Combined_MinVariance,2023-01-03,XOM,0.008504
Combined_MinVariance,2023-01-03,ADA-USD,0.0
Combined_MinVariance,2023-01-03,BCH-USD,0.0
Combined_MinVariance,2023-01-03,BTC-USD,0.0
Combined_MinVariance,2023-01-03,EOS-USD,0.0
Combined_MinVariance,2023-01-03,ETC-USD,0.0
Combined_MinVariance,2023-01-03,ETH-USD,0.0
Combined_MinVariance,2023-01-03,LTC-USD,0.0
Combined_MinVariance,2023-01-03,TRX-USD,0.002584
Combined_MinVariance,2023-01-03,XLM-USD,0.0
Combined_MinVariance,2023-01-03,XRP-USD,0.0
Combined_MinVariance,2023-02-01,ABBV,0.060802
Combined_MinVariance,2023-02-01,ABT,0.0
Combined_MinVariance,2023-02-01,ADBE,0.0
Combined_MinVariance,2023-02-01,AEP,0.0
Combined_MinVariance,2023-02-01,AMD,0.0
Combined_MinVariance,2023-02-01,AMGN,0.180645
Combined_MinVariance,2023-02-01,AMT,0.0
Combined_MinVariance,2023-02-01,BA,0.0
Combined_MinVariance,2023-02-01,CAT,0.0
Combined_MinVariance,2023-02-01,CCI,0.0
Combined_MinVariance,2023-02-01,CMCSA,0.0
Combined_MinVariance,2023-02-01,COP,0.0
Combined_MinVariance,2023-02-01,CVX,0.051723
Combined_MinVariance,2023-02-01,D,0.032041
Combined_MinVariance,2023-02-01,DD,0.0
Combined_MinVariance,2023-02-01,DIS,0.0
Combined_MinVariance,2023-02-01,DOW,0.0
Combined_MinVariance,2023-02-01,DUK,0.010489
Combined_MinVariance,2023-02-01,EA,0.13256
Combined_MinVariance,2023-02-01,GE,0.0
Combined_MinVariance,2023-02-01,GILD,0.0
Combined_MinVariance,2023-02-01,GS,0.0
Combined_MinVariance,2023-02-01,INTC,0.0
Combined_MinVariance,2023-02-01,KO,0.075819
Combined_MinVariance,2023-02-01,MMM,0.0
Combined_MinVariance,2023-02-01,MRK,0.214489
Combined_MinVariance,2023-02-01,MS,0.0
Combined_MinVariance,2023-02-01,NEE,0.0
Combined_MinVariance,2023-02-01,NEM,0.006268
Combined_MinVariance,2023-02-01,NKE,0.0
Combined_MinVariance,2023-02-01,NUE,0.0
Combined_MinVariance,2023-02-01,NVDA,0.0
Combined_MinVariance,2023-02-01,O,0.07062
Combined_MinVariance,2023-02-01,OXY,0.0
Combined_MinVariance,2023-02-01,PLD,0.0
Combined_MinVariance,2023-02-01,PSA,0.0
Combined_MinVariance,2023-02-01,QCOM,0.0
Combined_MinVariance,2023-02-01,SBUX,0.0
Combined_MinVariance,2023-02-01,SHW,0.0
Combined_MinVariance,2023-02-01,SLB,0.0
Combined_MinVariance,2023-02-01,SO,0.0
Combined_MinVariance,2023-02-01,T,0.029022
Combined_MinVariance,2023-02-01,TMUS,0.0
Combined_MinVariance,2023-02-01,TTWO,0.022417
Combined_MinVariance,2023-02-01,UPS,0.0
Combined_MinVariance,2023-02-01,USB,0.0
Combined_MinVariance,2023-02-01,V,0.0
Combined_MinVariance,2023-02-01,WFC,0.0
Combined_MinVariance,2023-02-01,WMT,0.102375
Combined_MinVariance,2023-02-01,XOM,0.00587
Combined_MinVariance,2023-02-01,ADA-USD,0.0
Combined_MinVariance,2023-02-01,BCH-USD,0.0
Combined_MinVariance,2023-02-01,BTC-USD,0.0
Combined_MinVariance,2023-02-01,EOS-USD,0.0
Combined_MinVariance,2023-02-01,ETC-USD,0.0
Combined_MinVariance,2023-02-01,ETH-USD,0.0
Combined_MinVariance,2023-02-01,LTC-USD,0.0
Combined_MinVariance,2023-02-01,TRX-USD,0.00486
Combined_MinVariance,2023-02-01,XLM-USD,0.0
Combined_MinVariance,2023-02-01,XRP-USD,0.0
Combined_MinVariance,2023-03-01,ABBV,0.048085
Combined_MinVariance,2023-03-01,ABT,0.0
Combined_MinVariance,2023-03-01,ADBE,0.0
Combined_MinVariance,2023-03-01,AEP,0.0
Combined_MinVariance,2023-03-01,AMD,0.0
Combined_MinVariance,2023-03-01,AMGN,0.200982
Combined_MinVariance,2023-03-01,AMT,0.0
Combined_MinVariance,2023-03-01,BA,0.0
Combined_MinVariance,2023-03-01,CAT,0.0
Combined_MinVariance,2023-03-01,CCI,0.0
Combined_MinVariance,2023-03-01,CMCSA,0.0
Combined_MinVariance,2023-03-01,COP,0.0
Combined_MinVariance,2023-03-01,CVX,0.061207
Combined_MinVariance,2023-03-01,D,0.006402
Combined_MinVariance,2023-03-01,DD,0.0
Combined_MinVariance,2023-03-01,DIS,0.0
Combined_MinVariance,2023-03-01,DOW,0.0
Combined_MinVariance,2023-03-01,DUK,0.044488
Combined_MinVariance,2023-03-01,EA,0.094026
Combined_MinVariance,2023-03-01,GE,0.0
Combined_MinVariance,2023-03-01,GILD,0.0
Combined_MinVariance,2023-03-01,GS,0.0
Combined_MinVariance,2023-03-01,INTC,0.0
Combined_MinVariance,2023-03-01,KO,0.084047
Combined_MinVariance,2023-03-01,MMM,0.0
Combined_MinVariance,2023-03-01,MRK,0.20604
Combined_MinVariance,2023-03-01,MS,0.0
Combined_MinVariance,2023-03-01,NEE,0.0
Combined_MinVariance,2023-03-01,NEM,0.000985
Combined_MinVariance,2023-03-01,NKE,0.0
Combined_MinVariance,2023-03-01,NUE,0.0
Combined_MinVariance,2023-03-01,NVDA,0.0
Combined_MinVariance,2023-03-01,O,0.087009
Combined_MinVariance,2023-03-01,OXY,0.0
Combined_MinVariance,2023-03-01,PLD,0.0
Combined_MinVariance,2023-03-01,PSA,0.0
Combined_MinVariance,2023-03-01,QCOM,0.0
Combined_MinVariance,2023-03-01,SBUX,0.0
Combined_MinVariance,2023-03-01,SHW,0.0
Combined_MinVariance,2023-03-01,SLB,0.0
Combined_MinVariance,2023-03-01,SO,0.0
Combined_MinVariance,2023-03-01,T,0.043343
Combined_MinVariance,2023-03-01,TMUS,0.0
Combined_MinVariance,2023-03-01,TTWO,0.027644
Combined_MinVariance,2023-03-01,UPS,0.0
Combined_MinVariance,2023-03-01,USB,0.0
Combined_MinVariance,2023-03-01,V,0.0
Combined_MinVariance,2023-03-01,WFC,0.0
Combined_MinVariance,2023-03-01,WMT,0.095742
Combined_MinVariance,2023-03-01,XOM,0.0
Combined_MinVariance,2023-03-01,ADA-USD,0.0
Combined_MinVariance,2023-03-01,BCH-USD,0.0
Combined_MinVariance,2023-03-01,BTC-USD,0.0
Combined_MinVariance,2023-03-01,EOS-USD,0.0
Combined_MinVariance,2023-03-01,ETC-USD,0.0
Combined_MinVariance,2023-03-01,ETH-USD,0.0
Combined_MinVariance,2023-03-01,LTC-USD,0.0
Combined_MinVariance,2023-03-01,TRX-USD,0.0
Combined_MinVariance,2023-03-01,XLM-USD,0.0
Combined_MinVariance,2023-03-01,XRP-USD,0.0
Combined_MinVariance,2023-04-03,ABBV,0.055349
Combined_MinVariance,2023-04-03,ABT,0.0
Combined_MinVariance,2023-04-03,ADBE,0.0
Combined_MinVariance,2023-04-03,AEP,0.0
Combined_MinVariance,2023-04-03,AMD,0.0
Combined_MinVariance,2023-04-03,AMGN,0.191675
Combined_MinVariance,2023-04-03,AMT,0.0
Combined_MinVariance,2023-04-03,BA,0.0
Combined_MinVariance,2023-04-03,CAT,0.0
Combined_MinVariance,2023-04-03,CCI,0.0
Combined_MinVariance,2023-04-03,CMCSA,0.0
Combined_MinVariance,2023-04-03,COP,0.0
Combined_MinVariance,2023-04-03,CVX,0.032656
Combined_MinVariance,2023-04-03,D,0.014609
Combined_MinVariance,2023-04-03,DD,0.0
Combined_MinVariance,2023-04-03,DIS,0.0
Combined_MinVariance,2023-04-03,DOW,0.0
Combined_MinVariance,2023-04-03,DUK,0.010834
Combined_MinVariance,2023-04-03,EA,0.104953
Combined_MinVariance,2023-04-03,GE,0.0
Combined_MinVariance,2023-04-03,GILD,0.0
Combined_MinVariance,2023-04-03,GS,0.0
Combined_MinVariance,2023-04-03,INTC,0.0
Combined_MinVariance,2023-04-03,KO,0.135229
Combined_MinVariance,2023-04-03,MMM,0.0
Combined_MinVariance,2023-04-03,MRK,0.188969
Combined_MinVariance,2023-04-03,MS,0.0
Combined_MinVariance,2023-04-03,NEE,0.0
Combined_MinVariance,2023-04-03,NEM,0.005621
Combined_MinVariance,2023-04-03,NKE,0.0
Combined_MinVariance,2023-04-03,NUE,0.0
Combined_MinVariance,2023-04-03,NVDA,0.0
Combined_MinVariance,2023-04-03,O,0.071838
Combined_MinVariance,2023-04-03,OXY,0.0
Combined_MinVariance,2023-04-03,PLD,0.0
Combined_MinVariance,2023-04-03,PSA,0.0
Combined_MinVariance,2023-04-03,QCOM,0.0
Combined_MinVariance,2023-04-03,SBUX,0.0
Combined_MinVariance,2023-04-03,SHW,0.0
Combined_MinVariance,2023-04-03,SLB,0.0
Combined_MinVariance,2023-04-03,SO,0.0
Combined_MinVariance,2023-04-03,T,0.051231
Combined_MinVariance,2023-04-03,TMUS,0.0
Combined_MinVariance,2023-04-03,TTWO,0.023714
Combined_MinVariance,2023-04-03,UPS,0.0
Combined_MinVariance,2023-04-03,USB,0.0
Combined_MinVariance,2023-04-03,V,0.0
Combined_MinVariance,2023-04-03,WFC,0.0
Combined_MinVariance,2023-04-03,WMT,0.103833
Combined_MinVariance,2023-04-03,XOM,0.009488
Combined_MinVariance,2023-04-03,ADA-USD,0.0
Combined_MinVariance,2023-04-03,BCH-USD,0.0
Combined_MinVariance,2023-04-03,BTC-USD,0.0
Combined_MinVariance,2023-04-03,EOS-USD,0.0
Combined_MinVariance,2023-04-03,ETC-USD,0.0
Combined_MinVariance,2023-04-03,ETH-USD,0.0
Combined_MinVariance,2023-04-03,LTC-USD,0.0
Combined_MinVariance,2023-04-03,TRX-USD,0.0
Combined_MinVariance,2023-04-03,XLM-USD,0.0
Combined_MinVariance,2023-04-03,XRP-USD,0.0
Combined_MinVariance,2023-05-01,ABBV,0.076822
Combined_MinVariance,2023-05-01,ABT,0.0
Combined_MinVariance,2023-05-01,ADBE,0.0
Combined_MinVariance,2023-05-01,AEP,0.0
Combined_MinVariance,2023-05-01,AMD,0.0
Combined_MinVariance,2023-05-01,AMGN,0.180202
Combined_MinVariance,2023-05-01,AMT,0.0
Combined_MinVariance,2023-05-01,BA,0.0
Combined_MinVariance,2023-05-01,CAT,0.0
Combined_MinVariance,2023-05-01,CCI,0.0
Combined_MinVariance,2023-05-01,CMCSA,0.0
Combined_MinVariance,2023-05-01,COP,0.0
Combined_MinVariance,2023-05-01,CVX,0.041641
Combined_MinVariance,2023-05-01,D,0.007312
Combined_MinVariance,2023-05-01,DD,0.0
Combined_MinVariance,2023-05-01,DIS,0.0
Combined_MinVariance,2023-05-01,DOW,0.0
Combined_MinVariance,2023-05-01,DUK,0.0
Combined_MinVariance,2023-05-01,EA,0.078766
Combined_MinVariance,2023-05-01,GE,0.0
Combined_MinVariance,2023-05-01,GILD,0.0
Combined_MinVariance,2023-05-01,GS,0.0
Combined_MinVariance,2023-05-01,INTC,0.0
Combined_MinVariance,2023-05-01,KO,0.153748
Combined_MinVariance,2023-05-01,MMM,0.0
Combined_MinVariance,2023-05-01,MRK,0.177063
Combined_MinVariance,2023-05-01,MS,0.0
Combined_MinVariance,2023-05-01,NEE,0.0
Combined_MinVariance,2023-05-01,NEM,0.004465
Combined_MinVariance,2023-05-01,NKE,0.0
Combined_MinVariance,2023-05-01,NUE,0.0
Combined_MinVariance,2023-05-01,NVDA,0.0
Combined_MinVariance,2023-05-01,O,0.10281
Combined_MinVariance,2023-05-01,OXY,0.0
Combined_MinVariance,2023-05-01,PLD,0.0
Combined_MinVariance,2023-05-01,PSA,0.0
Combined_MinVariance,2023-05-01,QCOM,0.0
Combined_MinVariance,2023-05-01,SBUX,0.0
Combined_MinVariance,2023-05-01,SHW,0.0
Combined_MinVariance,2023-05-01,SLB,0.0
Combined_MinVariance,2023-05-01,SO,0.0
Combined_MinVariance,2023-05-01,T,0.035536
Combined_MinVariance,2023-05-01,TMUS,0.0
Combined_MinVariance,2023-05-01,TTWO,0.022569
Combined_MinVariance,2023-05-01,UPS,0.0
Combined_MinVariance,2023-05-01,USB,0.0
Combined_MinVariance,2023-05-01,V,0.0
Combined_MinVariance,2023-05-01,WFC,0.0
Combined_MinVariance,2023-05-01,WMT,0.119065
Combined_MinVariance,2023-05-01,XOM,0.0
Combined_MinVariance,2023-05-01,ADA-USD,0.0
Combined_MinVariance,2023-05-01,BCH-USD,0.0
Combined_MinVariance,2023-05-01,BTC-USD,0.0
Combined_MinVariance,2023-05-01,EOS-USD,0.0
Combined_MinVariance,2023-05-01,ETC-USD,0.0
Combined_MinVariance,2023-05-01,ETH-USD,0.0
Combined_MinVariance,2023-05-01,LTC-USD,0.0
Combined_MinVariance,2023-05-01,TRX-USD,0.0
Combined_MinVariance,2023-05-01,XLM-USD,0.0
Combined_MinVariance,2023-05-01,XRP-USD,0.0
Combined_MinVariance,2023-06-01,ABBV,0.049755
Combined_MinVariance,2023-06-01,ABT,0.0
Combined_MinVariance,2023-06-01,ADBE,0.0
Combined_MinVariance,2023-06-01,AEP,0.0
Combined_MinVariance,2023-06-01,AMD,0.0
Combined_MinVariance,2023-06-01,AMGN,0.080148
Combined_MinVariance,2023-06-01,AMT,0.0
Combined_MinVariance,2023-06-01,BA,0.0
Combined_MinVariance,2023-06-01,CAT,0.0
Combined_MinVariance,2023-06-01,CCI,0.0
Combined_MinVariance,2023-06-01,CMCSA,0.0
Combined_MinVariance,2023-06-01,COP,0.0
Combined_MinVariance,2023-06-01,CVX,0.039964
Combined_MinVariance,2023-06-01,D,0.0
Combined_MinVariance,2023-06-01,DD,0.0
Combined_MinVariance,2023-06-01,DIS,0.0
Combined_MinVariance,2023-06-01,DOW,0.0
Combined_MinVariance,2023-06-01,DUK,0.0
Combined_MinVariance,2023-06-01,EA,0.1256
Combined_MinVariance,2023-06-01,GE,0.0
Combined_MinVariance,2023-06-01,GILD,0.0
Combined_MinVariance,2023-06-01,GS,0.0
Combined_MinVariance,2023-06-01,INTC,0.0
Combined_MinVariance,2023-06-01,KO,0.285731
Combined_MinVariance,2023-06-01,MMM,0.0
Combined_MinVariance,2023-06-01,MRK,0.1576
Combined_MinVariance,2023-06-01,MS,0.0
Combined_MinVariance,2023-06-01,NEE,0.0
Combined_MinVariance,2023-06-01,NEM,0.0
Combined_MinVariance,2023-06-01,NKE,0.0
Combined_MinVariance,2023-06-01,NUE,0.0
Combined_MinVariance,2023-06-01,NVDA,0.0
Combined_MinVariance,2023-06-01,O,0.084105
Combined_MinVariance,2023-06-01,OXY,0.0
Combined_MinVariance,2023-06-01,PLD,0.0
Combined_MinVariance,2023-06-01,PSA,0.0
Combined_MinVariance,2023-06-01,QCOM,0.0
Combined_MinVariance,2023-06-01,SBUX,0.0
Combined_MinVariance,2023-06-01,SHW,0.0
Combined_MinVariance,2023-06-01,SLB,0.0
Combined_MinVariance,2023-06-01,SO,0.0
Combined_MinVariance,2023-06-01,T,0.024068
Combined_MinVariance,2023-06-01,TMUS,0.0
Combined_MinVariance,2023-06-01,TTWO,0.0
Combined_MinVariance,2023-06-01,UPS,0.0
Combined_MinVariance,2023-06-01,USB,0.0
Combined_MinVariance,2023-06-01,V,0.0
Combined_MinVariance,2023-06-01,WFC,0.0
Combined_MinVariance,2023-06-01,WMT,0.15303
Combined_MinVariance,2023-06-01,XOM,0.0
Combined_MinVariance,2023-06-01,ADA-USD,0.0
Combined_MinVariance,2023-06-01,BCH-USD,0.0
Combined_MinVariance,2023-06-01,BTC-USD,0.0
Combined_MinVariance,2023-06-01,EOS-USD,0.0
Combined_MinVariance,2023-06-01,ETC-USD,0.0
Combined_MinVariance,2023-06-01,ETH-USD,0.0
Combined_MinVariance,2023-06-01,LTC-USD,0.0
Combined_MinVariance,2023-06-01,TRX-USD,0.0
Combined_MinVariance,2023-06-01,XLM-USD,0.0
Combined_MinVariance,2023-06-01,XRP-USD,0.0
Combined_MinVariance,2023-07-03,ABBV,0.086773
Combined_MinVariance,2023-07-03,ABT,0.0
Combined_MinVariance,2023-07-03,ADBE,0.0
Combined_MinVariance,2023-07-03,AEP,0.0
Combined_MinVariance,2023-07-03,AMD,0.0
Combined_MinVariance,2023-07-03,AMGN,0.011722
Combined_MinVariance,2023-07-03,AMT,0.0
Combined_MinVariance,2023-07-03,BA,0.0
Combined_MinVariance,2023-07-03,CAT,0.0
Combined_MinVariance,2023-07-03,CCI,0.0
Combined_MinVariance,2023-07-03,CMCSA,0.0
Combined_MinVariance,2023-07-03,COP,0.0
Combined_MinVariance,2023-07-03,CVX,0.016262
Combined_MinVariance,2023-07-03,D,0.0
Combined_MinVariance,2023-07-03,DD,0.0
Combined_MinVariance,2023-07-03,DIS,0.0
Combined_MinVariance,2023-07-03,DOW,0.0
Combined_MinVariance,2023-07-03,DUK,0.0
Combined_MinVariance,2023-07-03,EA,0.119911
Combined_MinVariance,2023-07-03,GE,0.0
Combined_MinVariance,2023-07-03,GILD,0.0
Combined_MinVariance,2023-07-03,GS,0.0
Combined_MinVariance,2023-07-03,INTC,0.0
Combined_MinVariance,2023-07-03,KO,0.231882
Combined_MinVariance,2023-07-03,MMM,0.0
Combined_MinVariance,2023-07-03,MRK,0.174421
Combined_MinVariance,2023-07-03,MS,0.0
Combined_MinVariance,2023-07-03,NEE,0.0
Combined_MinVariance,2023-07-03,NEM,0.0
Combined_MinVariance,2023-07-03,NKE,0.0
Combined_MinVariance,2023-07-03,NUE,0.0
Combined_MinVariance,2023-07-03,NVDA,0.0
Combined_MinVariance,2023-07-03,O,0.111813
Combined_MinVariance,2023-07-03,OXY,0.001795
Combined_MinVariance,2023-07-03,PLD,0.0
Combined_MinVariance,2023-07-03,PSA,0.0
Combined_MinVariance,2023-07-03,QCOM,0.0
Combined_MinVariance,2023-07-03,SBUX,0.0
Combined_MinVariance,2023-07-03,SHW,0.0
Combined_MinVariance,2023-07-03,SLB,0.0
Combined_MinVariance,2023-07-03,SO,0.0
Combined_MinVariance,2023-07-03,T,0.044872
Combined_MinVariance,2023-07-03,TMUS,0.03157
Combined_MinVariance,2023-07-03,TTWO,0.0
Combined_MinVariance,2023-07-03,UPS,0.0
Combined_MinVariance,2023-07-03,USB,0.0
Combined_MinVariance,2023-07-03,V,0.0
Combined_MinVariance,2023-07-03,WFC,0.0
Combined_MinVariance,2023-07-03,WMT,0.13395
Combined_MinVariance,2023-07-03,XOM,0.009865
Combined_MinVariance,2023-07-03,ADA-USD,0.0
Combined_MinVariance,2023-07-03,BCH-USD,0.0
Combined_MinVariance,2023-07-03,BTC-USD,0.0
Combined_MinVariance,2023-07-03,EOS-USD,0.0
Combined_MinVariance,2023-07-03,ETC-USD,0.0
Combined_MinVariance,2023-07-03,ETH-USD,0.0
Combined_MinVariance,2023-07-03,LTC-USD,0.0
Combined_MinVariance,2023-07-03,TRX-USD,0.025165
Combined_MinVariance,2023-07-03,XLM-USD,0.0
Combined_MinVariance,2023-07-03,XRP-USD,0.0
Combined_MinVariance,2023-08-01,ABBV,0.086612
Combined_MinVariance,2023-08-01,ABT,0.0
Combined_MinVariance,2023-08-01,ADBE,0.0
Combined_MinVariance,2023-08-01,AEP,0.0
Combined_MinVariance,2023-08-01,AMD,0.0
Combined_MinVariance,2023-08-01,AMGN,0.013374
Combined_MinVariance,2023-08-01,AMT,0.0
Combined_MinVariance,2023-08-01,BA,0.0
Combined_MinVariance,2023-08-01,CAT,0.0
Combined_MinVariance,2023-08-01,CCI,0.0
Combined_MinVariance,2023-08-01,CMCSA,0.0
Combined_MinVariance,2023-08-01,COP,0.0
Combined_MinVariance,2023-08-01,CVX,0.015531
Combined_MinVariance,2023-08-01,D,0.0
Combined_MinVariance,2023-08-01,DD,0.0
Combined_MinVariance,2023-08-01,DIS,0.0
Combined_MinVariance,2023-08-01,DOW,0.0
Combined_MinVariance,2023-08-01,DUK,0.0
Combined_MinVariance,2023-08-01,EA,0.114245
Combined_MinVariance,2023-08-01,GE,0.0
Combined_MinVariance,2023-08-01,GILD,0.0
Combined_MinVariance,2023-08-01,GS,0.0
Combined_MinVariance,2023-08-01,INTC,0.0
Combined_MinVariance,2023-08-01,KO,0.230699
Combined_MinVariance,2023-08-01,MMM,0.0
Combined_MinVariance,2023-08-01,MRK,0.158391
Combined_MinVariance,2023-08-01,MS,0.0
Combined_MinVariance,2023-08-01,NEE,0.0
Combined_MinVariance,2023-08-01,NEM,0.0
Combined_MinVariance,2023-08-01,NKE,0.0
Combined_MinVariance,2023-08-01,NUE,0.0
Combined_MinVariance,2023-08-01,NVDA,0.0
Combined_MinVariance,2023-08-01,O,0.115469
Combined_MinVariance,2023-08-01,OXY,0.009184
Combined_MinVariance,2023-08-01,PLD,0.0
Combined_MinVariance,2023-08-01,PSA,0.0
Combined_MinVariance,2023-08-01,QCOM,0.0
Combined_MinVariance,2023-08-01,SBUX,0.0
Combined_MinVariance,2023-08-01,SHW,0.0
Combined_MinVariance,2023-08-01,SLB,0.0
Combined_MinVariance,2023-08-01,SO,0.0
Combined_MinVariance,2023-08-01,T,0.028109
Combined_MinVariance,2023-08-01,TMUS,0.055468
Combined_MinVariance,2023-08-01,TTWO,0.0
Combined_MinVariance,2023-08-01,UPS,0.0
Combined_MinVariance,2023-08-01,USB,0.0
Combined_MinVariance,2023-08-01,V,0.003684
Combined_MinVariance,2023-08-01,WFC,0.0
Combined_MinVariance,2023-08-01,WMT,0.13435
Combined_MinVariance,2023-08-01,XOM,0.010976
Combined_MinVariance,2023-08-01,ADA-USD,0.0
Combined_MinVariance,2023-08-01,BCH-USD,0.0
Combined_MinVariance,2023-08-01,BTC-USD,0.0
Combined_MinVariance,2023-08-01,EOS-USD,0.0
Combined_MinVariance,2023-08-01,ETC-USD,0.0
Combined_MinVariance,2023-08-01,ETH-USD,0.0
Combined_MinVariance,2023-08-01,LTC-USD,0.0
Combined_MinVariance,2023-08-01,TRX-USD,0.023907
Combined_MinVariance,2023-08-01,XLM-USD,0.0
Combined_MinVariance,2023-08-01,XRP-USD,0.0
Combined_MinVariance,2023-09-01,ABBV,0.074229
Combined_MinVariance,2023-09-01,ABT,0.0
Combined_MinVariance,2023-09-01,ADBE,0.0
Combined_MinVariance,2023-09-01,AEP,0.0
Combined_MinVariance,2023-09-01,AMD,0.0
Combined_MinVariance,2023-09-01,AMGN,0.037902
Combined_MinVariance,2023-09-01,AMT,0.0
Combined_MinVariance,2023-09-01,BA,0.0
Combined_MinVariance,2023-09-01,CAT,0.0
Combined_MinVariance,2023-09-01,CCI,0.0
Combined_MinVariance,2023-09-01,CMCSA,0.0
Combined_MinVariance,2023-09-01,COP,0.0
Combined_MinVariance,2023-09-01,CVX,0.0
Combined_MinVariance,2023-09-01,D,0.0
Combined_MinVariance,2023-09-01,DD,0.0
Combined_MinVariance,2023-09-01,DIS,0.0
Combined_MinVariance,2023-09-01,DOW,0.0
Combined_MinVariance,2023-09-01,DUK,0.0
Combined_MinVariance,2023-09-01,EA,0.07837
Combined_MinVariance,2023-09-01,GE,0.0
Combined_MinVariance,2023-09-01,GILD,0.0
Combined_MinVariance,2023-09-01,GS,0.0
Combined_MinVariance,2023-09-01,INTC,0.0
Combined_MinVariance,2023-09-01,KO,0.254311
Combined_MinVariance,2023-09-01,MMM,0.0
Combined_MinVariance,2023-09-01,MRK,0.137253
Combined_MinVariance,2023-09-01,MS,0.0
Combined_MinVariance,2023-09-01,NEE,0.0
Combined_MinVariance,2023-09-01,NEM,0.0
Combined_MinVariance,2023-09-01,NKE,0.0
Combined_MinVariance,2023-09-01,NUE,0.0
Combined_MinVariance,2023-09-01,NVDA,0.0
Combined_MinVariance,2023-09-01,O,0.089247
Combined_MinVariance,2023-09-01,OXY,0.013625
Combined_MinVariance,2023-09-01,PLD,0.0
Combined_MinVariance,2023-09-01,PSA,0.0
Combined_MinVariance,2023-09-01,QCOM,0.0
Combined_MinVariance,2023-09-01,SBUX,0.0
Combined_MinVariance,2023-09-01,SHW,0.0
Combined_MinVariance,2023-09-01,SLB,0.0
Combined_MinVariance,2023-09-01,SO,0.0
Combined_MinVariance,2023-09-01,T,0.033245
Combined_MinVariance,2023-09-01,TMUS,0.038548
Combined_MinVariance,2023-09-01,TTWO,0.010299
Combined_MinVariance,2023-09-01,UPS,0.0
Combined_MinVariance,2023-09-01,USB,0.0
Combined_MinVariance,2023-09-01,V,0.011841
Combined_MinVariance,2023-09-01,WFC,0.0
Combined_MinVariance,2023-09-01,WMT,0.179081
Combined_MinVariance,2023-09-01,XOM,0.020161
Combined_MinVariance,2023-09-01,ADA-USD,0.0
Combined_MinVariance,2023-09-01,BCH-USD,0.0
Combined_MinVariance,2023-09-01,BTC-USD,0.0
Combined_MinVariance,2023-09-01,EOS-USD,0.0
Combined_MinVariance,2023-09-01,ETC-USD,0.0
Combined_MinVariance,2023-09-01,ETH-USD,0.0
Combined_MinVariance,2023-09-01,LTC-USD,0.0
Combined_MinVariance,2023-09-01,TRX-USD,0.021889
Combined_MinVariance,2023-09-01,XLM-USD,0.0
Combined_MinVariance,2023-09-01,XRP-USD,0.0
Combined_MinVariance,2023-10-02,ABBV,0.061058
Combined_MinVariance,2023-10-02,ABT,0.0
Combined_MinVariance,2023-10-02,ADBE,0.0
Combined_MinVariance,2023-10-02,AEP,0.0
Combined_MinVariance,2023-10-02,AMD,0.0
Combined_MinVariance,2023-10-02,AMGN,0.04412
Combined_MinVariance,2023-10-02,AMT,0.0
Combined_MinVariance,2023-10-02,BA,0.0
Combined_MinVariance,2023-10-02,CAT,0.0
Combined_MinVariance,2023-10-02,CCI,0.0
Combined_MinVariance,2023-10-02,CMCSA,0.0
Combined_MinVariance,2023-10-02,COP,0.0
Combined_MinVariance,2023-10-02,CVX,0.035536
Combined_MinVariance,2023-10-02,D,0.0
Combined_MinVariance,2023-10-02,DD,0.0
Combined_MinVariance,2023-10-02,DIS,0.0
Combined_MinVariance,2023-10-02,DOW,0.0
Combined_MinVariance,2023-10-02,DUK,0.0
Combined_MinVariance,2023-10-02,EA,0.077965
Combined_MinVariance,2023-10-02,GE,0.009099
Combined_MinVariance,2023-10-02,GILD,0.0
Combined_MinVariance,2023-10-02,GS,0.0
Combined_MinVariance,2023-10-02,INTC,0.0
Combined_MinVariance,2023-10-02,KO,0.282629
Combined_MinVariance,2023-10-02,MMM,0.0
Combined_MinVariance,2023-10-02,MRK,0.112065
Combined_MinVariance,2023-10-02,MS,0.0
Combined_MinVariance,2023-10-02,NEE,0.0
Combined_MinVariance,2023-10-02,NEM,0.0
Combined_MinVariance,2023-10-02,NKE,0.0
Combined_MinVariance,2023-10-02,NUE,0.0
Combined_MinVariance,2023-10-02,NVDA,0.0
Combined_MinVariance,2023-10-02,O,0.056836
Combined_MinVariance,2023-10-02,OXY,0.009398
Combined_MinVariance,2023-10-02,PLD,0.0
Combined_MinVariance,2023-10-02,PSA,0.0
Combined_MinVariance,2023-10-02,QCOM,0.0
Combined_MinVariance,2023-10-02,SBUX,0.0
Combined_MinVariance,2023-10-02,SHW,0.0
Combined_MinVariance,2023-10-02,SLB,0.0
Combined_MinVariance,2023-10-02,SO,0.0
Combined_MinVariance,2023-10-02,T,0.026946
Combined_MinVariance,2023-10-02,TMUS,0.066939
Combined_MinVariance,2023-10-02,TTWO,0.009794
Combined_MinVariance,2023-10-02,UPS,0.0
Combined_MinVariance,2023-10-02,USB,0.0
Combined_MinVariance,2023-10-02,V,0.023445
Combined_MinVariance,2023-10-02,WFC,0.0
Combined_MinVariance,2023-10-02,WMT,0.156426
Combined_MinVariance,2023-10-02,XOM,0.00185
Combined_MinVariance,2023-10-02,ADA-USD,0.0
Combined_MinVariance,2023-10-02,BCH-USD,0.0
Combined_MinVariance,2023-10-02,BTC-USD,0.0
Combined_MinVariance,2023-10-02,EOS-USD,0.0
Combined_MinVariance,2023-10-02,ETC-USD,0.0
Combined_MinVariance,2023-10-02,ETH-USD,0.0
Combined_MinVariance,2023-10-02,LTC-USD,0.0
Combined_MinVariance,2023-10-02,TRX-USD,0.025893
Combined_MinVariance,2023-10-02,XLM-USD,0.0
Combined_MinVariance,2023-10-02,XRP-USD,0.0
Combined_MinVariance,2023-11-01,ABBV,0.076435
Combined_MinVariance,2023-11-01,ABT,0.0
Combined_MinVariance,2023-11-01,ADBE,0.0
Combined_MinVariance,2023-11-01,AEP,0.0
Combined_MinVariance,2023-11-01,AMD,0.0
Combined_MinVariance,2023-11-01,AMGN,0.033536
Combined_MinVariance,2023-11-01,AMT,0.0
Combined_MinVariance,2023-11-01,BA,0.0
Combined_MinVariance,2023-11-01,CAT,0.0
Combined_MinVariance,2023-11-01,CCI,0.0
Combined_MinVariance,2023-11-01,CMCSA,0.000137
Combined_MinVariance,2023-11-01,COP,0.0
Combined_MinVariance,2023-11-01,CVX,0.045672
Combined_MinVariance,2023-11-01,D,0.0
Combined_MinVariance,2023-11-01,DD,0.018462
Combined_MinVariance,2023-11-01,DIS,0.0
Combined_MinVariance,2023-11-01,DOW,0.0
Combined_MinVariance,2023-11-01,DUK,0.0
Combined_MinVariance,2023-11-01,EA,0.066015
Combined_MinVariance,2023-11-01,GE,0.008333
Combined_MinVariance,2023-11-01,GILD,0.0
Combined_MinVariance,2023-11-01,GS,0.006246
Combined_MinVariance,2023-11-01,INTC,0.0
Combined_MinVariance,2023-11-01,KO,0.176591
Combined_MinVariance,2023-11-01,MMM,0.0
Combined_MinVariance,2023-11-01,MRK,0.121772
Combined_MinVariance,2023-11-01,MS,0.0
Combined_MinVariance,2023-11-01,NEE,0.0
Combined_MinVariance,2023-11-01,NEM,0.0
Combined_MinVariance,2023-11-01,NKE,0.0
Combined_MinVariance,2023-11-01,NUE,0.0
Combined_MinVariance,2023-11-01,NVDA,0.003724
Combined_MinVariance,2023-11-01,O,0.100227
Combined_MinVariance,2023-11-01,OXY,0.0
Combined_MinVariance,2023-11-01,PLD,0.0
Combined_MinVariance,2023-11-01,PSA,0.0
Combined_MinVariance,2023-11-01,QCOM,0.0
Combined_MinVariance,2023-11-01,SBUX,0.0
Combined_MinVariance,2023-11-01,SHW,0.0
Combined_MinVariance,2023-11-01,SLB,0.0
Combined_MinVariance,2023-11-01,SO,0.0
Combined_MinVariance,2023-11-01,T,0.040994
Combined_MinVariance,2023-11-01,TMUS,0.062383
Combined_MinVariance,2023-11-01,TTWO,0.0
Combined_MinVariance,2023-11-01,UPS,0.0
Combined_MinVariance,2023-11-01,USB,0.0
Combined_MinVariance,2023-11-01,V,0.038393
Combined_MinVariance,2023-11-01,WFC,0.0
Combined_MinVariance,2023-11-01,WMT,0.196313
Combined_MinVariance,2023-11-01,XOM,0.0
Combined_MinVariance,2023-11-01,ADA-USD,0.0
Combined_MinVariance,2023-11-01,BCH-USD,0.0
Combined_MinVariance,2023-11-01,BTC-USD,0.0
Combined_MinVariance,2023-11-01,EOS-USD,0.0
Combined_MinVariance,2023-11-01,ETC-USD,0.0
Combined_MinVariance,2023-11-01,ETH-USD,0.0
Combined_MinVariance,2023-11-01,LTC-USD,0.0
Combined_MinVariance,2023-11-01,TRX-USD,0.004768
Combined_MinVariance,2023-11-01,XLM-USD,0.0
Combined_MinVariance,2023-11-01,XRP-USD,0.0
Combined_MinVariance,2023-12-01,ABBV,0.088836
Combined_MinVariance,2023-12-01,ABT,0.018124
Combined_MinVariance,2023-12-01,ADBE,0.0
Combined_MinVariance,2023-12-01,AEP,0.0
Combined_MinVariance,2023-12-01,AMD,0.007259
Combined_MinVariance,2023-12-01,AMGN,0.009023
Combined_MinVariance,2023-12-01,AMT,0.0
Combined_MinVariance,2023-12-01,BA,0.0
Combined_MinVariance,2023-12-01,CAT,0.0
Combined_MinVariance,2023-12-01,CCI,0.0
Combined_MinVariance,2023-12-01,CMCSA,0.0
Combined_MinVariance,2023-12-01,COP,0.0
Combined_MinVariance,2023-12-01,CVX,0.027666
Combined_MinVariance,2023-12-01,D,0.0
Combined_MinVariance,2023-12-01,DD,0.00339
Combined_MinVariance,2023-12-01,DIS,0.0
Combined_MinVariance,2023-12-01,DOW,0.0
Combined_MinVariance,2023-12-01,DUK,0.001696
Combined_MinVariance,2023-12-01,EA,0.040579
Combined_MinVariance,2023-12-01,GE,0.012984
Combined_MinVariance,2023-12-01,GILD,0.0
Combined_MinVariance,2023-12-01,GS,0.0
Combined_MinVariance,2023-12-01,INTC,0.003019
Combined_MinVariance,2023-12-01,KO,0.184028
Combined_MinVariance,2023-12-01,MMM,0.0
Combined_MinVariance,2023-12-01,MRK,0.102854
Combined_MinVariance,2023-12-01,MS,0.0
Combined_MinVariance,2023-12-01,NEE,0.0
Combined_MinVariance,2023-12-01,NEM,0.009021
Combined_MinVariance,2023-12-01,NKE,0.0
Combined_MinVariance,2023-12-01,NUE,0.0
Combined_MinVariance,2023-12-01,NVDA,0.011476
Combined_MinVariance,2023-12-01,O,0.085291
Combined_MinVariance,2023-12-01,OXY,0.025742
Combined_MinVariance,2023-12-01,PLD,0.0
Combined_MinVariance,2023-12-01,PSA,0.0
Combined_MinVariance,2023-12-01,QCOM,0.0
Combined_MinVariance,2023-12-01,SBUX,0.0
Combined_MinVariance,2023-12-01,SHW,0.0
Combined_MinVariance,2023-12-01,SLB,0.0
Combined_MinVariance,2023-12-01,SO,0.0
Combined_MinVariance,2023-12-01,T,0.034952
Combined_MinVariance,2023-12-01,TMUS,0.064934
Combined_MinVariance,2023-12-01,TTWO,0.0
Combined_MinVariance,2023-12-01,UPS,0.0
Combined_MinVariance,2023-12-01,USB,0.0
Combined_MinVariance,2023-12-01,V,0.073617
Combined_MinVariance,2023-12-01,WFC,0.0
Combined_MinVariance,2023-12-01,WMT,0.170901
Combined_MinVariance,2023-12-01,XOM,0.0
Combined_MinVariance,2023-12-01,ADA-USD,0.0
Combined_MinVariance,2023-12-01,BCH-USD,0.0
Combined_MinVariance,2023-12-01,BTC-USD,0.012053
Combined_MinVariance,2023-12-01,EOS-USD,0.0
Combined_MinVariance,2023-12-01,ETC-USD,0.0
Combined_MinVariance,2023-12-01,ETH-USD,0.0
Combined_MinVariance,2023-12-01,LTC-USD,0.0
Combined_MinVariance,2023-12-01,TRX-USD,0.012552
Combined_MinVariance,2023-12-01,XLM-USD,0.0
Combined_MinVariance,2023-12-01,XRP-USD,0.0
Combined_MaxSharpe,2021-01-04,ABBV,0.0
Combined_MaxSharpe,2021-01-04,ABT,0.0
Combined_MaxSharpe,2021-01-04,ADBE,0.0
Combined_MaxSharpe,2021-01-04,AEP,0.0
Combined_MaxSharpe,2021-01-04,AMD,0.0
Combined_MaxSharpe,2021-01-04,AMGN,0.0
Combined_MaxSharpe,2021-01-04,AMT,0.0
Combined_MaxSharpe,2021-01-04,BA,0.0
Combined_MaxSharpe,2021-01-04,CAT,0.0
Combined_MaxSharpe,2021-01-04,CCI,0.0
Combined_MaxSharpe,2021-01-04,CMCSA,0.0
Combined_MaxSharpe,2021-01-04,COP,0.0
Combined_MaxSharpe,2021-01-04,CVX,0.0
Combined_MaxSharpe,2021-01-04,D,0.0
Combined_MaxSharpe,2021-01-04,DD,0.0
Combined_MaxSharpe,2021-01-04,DIS,0.0
Combined_MaxSharpe,2021-01-04,DOW,0.0
Combined_MaxSharpe,2021-01-04,DUK,0.0
Combined_MaxSharpe,2021-01-04,EA,0.0
Combined_MaxSharpe,2021-01-04,GE,0.0
Combined_MaxSharpe,2021-01-04,GILD,0.0
Combined_MaxSharpe,2021-01-04,GS,0.0
Combined_MaxSharpe,2021-01-04,INTC,0.0
Combined_MaxSharpe,2021-01-04,KO,0.0
Combined_MaxSharpe,2021-01-04,MMM,0.0
Combined_MaxSharpe,2021-01-04,MRK,0.0
Combined_MaxSharpe,2021-01-04,MS,0.0
Combined_MaxSharpe,2021-01-04,NEE,0.0
Combined_MaxSharpe,2021-01-04,NEM,0.073233
Combined_MaxSharpe,2021-01-04,NKE,0.0
Combined_MaxSharpe,2021-01-04,NUE,0.0
Combined_MaxSharpe,2021-01-04,NVDA,0.08481
Combined_MaxSharpe,2021-01-04,O,0.0
Combined_MaxSharpe,2021-01-04,OXY,0.0
Combined_MaxSharpe,2021-01-04,PLD,0.0
Combined_MaxSharpe,2021-01-04,PSA,0.0
Combined_MaxSharpe,2021-01-04,QCOM,0.0
Combined_MaxSharpe,2021-01-04,SBUX,0.0
Combined_MaxSharpe,2021-01-04,SHW,0.0
Combined_MaxSharpe,2021-01-04,SLB,0.0
Combined_MaxSharpe,2021-01-04,SO,0.0
Combined_MaxSharpe,2021-01-04,T,0.0
Combined_MaxSharpe,2021-01-04,TMUS,0.0
Combined_MaxSharpe,2021-01-04,TTWO,0.082454
Combined_MaxSharpe,2021-01-04,UPS,0.124416
Combined_MaxSharpe,2021-01-04,USB,0.0
Combined_MaxSharpe,2021-01-04,V,0.0
Combined_MaxSharpe,2021-01-04,WFC,0.0
Combined_MaxSharpe,2021-01-04,WMT,0.0
Combined_MaxSharpe,2021-01-04,XOM,0.0
Combined_MaxSharpe,2021-01-04,ADA-USD,0.0
Combined_MaxSharpe,2021-01-04,BCH-USD,0.0
Combined_MaxSharpe,2021-01-04,BTC-USD,0.575839
Combined_MaxSharpe,2021-01-04,EOS-USD,0.0
Combined_MaxSharpe,2021-01-04,ETC-USD,0.0
Combined_MaxSharpe,2021-01-04,ETH-USD,0.0
Combined_MaxSharpe,2021-01-04,LTC-USD,0.0
Combined_MaxSharpe,2021-01-04,TRX-USD,0.0
Combined_MaxSharpe,2021-01-04,XLM-USD,0.059248
Combined_MaxSharpe,2021-01-04,XRP-USD,0.0
Combined_MaxSharpe,2021-02-01,ABBV,0.0
Combined_MaxSharpe,2021-02-01,ABT,0.0
Combined_MaxSharpe,2021-02-01,ADBE,0.0
Combined_MaxSharpe,2021-02-01,AEP,0.0
Combined_MaxSharpe,2021-02-01,AMD,0.0
Combined_MaxSharpe,2021-02-01,AMGN,0.0
Combined_MaxSharpe,2021-02-01,AMT,0.0
Combined_MaxSharpe,2021-02-01,BA,0.0
Combined_MaxSharpe,2021-02-01,CAT,0.0
Combined_MaxSharpe,2021-02-01,CCI,0.0
Combined_MaxSharpe,2021-02-01,CMCSA,0.0
Combined_MaxSharpe,2021-02-01,COP,0.0
Combined_MaxSharpe,2021-02-01,CVX,0.0
Combined_MaxSharpe,2021-02-01,D,0.0
Combined_MaxSharpe,2021-02-01,DD,0.0
Combined_MaxSharpe,2021-02-01,DIS,0.0
Combined_MaxSharpe,2021-02-01,DOW,0.0
Combined_MaxSharpe,2021-02-01,DUK,0.0
Combined_MaxSharpe,2021-02-01,EA,0.0
Combined_MaxSharpe,2021-02-01,GE,0.0
Combined_MaxSharpe,2021-02-01,GILD,0.0
Combined_MaxSharpe,2021-02-01,GS,0.0
Combined_MaxSharpe,2021-02-01,INTC,0.0
Combined_MaxSharpe,2021-02-01,KO,0.0
Combined_MaxSharpe,2021-02-01,MMM,0.0
Combined_MaxSharpe,2021-02-01,MRK,0.0
Combined_MaxSharpe,2021-02-01,MS,0.0
Combined_MaxSharpe,2021-02-01,NEE,0.0
Combined_MaxSharpe,2021-02-01,NEM,0.040287
Combined_MaxSharpe,2021-02-01,NKE,0.0
Combined_MaxSharpe,2021-02-01,NUE,0.0
Combined_MaxSharpe,2021-02-01,NVDA,0.245254
Combined_MaxSharpe,2021-02-01,O,0.0
Combined_MaxSharpe,2021-02-01,OXY,0.0
Combined_MaxSharpe,2021-02-01,PLD,0.0
Combined_MaxSharpe,2021-02-01,PSA,0.0
Combined_MaxSharpe,2021-02-01,QCOM,0.0
Combined_MaxSharpe,2021-02-01,SBUX,0.0
Combined_MaxSharpe,2021-02-01,SHW,0.0
Combined_MaxSharpe,2021-02-01,SLB,0.0
Combined_MaxSharpe,2021-02-01,SO,0.0
Combined_MaxSharpe,2021-02-01,T,0.0
Combined_MaxSharpe,2021-02-01,TMUS,0.0
Combined_MaxSharpe,2021-02-01,TTWO,0.0
Combined_MaxSharpe,2021-02-01,UPS,0.122805
Combined_MaxSharpe,2021-02-01,USB,0.0
Combined_MaxSharpe,2021-02-01,V,0.0
Combined_MaxSharpe,2021-02-01,WFC,0.0
Combined_MaxSharpe,2021-02-01,WMT,0.0
Combined_MaxSharpe,2021-02-01,XOM,0.0
Combined_MaxSharpe,2021-02-01,ADA-USD,0.0
Combined_MaxSharpe,2021-02-01,BCH-USD,0.0
Combined_MaxSharpe,2021-02-01,BTC-USD,0.428335
Combined_MaxSharpe,2021-02-01,EOS-USD,0.0
Combined_MaxSharpe,2021-02-01,ETC-USD,0.0
Combined_MaxSharpe,2021-02-01,ETH-USD,0.0
Combined_MaxSharpe,2021-02-01,LTC-USD,0.0
Combined_MaxSharpe,2021-02-01,TRX-USD,0.0
Combined_MaxSharpe,2021-02-01,XLM-USD,0.16332
Combined_MaxSharpe,2021-02-01,XRP-USD,0.0
Combined_MaxSharpe,2021-03-01,ABBV,0.0
Combined_MaxSharpe,2021-03-01,ABT,0.03661
Combined_MaxSharpe,2021-03-01,ADBE,0.0
Combined_MaxSharpe,2021-03-01,AEP,0.0
Combined_MaxSharpe,2021-03-01,AMD,0.0
Combined_MaxSharpe,2021-03-01,AMGN,0.0
Combined_MaxSharpe,2021-03-01,AMT,0.0
Combined_MaxSharpe,2021-03-01,BA,0.0
Combined_MaxSharpe,2021-03-01,CAT,0.020632
Combined_MaxSharpe,2021-03-01,CCI,0.0
Combined_MaxSharpe,2021-03-01,CMCSA,0.0
Combined_MaxSharpe,2021-03-01,COP,0.0
Combined_MaxSharpe,2021-03-01,CVX,0.0
Combined_MaxSharpe,2021-03-01,D,0.0
Combined_MaxSharpe,2021-03-01,DD,0.0
Combined_MaxSharpe,2021-03-01,DIS,0.0
Combined_MaxSharpe,2021-03-01,DOW,0.0
Combined_MaxSharpe,2021-03-01,DUK,0.0
Combined_MaxSharpe,2021-03-01,EA,0.0
Combined_MaxSharpe,2021-03-01,GE,0.0
Combined_MaxSharpe,2021-03-01,GILD,0.0
Combined_MaxSharpe,2021-03-01,GS,0.0
Combined_MaxSharpe,2021-03-01,INTC,0.0
Combined_MaxSharpe,2021-03-01,KO,0.0
Combined_MaxSharpe,2021-03-01,MMM,0.0
Combined_MaxSharpe,2021-03-01,MRK,0.0
Combined_MaxSharpe,2021-03-01,MS,0.0
Combined_MaxSharpe,2021-03-01,NEE,0.0
Combined_MaxSharpe,2021-03-01,NEM,0.0
Combined_MaxSharpe,2021-03-01,NKE,0.0
Combined_MaxSharpe,2021-03-01,NUE,0.0
Combined_MaxSharpe,2021-03-01,NVDA,0.0
Combined_MaxSharpe,2021-03-01,O,0.0
Combined_MaxSharpe,2021-03-01,OXY,0.0
Combined_MaxSharpe,2021-03-01,PLD,0.0
Combined_MaxSharpe,2021-03-01,PSA,0.0
Combined_MaxSharpe,2021-03-01,QCOM,0.0
Combined_MaxSharpe,2021-03-01,SBUX,0.0
Combined_MaxSharpe,2021-03-01,SHW,0.0
Combined_MaxSharpe,2021-03-01,SLB,0.0
Combined_MaxSharpe,2021-03-01,SO,0.0
Combined_MaxSharpe,2021-03-01,T,0.0
Combined_MaxSharpe,2021-03-01,TMUS,0.0
Combined_MaxSharpe,2021-03-01,TTWO,0.034049
Combined_MaxSharpe,2021-03-01,UPS,0.373782
Combined_MaxSharpe,2021-03-01,USB,0.0
Combined_MaxSharpe,2021-03-01,V,0.0
Combined_MaxSharpe,2021-03-01,WFC,0.0
Combined_MaxSharpe,2021-03-01,WMT,0.0
Combined_MaxSharpe,2021-03-01,XOM,0.0
Combined_MaxSharpe,2021-03-01,ADA-USD,0.11991
Combined_MaxSharpe,2021-03-01,BCH-USD,0.0
Combined_MaxSharpe,2021-03-01,BTC-USD,0.366108
Combined_MaxSharpe,2021-03-01,EOS-USD,0.0
Combined_MaxSharpe,2021-03-01,ETC-USD,0.0
Combined_MaxSharpe,2021-03-01,ETH-USD,0.0
Combined_MaxSharpe,2021-03-01,LTC-USD,0.0
Combined_MaxSharpe,2021-03-01,TRX-USD,0.0
Combined_MaxSharpe,2021-03-01,XLM-USD,0.048911
Combined_MaxSharpe,2021-03-01,XRP-USD,0.0
Combined_MaxSharpe,2021-04-01,ABBV,0.149754
Combined_MaxSharpe,2021-04-01,ABT,0.029647
Combined_MaxSharpe,2021-04-01,ADBE,0.0
Combined_MaxSharpe,2021-04-01,AEP,0.0
Combined_MaxSharpe,2021-04-01,AMD,0.0
Combined_MaxSharpe,2021-04-01,AMGN,0.0
Combined_MaxSharpe,2021-04-01,AMT,0.0
Combined_MaxSharpe,2021-04-01,BA,0.0
Combined_MaxSharpe,2021-04-01,CAT,0.015482
Combined_MaxSharpe,2021-04-01,CCI,0.0
Combined_MaxSharpe,2021-04-01,CMCSA,0.0
Combined_MaxSharpe,2021-04-01,COP,0.0
Combined_MaxSharpe,2021-04-01,CVX,0.0
Combined_MaxSharpe,2021-04-01,D,0.0
Combined_MaxSharpe,2021-04-01,DD,0.066198
Combined_MaxSharpe,2021-04-01,DIS,0.0
Combined_MaxSharpe,2021-04-01,DOW,0.0
Combined_MaxSharpe,2021-04-01,DUK,0.0
Combined_MaxSharpe,2021-04-01,EA,0.080316
Combined_MaxSharpe,2021-04-01,GE,0.0
Combined_MaxSharpe,2021-04-01,GILD,0.0
Combined_MaxSharpe,2021-04-01,GS,0.019795
Combined_MaxSharpe,2021-04-01,INTC,0.0
Combined_MaxSharpe,2021-04-01,KO,0.0
Combined_MaxSharpe,2021-04-01,MMM,0.0
Combined_MaxSharpe,2021-04-01,MRK,0.0
Combined_MaxSharpe,2021-04-01,MS,0.129575
Combined_MaxSharpe,2021-04-01,NEE,0.0
Combined_MaxSharpe,2021-04-01,NEM,0.0
Combined_MaxSharpe,2021-04-01,NKE,0.0
Combined_MaxSharpe,2021-04-01,NUE,0.027082
Combined_MaxSharpe,2021-04-01,NVDA,0.0
Combined_MaxSharpe,2021-04-01,O,0.0
Combined_MaxSharpe,2021-04-01,OXY,0.0
Combined_MaxSharpe,2021-04-01,PLD,0.0
Combined_MaxSharpe,2021-04-01,PSA,0.012637
Combined_MaxSharpe,2021-04-01,QCOM,0.0
Combined_MaxSharpe,2021-04-01,SBUX,0.0
Combined_MaxSharpe,2021-04-01,SHW,0.0
Combined_MaxSharpe,2021-04-01,SLB,0.0
Combined_MaxSharpe,2021-04-01,SO,0.0
Combined_MaxSharpe,2021-04-01,T,0.0
Combined_MaxSharpe,2021-04-01,TMUS,0.0
Combined_MaxSharpe,2021-04-01,TTWO,0.029315
Combined_MaxSharpe,2021-04-01,UPS,0.108079
Combined_MaxSharpe,2021-04-01,USB,0.0
Combined_MaxSharpe,2021-04-01,V,0.0
Combined_MaxSharpe,2021-04-01,WFC,0.0
Combined_MaxSharpe,2021-04-01,WMT,0.0
Combined_MaxSharpe,2021-04-01,XOM,0.0
Combined_MaxSharpe,2021-04-01,ADA-USD,0.061511
Combined_MaxSharpe,2021-04-01,BCH-USD,0.0
Combined_MaxSharpe,2021-04-01,BTC-USD,0.219019
Combined_MaxSharpe,2021-04-01,EOS-USD,0.0
Combined_MaxSharpe,2021-04-01,ETC-USD,0.0
Combined_MaxSharpe,2021-04-01,ETH-USD,0.0
Combined_MaxSharpe,2021-04-01,LTC-USD,0.0
Combined_MaxSharpe,2021-04-01,TRX-USD,0.051592
Combined_MaxSharpe,2021-04-01,XLM-USD,0.0
Combined_MaxSharpe,2021-04-01,XRP-USD,0.0
Combined_MaxSharpe,2021-05-03,ABBV,0.130771
Combined_MaxSharpe,2021-05-03,ABT,0.0
Combined_MaxSharpe,2021-05-03,ADBE,0.0
Combined_MaxSharpe,2021-05-03,AEP,0.0
Combined_MaxSharpe,2021-05-03,AMD,0.0
Combined_MaxSharpe,2021-05-03,AMGN,0.0
Combined_MaxSharpe,2021-05-03,AMT,0.0
Combined_MaxSharpe,2021-05-03,BA,0.0
Combined_MaxSharpe,2021-05-03,CAT,0.080158
Combined_MaxSharpe,2021-05-03,CCI,0.0
Combined_MaxSharpe,2021-05-03,CMCSA,0.0
Combined_MaxSharpe,2021-05-03,COP,0.0
Combined_MaxSharpe,2021-05-03,CVX,0.0
Combined_MaxSharpe,2021-05-03,D,0.0
Combined_MaxSharpe,2021-05-03,DD,0.0
Combined_MaxSharpe,2021-05-03,DIS,0.0
Combined_MaxSharpe,2021-05-03,DOW,0.0
Combined_MaxSharpe,2021-05-03,DUK,0.0
Combined_MaxSharpe,2021-05-03,EA,0.0
Combined_MaxSharpe,2021-05-03,GE,0.0
Combined_MaxSharpe,2021-05-03,GILD,0.0
Combined_MaxSharpe,2021-05-03,GS,0.0
Combined_MaxSharpe,2021-05-03,INTC,0.0
Combined_MaxSharpe,2021-05-03,KO,0.0
Combined_MaxSharpe,2021-05-03,MMM,0.0
Combined_MaxSharpe,2021-05-03,MRK,0.0
Combined_MaxSharpe,2021-05-03,MS,0.119968
Combined_MaxSharpe,2021-05-03,NEE,0.0
Combined_MaxSharpe,2021-05-03,NEM,0.0
Combined_MaxSharpe,2021-05-03,NKE,0.0
Combined_MaxSharpe,2021-05-03,NUE,0.0
Combined_MaxSharpe,2021-05-03,NVDA,0.026477
Combined_MaxSharpe,2021-05-03,O,0.0
Combined_MaxSharpe,2021-05-03,OXY,0.0
Combined_MaxSharpe,2021-05-03,PLD,0.0
Combined_MaxSharpe,2021-05-03,PSA,0.161389
Combined_MaxSharpe,2021-05-03,QCOM,0.0
Combined_MaxSharpe,2021-05-03,SBUX,0.0
Combined_MaxSharpe,2021-05-03,SHW,0.080672
Combined_MaxSharpe,2021-05-03,SLB,0.0
Combined_MaxSharpe,2021-05-03,SO,0.0
Combined_MaxSharpe,2021-05-03,T,0.0
Combined_MaxSharpe,2021-05-03,TMUS,0.0
Combined_MaxSharpe,2021-05-03,TTWO,0.019462
Combined_MaxSharpe,2021-05-03,UPS,0.164955
Combined_MaxSharpe,2021-05-03,USB,0.0
Combined_MaxSharpe,2021-05-03,V,0.0
Combined_MaxSharpe,2021-05-03,WFC,0.0
Combined_MaxSharpe,2021-05-03,WMT,0.0
Combined_MaxSharpe,2021-05-03,XOM,0.0
Combined_MaxSharpe,2021-05-03,ADA-USD,0.046747
Combined_MaxSharpe,2021-05-03,BCH-USD,0.0
Combined_MaxSharpe,2021-05-03,BTC-USD,0.142717
Combined_MaxSharpe,2021-05-03,EOS-USD,0.0
Combined_MaxSharpe,2021-05-03,ETC-USD,0.0
Combined_MaxSharpe,2021-05-03,ETH-USD,0.0
Combined_MaxSharpe,2021-05-03,LTC-USD,0.0
Combined_MaxSharpe,2021-05-03,TRX-USD,0.026683
Combined_MaxSharpe,2021-05-03,XLM-USD,0.0
Combined_MaxSharpe,2021-05-03,XRP-USD,0.0
Combined_MaxSharpe,2021-06-01,ABBV,0.0
Combined_MaxSharpe,2021-06-01,ABT,0.0
Combined_MaxSharpe,2021-06-01,ADBE,0.0
Combined_MaxSharpe,2021-06-01,AEP,0.0
Combined_MaxSharpe,2021-06-01,AMD,0.0
Combined_MaxSharpe,2021-06-01,AMGN,0.0
Combined_MaxSharpe,2021-06-01,AMT,0.0
Combined_MaxSharpe,2021-06-01,BA,0.0
Combined_MaxSharpe,2021-06-01,CAT,0.146152
Combined_MaxSharpe,2021-06-01,CCI,0.0
Combined_MaxSharpe,2021-06-01,CMCSA,0.0
Combined_MaxSharpe,2021-06-01,COP,0.0
Combined_MaxSharpe,2021-06-01,CVX,0.0
Combined_MaxSharpe,2021-06-01,D,0.0
Combined_MaxSharpe,2021-06-01,DD,0.0
Combined_MaxSharpe,2021-06-01,DIS,0.0
Combined_MaxSharpe,2021-06-01,DOW,0.0
Combined_MaxSharpe,2021-06-01,DUK,0.0
Combined_MaxSharpe,2021-06-01,EA,0.0
Combined_MaxSharpe,2021-06-01,GE,0.068559
Combined_MaxSharpe,2021-06-01,GILD,0.0
Combined_MaxSharpe,2021-06-01,GS,0.0
Combined_MaxSharpe,2021-06-01,INTC,0.0
Combined_MaxSharpe,2021-06-01,KO,0.0
Combined_MaxSharpe,2021-06-01,MMM,0.0
Combined_MaxSharpe,2021-06-01,MRK,0.0
Combined_MaxSharpe,2021-06-01,MS,0.134776
Combined_MaxSharpe,2021-06-01,NEE,0.0
Combined_MaxSharpe,2021-06-01,NEM,0.0
Combined_MaxSharpe,2021-06-01,NKE,0.0
Combined_MaxSharpe,2021-06-01,NUE,0.025354
Combined_MaxSharpe,2021-06-01,NVDA,0.018392
Combined_MaxSharpe,2021-06-01,O,0.0
Combined_MaxSharpe,2021-06-01,OXY,0.0
Combined_MaxSharpe,2021-06-01,PLD,0.0
Combined_MaxSharpe,2021-06-01,PSA,0.205785
Combined_MaxSharpe,2021-06-01,QCOM,0.0
Combined_MaxSharpe,2021-06-01,SBUX,0.0
Combined_MaxSharpe,2021-06-01,SHW,0.0
Combined_MaxSharpe,2021-06-01,SLB,0.0
Combined_MaxSharpe,2021-06-01,SO,0.0
Combined_MaxSharpe,2021-06-01,T,0.0
Combined_MaxSharpe,2021-06-01,TMUS,0.0
Combined_MaxSharpe,2021-06-01,TTWO,0.106707
Combined_MaxSharpe,2021-06-01,UPS,0.199116
Combined_MaxSharpe,2021-06-01,USB,0.0
Combined_MaxSharpe,2021-06-01,V,0.0
Combined_MaxSharpe,2021-06-01,WFC,0.0
Combined_MaxSharpe,2021-06-01,WMT,0.0
Combined_MaxSharpe,2021-06-01,XOM,0.0
Combined_MaxSharpe,2021-06-01,ADA-USD,0.025931
Combined_MaxSharpe,2021-06-01,BCH-USD,0.0
Combined_MaxSharpe,2021-06-01,BTC-USD,0.022217
Combined_MaxSharpe,2021-06-01,EOS-USD,0.0
Combined_MaxSharpe,2021-06-01,ETC-USD,0.031976
Combined_MaxSharpe,2021-06-01,ETH-USD,0.01148
Combined_MaxSharpe,2021-06-01,LTC-USD,0.0
Combined_MaxSharpe,2021-06-01,TRX-USD,0.003555
Combined_MaxSharpe,2021-06-01,XLM-USD,0.0
Combined_MaxSharpe,2021-06-01,XRP-USD,0.0
Combined_MaxSharpe,2021-07-01,ABBV,0.0
Combined_MaxSharpe,2021-07-01,ABT,0.0
Combined_MaxSharpe,2021-07-01,ADBE,0.0
Combined_MaxSharpe,2021-07-01,AEP,0.0
Combined_MaxSharpe,2021-07-01,AMD,0.039413
Combined_MaxSharpe,2021-07-01,AMGN,0.0
Combined_MaxSharpe,2021-07-01,AMT,0.0
Combined_MaxSharpe,2021-07-01,BA,0.0
Combined_MaxSharpe,2021-07-01,CAT,0.009478
Combined_MaxSharpe,2021-07-01,CCI,0.0
Combined_MaxSharpe,2021-07-01,CMCSA,0.0
Combined_MaxSharpe,2021-07-01,COP,0.0
Combined_MaxSharpe,2021-07-01,CVX,0.0
Combined_MaxSharpe,2021-07-01,D,0.0
Combined_MaxSharpe,2021-07-01,DD,0.0
Combined_MaxSharpe,2021-07-01,DIS,0.0
Combined_MaxSharpe,2021-07-01,DOW,0.0
Combined_MaxSharpe,2021-07-01,DUK,0.0
Combined_MaxSharpe,2021-07-01,EA,0.0
Combined_MaxSharpe,2021-07-01,GE,0.090291
Combined_MaxSharpe,2021-07-01,GILD,0.0
Combined_MaxSharpe,2021-07-01,GS,0.151266
Combined_MaxSharpe,2021-07-01,INTC,0.0
Combined_MaxSharpe,2021-07-01,KO,0.0
Combined_MaxSharpe,2021-07-01,MMM,0.0
Combined_MaxSharpe,2021-07-01,MRK,0.0
Combined_MaxSharpe,2021-07-01,MS,0.018467
Combined_MaxSharpe,2021-07-01,NEE,0.0
Combined_MaxSharpe,2021-07-01,NEM,0.0
Combined_MaxSharpe,2021-07-01,NKE,0.063732
Combined_MaxSharpe,2021-07-01,NUE,0.067635
Combined_MaxSharpe,2021-07-01,NVDA,0.073085
Combined_MaxSharpe,2021-07-01,O,0.0
Combined_MaxSharpe,2021-07-01,OXY,0.0
Combined_MaxSharpe,2021-07-01,PLD,0.0
Combined_MaxSharpe,2021-07-01,PSA,0.344241
Combined_MaxSharpe,2021-07-01,QCOM,0.0
Combined_MaxSharpe,2021-07-01,SBUX,0.0
Combined_MaxSharpe,2021-07-01,SHW,0.0
Combined_MaxSharpe,2021-07-01,SLB,0.0
Combined_MaxSharpe,2021-07-01,SO,0.0
Combined_MaxSharpe,2021-07-01,T,0.0
Combined_MaxSharpe,2021-07-01,TMUS,0.0
Combined_MaxSharpe,2021-07-01,TTWO,0.0
Combined_MaxSharpe,2021-07-01,UPS,0.090409
Combined_MaxSharpe,2021-07-01,USB,0.0
Combined_MaxSharpe,2021-07-01,V,0.0
Combined_MaxSharpe,2021-07-01,WFC,0.0
Combined_MaxSharpe,2021-07-01,WMT,0.0
Combined_MaxSharpe,2021-07-01,XOM,0.0
Combined_MaxSharpe,2021-07-01,ADA-USD,0.006601
Combined_MaxSharpe,2021-07-01,BCH-USD,0.0
Combined_MaxSharpe,2021-07-01,BTC-USD,0.014318
Combined_MaxSharpe,2021-07-01,EOS-USD,0.0
Combined_MaxSharpe,2021-07-01,ETC-USD,0.022364
Combined_MaxSharpe,2021-07-01,ETH-USD,0.0
Combined_MaxSharpe,2021-07-01,LTC-USD,0.0
Combined_MaxSharpe,2021-07-01,TRX-USD,0.0087
Combined_MaxSharpe,2021-07-01,XLM-USD,0.0
Combined_MaxSharpe,2021-07-01,XRP-USD,0.0
Combined_MaxSharpe,2021-08-02,ABBV,0.004742
Combined_MaxSharpe,2021-08-02,ABT,0.0
Combined_MaxSharpe,2021-08-02,ADBE,0.0
Combined_MaxSharpe,2021-08-02,AEP,0.0
Combined_MaxSharpe,2021-08-02,AMD,0.0
Combined_MaxSharpe,2021-08-02,AMGN,0.0
Combined_MaxSharpe,2021-08-02,AMT,0.0
Combined_MaxSharpe,2021-08-02,BA,0.0
Combined_MaxSharpe,2021-08-02,CAT,0.0
Combined_MaxSharpe,2021-08-02,CCI,0.0
Combined_MaxSharpe,2021-08-02,CMCSA,0.0
Combined_MaxSharpe,2021-08-02,COP,0.0
Combined_MaxSharpe,2021-08-02,CVX,0.0
Combined_MaxSharpe,2021-08-02,D,0.0
Combined_MaxSharpe,2021-08-02,DD,0.0
Combined_MaxSharpe,2021-08-02,DIS,0.0
Combined_MaxSharpe,2021-08-02,DOW,0.0
Combined_MaxSharpe,2021-08-02,DUK,0.007611
Combined_MaxSharpe,2021-08-02,EA,0.0
Combined_MaxSharpe,2021-08-02,GE,0.078063
Combined_MaxSharpe,2021-08-02,GILD,0.0
Combined_MaxSharpe,2021-08-02,GS,0.097017
Combined_MaxSharpe,2021-08-02,INTC,0.0
Combined_MaxSharpe,2021-08-02,KO,0.0
Combined_MaxSharpe,2021-08-02,MMM,0.0
Combined_MaxSharpe,2021-08-02,MRK,0.0
Combined_MaxSharpe,2021-08-02,MS,0.049541
Combined_MaxSharpe,2021-08-02,NEE,0.0
Combined_MaxSharpe,2021-08-02,NEM,0.0
Combined_MaxSharpe,2021-08-02,NKE,0.129772
Combined_MaxSharpe,2021-08-02,NUE,0.094551
Combined_MaxSharpe,2021-08-02,NVDA,0.073648
Combined_MaxSharpe,2021-08-02,O,0.0
Combined_MaxSharpe,2021-08-02,OXY,0.0
Combined_MaxSharpe,2021-08-02,PLD,0.0
Combined_MaxSharpe,2021-08-02,PSA,0.388358
Combined_MaxSharpe,2021-08-02,QCOM,0.0
Combined_MaxSharpe,2021-08-02,SBUX,0.025892
Combined_MaxSharpe,2021-08-02,SHW,0.0
Combined_MaxSharpe,2021-08-02,SLB,0.0
Combined_MaxSharpe,2021-08-02,SO,0.0
Combined_MaxSharpe,2021-08-02,T,0.0
Combined_MaxSharpe,2021-08-02,TMUS,0.0
Combined_MaxSharpe,2021-08-02,TTWO,0.0
Combined_MaxSharpe,2021-08-02,UPS,0.0
Combined_MaxSharpe,2021-08-02,USB,0.0
Combined_MaxSharpe,2021-08-02,V,0.0
Combined_MaxSharpe,2021-08-02,WFC,0.0
Combined_MaxSharpe,2021-08-02,WMT,0.0
Combined_MaxSharpe,2021-08-02,XOM,0.0
Combined_MaxSharpe,2021-08-02,ADA-USD,0.0
Combined_MaxSharpe,2021-08-02,BCH-USD,0.0
Combined_MaxSharpe,2021-08-02,BTC-USD,0.026689
Combined_MaxSharpe,2021-08-02,EOS-USD,0.0
Combined_MaxSharpe,2021-08-02,ETC-USD,0.014559
Combined_MaxSharpe,2021-08-02,ETH-USD,0.0
Combined_MaxSharpe,2021-08-02,LTC-USD,0.0
Combined_MaxSharpe,2021-08-02,TRX-USD,0.009556
Combined_MaxSharpe,2021-08-02,XLM-USD,0.0
Combined_MaxSharpe,2021-08-02,XRP-USD,0.0
Combined_MaxSharpe,2021-09-01,ABBV,0.021085
Combined_MaxSharpe,2021-09-01,ABT,0.0
Combined_MaxSharpe,2021-09-01,ADBE,0.0
Combined_MaxSharpe,2021-09-01,AEP,0.0
Combined_MaxSharpe,2021-09-01,AMD,0.0
Combined_MaxSharpe,2021-09-01,AMGN,0.0
Combined_MaxSharpe,2021-09-01,AMT,0.0
Combined_MaxSharpe,2021-09-01,BA,0.0
Combined_MaxSharpe,2021-09-01,CAT,0.0
Combined_MaxSharpe,2021-09-01,CCI,0.0
Combined_MaxSharpe,2021-09-01,CMCSA,0.0
Combined_MaxSharpe,2021-09-01,COP,0.0
Combined_MaxSharpe,2021-09-01,CVX,0.0
Combined_MaxSharpe,2021-09-01,D,0.0
Combined_MaxSharpe,2021-09-01,DD,0.0
Combined_MaxSharpe,2021-09-01,DIS,0.0
Combined_MaxSharpe,2021-09-01,DOW,0.0
Combined_MaxSharpe,2021-09-01,DUK,0.045844
Combined_MaxSharpe,2021-09-01,EA,0.0
Combined_MaxSharpe,2021-09-01,GE,0.070556
Combined_MaxSharpe,2021-09-01,GILD,0.0
Combined_MaxSharpe,2021-09-01,GS,0.182837
Combined_MaxSharpe,2021-09-01,INTC,0.0
Combined_MaxSharpe,2021-09-01,KO,0.0
Combined_MaxSharpe,2021-09-01,MMM,0.0
Combined_MaxSharpe,2021-09-01,MRK,0.0
Combined_MaxSharpe,2021-09-01,MS,1.6e-05
Combined_MaxSharpe,2021-09-01,NEE,0.0
Combined_MaxSharpe,2021-09-01,NEM,0.0
Combined_MaxSharpe,2021-09-01,NKE,0.066303
Combined_MaxSharpe,2021-09-01,NUE,0.081156
Combined_MaxSharpe,2021-09-01,NVDA,0.059142
Combined_MaxSharpe,2021-09-01,O,0.0
Combined_MaxSharpe,2021-09-01,OXY,0.00702
Combined_MaxSharpe,2021-09-01,PLD,0.0
Combined_MaxSharpe,2021-09-01,PSA,0.407375
Combined_MaxSharpe,2021-09-01,QCOM,0.0
Combined_MaxSharpe,2021-09-01,SBUX,0.0
Combined_MaxSharpe,2021-09-01,SHW,0.0
Combined_MaxSharpe,2021-09-01,SLB,0.0
Combined_MaxSharpe,2021-09-01,SO,0.0
Combined_MaxSharpe,2021-09-01,T,0.0
Combined_MaxSharpe,2021-09-01,TMUS,0.0
Combined_MaxSharpe,2021-09-01,TTWO,0.0
Combined_MaxSharpe,2021-09-01,UPS,0.0
Combined_MaxSharpe,2021-09-01,USB,0.0
Combined_MaxSharpe,2021-09-01,V,0.0
Combined_MaxSharpe,2021-09-01,WFC,0.0
Combined_MaxSharpe,2021-09-01,WMT,0.0
Combined_MaxSharpe,2021-09-01,XOM,0.0
Combined_MaxSharpe,2021-09-01,ADA-USD,0.027482
Combined_MaxSharpe,2021-09-01,BCH-USD,0.0
Combined_MaxSharpe,2021-09-01,BTC-USD,0.014514
Combined_MaxSharpe,2021-09-01,EOS-USD,0.0
Combined_MaxSharpe,2021-09-01,ETC-USD,0.012155
Combined_MaxSharpe,2021-09-01,ETH-USD,0.0
Combined_MaxSharpe,2021-09-01,LTC-USD,0.0
Combined_MaxSharpe,2021-09-01,TRX-USD,0.004514
Combined_MaxSharpe,2021-09-01,XLM-USD,0.0
Combined_MaxSharpe,2021-09-01,XRP-USD,0.0
Combined_MaxSharpe,2021-10-01,ABBV,0.003728
Combined_MaxSharpe,2021-10-01,ABT,0.0
Combined_MaxSharpe,2021-10-01,ADBE,0.0
Combined_MaxSharpe,2021-10-01,AEP,0.0
Combined_MaxSharpe,2021-10-01,AMD,0.0
Combined_MaxSharpe,2021-10-01,AMGN,0.0
Combined_MaxSharpe,2021-10-01,AMT,0.0
Combined_MaxSharpe,2021-10-01,BA,0.0
Combined_MaxSharpe,2021-10-01,CAT,0.0
Combined_MaxSharpe,2021-10-01,CCI,0.0
Combined_MaxSharpe,2021-10-01,CMCSA,0.0
Combined_MaxSharpe,2021-10-01,COP,0.0
Combined_MaxSharpe,2021-10-01,CVX,0.0
Combined_MaxSharpe,2021-10-01,D,0.0
Combined_MaxSharpe,2021-10-01,DD,0.0
Combined_MaxSharpe,2021-10-01,DIS,0.0
Combined_MaxSharpe,2021-10-01,DOW,0.0
Combined_MaxSharpe,2021-10-01,DUK,0.0
Combined_MaxSharpe,2021-10-01,EA,0.0
Combined_MaxSharpe,2021-10-01,GE,0.111636
Combined_MaxSharpe,2021-10-01,GILD,0.0
Combined_MaxSharpe,2021-10-01,GS,0.0
Combined_MaxSharpe,2021-10-01,INTC,0.0
Combined_MaxSharpe,2021-10-01,KO,0.0
Combined_MaxSharpe,2021-10-01,MMM,0.0
Combined_MaxSharpe,2021-10-01,MRK,0.0
Combined_MaxSharpe,2021-10-01,MS,0.179092
Combined_MaxSharpe,2021-10-01,NEE,0.0
Combined_MaxSharpe,2021-10-01,NEM,0.0
Combined_MaxSharpe,2021-10-01,NKE,0.0
Combined_MaxSharpe,2021-10-01,NUE,0.016148
Combined_MaxSharpe,2021-10-01,NVDA,0.086087
Combined_MaxSharpe,2021-10-01,O,0.0
Combined_MaxSharpe,2021-10-01,OXY,0.053768
Combined_MaxSharpe,2021-10-01,PLD,0.0
Combined_MaxSharpe,2021-10-01,PSA,0.461713
Combined_MaxSharpe,2021-10-01,QCOM,0.0
Combined_MaxSharpe,2021-10-01,SBUX,0.0
Combined_MaxSharpe,2021-10-01,SHW,0.0
Combined_MaxSharpe,2021-10-01,SLB,0.0
Combined_MaxSharpe,2021-10-01,SO,0.0
Combined_MaxSharpe,2021-10-01,T,0.0
Combined_MaxSharpe,2021-10-01,TMUS,0.0
Combined_MaxSharpe,2021-10-01,TTWO,0.0
Combined_MaxSharpe,2021-10-01,UPS,0.0
Combined_MaxSharpe,2021-10-01,USB,0.0
Combined_MaxSharpe,2021-10-01,V,0.0
Combined_MaxSharpe,2021-10-01,WFC,0.025279
Combined_MaxSharpe,2021-10-01,WMT,0.0
Combined_MaxSharpe,2021-10-01,XOM,0.0
Combined_MaxSharpe,2021-10-01,ADA-USD,0.040016
Combined_MaxSharpe,2021-10-01,BCH-USD,0.0
Combined_MaxSharpe,2021-10-01,BTC-USD,0.008887
Combined_MaxSharpe,2021-10-01,EOS-USD,0.0
Combined_MaxSharpe,2021-10-01,ETC-USD,0.013647
Combined_MaxSharpe,2021-10-01,ETH-USD,0.0
Combined_MaxSharpe,2021-10-01,LTC-USD,0.0
Combined_MaxSharpe,2021-10-01,TRX-USD,0.0
Combined_MaxSharpe,2021-10-01,XLM-USD,0.0
Combined_MaxSharpe,2021-10-01,XRP-USD,0.0
Combined_MaxSharpe,2021-11-01,ABBV,0.056197
Combined_MaxSharpe,2021-11-01,ABT,0.06385
Combined_MaxSharpe,2021-11-01,ADBE,0.0
Combined_MaxSharpe,2021-11-01,AEP,0.0
Combined_MaxSharpe,2021-11-01,AMD,0.012351
Combined_MaxSharpe,2021-11-01,AMGN,0.0
Combined_MaxSharpe,2021-11-01,AMT,0.0
Combined_MaxSharpe,2021-11-01,BA,0.0
Combined_MaxSharpe,2021-11-01,CAT,0.0
Combined_MaxSharpe,2021-11-01,CCI,0.0
Combined_MaxSharpe,2021-11-01,CMCSA,0.0
Combined_MaxSharpe,2021-11-01,COP,0.0
Combined_MaxSharpe,2021-11-01,CVX,0.0
Combined_MaxSharpe,2021-11-01,D,0.0
Combined_MaxSharpe,2021-11-01,DD,0.0
Combined_MaxSharpe,2021-11-01,DIS,0.0
Combined_MaxSharpe,2021-11-01,DOW,0.0
Combined_MaxSharpe,2021-11-01,DUK,0.0
Combined_MaxSharpe,2021-11-01,EA,0.001671
Combined_MaxSharpe,2021-11-01,GE,0.0
Combined_MaxSharpe,2021-11-01,GILD,0.0
Combined_MaxSharpe,2021-11-01,GS,0.145581
Combined_MaxSharpe,2021-11-01,INTC,0.0
Combined_MaxSharpe,2021-11-01,KO,0.0
Combined_MaxSharpe,2021-11-01,MMM,0.0
Combined_MaxSharpe,2021-11-01,MRK,0.018063
Combined_MaxSharpe,2021-11-01,MS,0.009738
Combined_MaxSharpe,2021-11-01,NEE,0.0
Combined_MaxSharpe,2021-11-01,NEM,0.0
Combined_MaxSharpe,2021-11-01,NKE,0.0
Combined_MaxSharpe,2021-11-01,NUE,0.0
Combined_MaxSharpe,2021-11-01,NVDA,0.073009
Combined_MaxSharpe,2021-11-01,O,0.0
Combined_MaxSharpe,2021-11-01,OXY,0.060349
Combined_MaxSharpe,2021-11-01,PLD,0.041923
Combined_MaxSharpe,2021-11-01,PSA,0.362591
Combined_MaxSharpe,2021-11-01,QCOM,0.0
Combined_MaxSharpe,2021-11-01,SBUX,0.0
Combined_MaxSharpe,2021-11-01,SHW,0.016784
Combined_MaxSharpe,2021-11-01,SLB,0.0
Combined_MaxSharpe,2021-11-01,SO,0.0
Combined_MaxSharpe,2021-11-01,T,0.0
Combined_MaxSharpe,2021-11-01,TMUS,0.0
Combined_MaxSharpe,2021-11-01,TTWO,0.0
Combined_MaxSharpe,2021-11-01,UPS,0.0
Combined_MaxSharpe,2021-11-01,USB,0.0
Combined_MaxSharpe,2021-11-01,V,0.0
Combined_MaxSharpe,2021-11-01,WFC,0.100841
Combined_MaxSharpe,2021-11-01,WMT,0.0
Combined_MaxSharpe,2021-11-01,XOM,0.0
Combined_MaxSharpe,2021-11-01,ADA-USD,0.033354
Combined_MaxSharpe,2021-11-01,BCH-USD,0.0
Combined_MaxSharpe,2021-11-01,BTC-USD,0.0
Combined_MaxSharpe,2021-11-01,EOS-USD,0.0
Combined_MaxSharpe,2021-11-01,ETC-USD,0.003696
Combined_MaxSharpe,2021-11-01,ETH-USD,0.0
Combined_MaxSharpe,2021-11-01,LTC-USD,0.0
Combined_MaxSharpe,2021-11-01,TRX-USD,0.0
Combined_MaxSharpe,2021-11-01,XLM-USD,0.0
Combined_MaxSharpe,2021-11-01,XRP-USD,0.0
Combined_MaxSharpe,2021-12-01,ABBV,0.0
Combined_MaxSharpe,2021-12-01,ABT,0.002474
Combined_MaxSharpe,2021-12-01,ADBE,0.0
Combined_MaxSharpe,2021-12-01,AEP,0.0
Combined_MaxSharpe,2021-12-01,AMD,0.0
Combined_MaxSharpe,2021-12-01,AMGN,0.0
Combined_MaxSharpe,2021-12-01,AMT,0.0
Combined_MaxSharpe,2021-12-01,BA,0.0
Combined_MaxSharpe,2021-12-01,CAT,0.0
Combined_MaxSharpe,2021-12-01,CCI,0.0
Combined_MaxSharpe,2021-12-01,CMCSA,0.0
Combined_MaxSharpe,2021-12-01,COP,0.04502
Combined_MaxSharpe,2021-12-01,CVX,0.0
Combined_MaxSharpe,2021-12-01,D,0.0
Combined_MaxSharpe,2021-12-01,DD,0.0
Combined_MaxSharpe,2021-12-01,DIS,0.0
Combined_MaxSharpe,2021-12-01,DOW,0.0
Combined_MaxSharpe,2021-12-01,DUK,0.0
Combined_MaxSharpe,2021-12-01,EA,0.0
Combined_MaxSharpe,2021-12-01,GE,0.0
Combined_MaxSharpe,2021-12-01,GILD,0.085343
Combined_MaxSharpe,2021-12-01,GS,0.107877
Combined_MaxSharpe,2021-12-01,INTC,0.0
Combined_MaxSharpe,2021-12-01,KO,0.0
Combined_MaxSharpe,2021-12-01,MMM,0.0
Combined_MaxSharpe,2021-12-01,MRK,0.0
Combined_MaxSharpe,2021-12-01,MS,0.0
Combined_MaxSharpe,2021-12-01,NEE,0.0
Combined_MaxSharpe,2021-12-01,NEM,0.0
Combined_MaxSharpe,2021-12-01,NKE,0.0
Combined_MaxSharpe,2021-12-01,NUE,0.038865
Combined_MaxSharpe,2021-12-01,NVDA,0.145425
Combined_MaxSharpe,2021-12-01,O,0.0
Combined_MaxSharpe,2021-12-01,OXY,0.0
Combined_MaxSharpe,2021-12-01,PLD,0.035452
Combined_MaxSharpe,2021-12-01,PSA,0.391534
Combined_MaxSharpe,2021-12-01,QCOM,0.0
Combined_MaxSharpe,2021-12-01,SBUX,0.0
Combined_MaxSharpe,2021-12-01,SHW,0.020135
Combined_MaxSharpe,2021-12-01,SLB,0.0
Combined_MaxSharpe,2021-12-01,SO,0.0
Combined_MaxSharpe,2021-12-01,T,0.0
Combined_MaxSharpe,2021-12-01,TMUS,0.0
Combined_MaxSharpe,2021-12-01,TTWO,0.0
Combined_MaxSharpe,2021-12-01,UPS,0.0
Combined_MaxSharpe,2021-12-01,USB,0.0
Combined_MaxSharpe,2021-12-01,V,0.0
Combined_MaxSharpe,2021-12-01,WFC,0.076804
Combined_MaxSharpe,2021-12-01,WMT,0.0
Combined_MaxSharpe,2021-12-01,XOM,0.024807
Combined_MaxSharpe,2021-12-01,ADA-USD,0.02343
Combined_MaxSharpe,2021-12-01,BCH-USD,0.0
Combined_MaxSharpe,2021-12-01,BTC-USD,0.0
Combined_MaxSharpe,2021-12-01,EOS-USD,0.0
Combined_MaxSharpe,2021-12-01,ETC-USD,0.002835
Combined_MaxSharpe,2021-12-01,ETH-USD,0.0
Combined_MaxSharpe,2021-12-01,LTC-USD,0.0
Combined_MaxSharpe,2021-12-01,TRX-USD,0.0
Combined_MaxSharpe,2021-12-01,XLM-USD,0.0
Combined_MaxSharpe,2021-12-01,XRP-USD,0.0
Combined_MaxSharpe,2022-01-03,ABBV,0.0
Combined_MaxSharpe,2022-01-03,ABT,0.061382
Combined_MaxSharpe,2022-01-03,ADBE,0.0
Combined_MaxSharpe,2022-01-03,AEP,0.0
Combined_MaxSharpe,2022-01-03,AMD,0.0
Combined_MaxSharpe,2022-01-03,AMGN,0.0
Combined_MaxSharpe,2022-01-03,AMT,0.0
Combined_MaxSharpe,2022-01-03,BA,0.0
Combined_MaxSharpe,2022-01-03,CAT,0.0
Combined_MaxSharpe,2022-01-03,CCI,0.0
Combined_MaxSharpe,2022-01-03,CMCSA,0.0
Combined_MaxSharpe,2022-01-03,COP,0.086211
Combined_MaxSharpe,2022-01-03,CVX,0.0
Combined_MaxSharpe,2022-01-03,D,0.0
Combined_MaxSharpe,2022-01-03,DD,0.0
Combined_MaxSharpe,2022-01-03,DIS,0.0
Combined_MaxSharpe,2022-01-03,DOW,0.0
Combined_MaxSharpe,2022-01-03,DUK,0.0
Combined_MaxSharpe,2022-01-03,EA,0.0
Combined_MaxSharpe,2022-01-03,GE,0.0
Combined_MaxSharpe,2022-01-03,GILD,0.111525
Combined_MaxSharpe,2022-01-03,GS,0.0
Combined_MaxSharpe,2022-01-03,INTC,0.0
Combined_MaxSharpe,2022-01-03,KO,0.0
Combined_MaxSharpe,2022-01-03,MMM,0.0
Combined_MaxSharpe,2022-01-03,MRK,0.0
Combined_MaxSharpe,2022-01-03,MS,0.0
Combined_MaxSharpe,2022-01-03,NEE,0.0
Combined_MaxSharpe,2022-01-03,NEM,0.0
Combined_MaxSharpe,2022-01-03,NKE,0.0
Combined_MaxSharpe,2022-01-03,NUE,0.097301
Combined_MaxSharpe,2022-01-03,NVDA,0.085878
Combined_MaxSharpe,2022-01-03,O,0.0
Combined_MaxSharpe,2022-01-03,OXY,0.0
Combined_MaxSharpe,2022-01-03,PLD,0.099038
Combined_MaxSharpe,2022-01-03,PSA,0.384711
Combined_MaxSharpe,2022-01-03,QCOM,0.0
Combined_MaxSharpe,2022-01-03,SBUX,0.0
Combined_MaxSharpe,2022-01-03,SHW,0.02551
Combined_MaxSharpe,2022-01-03,SLB,0.0
Combined_MaxSharpe,2022-01-03,SO,0.0
Combined_MaxSharpe,2022-01-03,T,0.0
Combined_MaxSharpe,2022-01-03,TMUS,0.0
Combined_MaxSharpe,2022-01-03,TTWO,0.0
Combined_MaxSharpe,2022-01-03,UPS,0.0
Combined_MaxSharpe,2022-01-03,USB,0.0
Combined_MaxSharpe,2022-01-03,V,0.0
Combined_MaxSharpe,2022-01-03,WFC,0.027545
Combined_MaxSharpe,2022-01-03,WMT,0.0
Combined_MaxSharpe,2022-01-03,XOM,0.0
Combined_MaxSharpe,2022-01-03,ADA-USD,0.012657
Combined_MaxSharpe,2022-01-03,BCH-USD,0.0
Combined_MaxSharpe,2022-01-03,BTC-USD,0.0
Combined_MaxSharpe,2022-01-03,EOS-USD,0.0
Combined_MaxSharpe,2022-01-03,ETC-USD,0.008242
Combined_MaxSharpe,2022-01-03,ETH-USD,0.0
Combined_MaxSharpe,2022-01-03,LTC-USD,0.0
Combined_MaxSharpe,2022-01-03,TRX-USD,0.0
Combined_MaxSharpe,2022-01-03,XLM-USD,0.0
Combined_MaxSharpe,2022-01-03,XRP-USD,0.0
Combined_MaxSharpe,2022-02-01,ABBV,0.114115
Combined_MaxSharpe,2022-02-01,ABT,0.0
Combined_MaxSharpe,2022-02-01,ADBE,0.0
Combined_MaxSharpe,2022-02-01,AEP,0.0
Combined_MaxSharpe,2022-02-01,AMD,0.0
Combined_MaxSharpe,2022-02-01,AMGN,0.0
Combined_MaxSharpe,2022-02-01,AMT,0.0
Combined_MaxSharpe,2022-02-01,BA,0.0
Combined_MaxSharpe,2022-02-01,CAT,0.0
Combined_MaxSharpe,2022-02-01,CCI,0.0
Combined_MaxSharpe,2022-02-01,CMCSA,0.0
Combined_MaxSharpe,2022-02-01,COP,0.169414
Combined_MaxSharpe,2022-02-01,CVX,0.0
Combined_MaxSharpe,2022-02-01,D,0.0
Combined_MaxSharpe,2022-02-01,DD,0.0
Combined_MaxSharpe,2022-02-01,DIS,0.0
Combined_MaxSharpe,2022-02-01,DOW,0.0
Combined_MaxSharpe,2022-02-01,DUK,0.0
Combined_MaxSharpe,2022-02-01,EA,0.0
Combined_MaxSharpe,2022-02-01,GE,0.0
Combined_MaxSharpe,2022-02-01,GILD,0.0
Combined_MaxSharpe,2022-02-01,GS,0.0
Combined_MaxSharpe,2022-02-01,INTC,0.0
Combined_MaxSharpe,2022-02-01,KO,0.0
Combined_MaxSharpe,2022-02-01,MMM,0.0
Combined_MaxSharpe,2022-02-01,MRK,0.0
Combined_MaxSharpe,2022-02-01,MS,0.000915
Combined_MaxSharpe,2022-02-01,NEE,0.0
Combined_MaxSharpe,2022-02-01,NEM,0.0
Combined_MaxSharpe,2022-02-01,NKE,0.0
Combined_MaxSharpe,2022-02-01,NUE,0.06742
Combined_MaxSharpe,2022-02-01,NVDA,0.056715
Combined_MaxSharpe,2022-02-01,O,0.0
Combined_MaxSharpe,2022-02-01,OXY,0.0
Combined_MaxSharpe,2022-02-01,PLD,0.06784
Combined_MaxSharpe,2022-02-01,PSA,0.414002
Combined_MaxSharpe,2022-02-01,QCOM,0.0
Combined_MaxSharpe,2022-02-01,SBUX,0.0
Combined_MaxSharpe,2022-02-01,SHW,0.0
Combined_MaxSharpe,2022-02-01,SLB,0.0
Combined_MaxSharpe,2022-02-01,SO,0.030441
Combined_MaxSharpe,2022-02-01,T,0.0
Combined_MaxSharpe,2022-02-01,TMUS,0.0
Combined_MaxSharpe,2022-02-01,TTWO,0.0
Combined_MaxSharpe,2022-02-01,UPS,0.0
Combined_MaxSharpe,2022-02-01,USB,0.0
Combined_MaxSharpe,2022-02-01,V,0.0
Combined_MaxSharpe,2022-02-01,WFC,0.061951
Combined_MaxSharpe,2022-02-01,WMT,0.0
Combined_MaxSharpe,2022-02-01,XOM,0.0
Combined_MaxSharpe,2022-02-01,ADA-USD,0.0
Combined_MaxSharpe,2022-02-01,BCH-USD,0.0
Combined_MaxSharpe,2022-02-01,BTC-USD,0.0
Combined_MaxSharpe,2022-02-01,EOS-USD,0.0
Combined_MaxSharpe,2022-02-01,ETC-USD,0.017189
Combined_MaxSharpe,2022-02-01,ETH-USD,0.0
Combined_MaxSharpe,2022-02-01,LTC-USD,0.0
Combined_MaxSharpe,2022-02-01,TRX-USD,0.0
Combined_MaxSharpe,2022-02-01,XLM-USD,0.0
Combined_MaxSharpe,2022-02-01,XRP-USD,0.0
Combined_MaxSharpe,2022-03-01,ABBV,0.180689
Combined_MaxSharpe,2022-03-01,ABT,0.0
Combined_MaxSharpe,2022-03-01,ADBE,0.0
Combined_MaxSharpe,2022-03-01,AEP,0.031089
Combined_MaxSharpe,2022-03-01,AMD,0.0
Combined_MaxSharpe,2022-03-01,AMGN,0.0
Combined_MaxSharpe,2022-03-01,AMT,0.0
Combined_MaxSharpe,2022-03-01,BA,0.0
Combined_MaxSharpe,2022-03-01,CAT,0.0
Combined_MaxSharpe,2022-03-01,CCI,0.0
Combined_MaxSharpe,2022-03-01,CMCSA,0.0
Combined_MaxSharpe,2022-03-01,COP,0.158014
Combined_MaxSharpe,2022-03-01,CVX,0.0
Combined_MaxSharpe,2022-03-01,D,0.0
Combined_MaxSharpe,2022-03-01,DD,0.0
Combined_MaxSharpe,2022-03-01,DIS,0.0
Combined_MaxSharpe,2022-03-01,DOW,0.0
Combined_MaxSharpe,2022-03-01,DUK,0.0
Combined_MaxSharpe,2022-03-01,EA,0.0
Combined_MaxSharpe,2022-03-01,GE,0.0
Combined_MaxSharpe,2022-03-01,GILD,0.0
Combined_MaxSharpe,2022-03-01,GS,0.0
Combined_MaxSharpe,2022-03-01,INTC,0.0
Combined_MaxSharpe,2022-03-01,KO,0.038529
Combined_MaxSharpe,2022-03-01,MMM,0.0
Combined_MaxSharpe,2022-03-01,MRK,0.0
Combined_MaxSharpe,2022-03-01,MS,0.0
Combined_MaxSharpe,2022-03-01,NEE,0.0
Combined_MaxSharpe,2022-03-01,NEM,0.014126
Combined_MaxSharpe,2022-03-01,NKE,0.0
Combined_MaxSharpe,2022-03-01,NUE,0.093311
Combined_MaxSharpe,2022-03-01,NVDA,0.050972
Combined_MaxSharpe,2022-03-01,O,0.0
Combined_MaxSharpe,2022-03-01,OXY,0.0
Combined_MaxSharpe,2022-03-01,PLD,0.0
Combined_MaxSharpe,2022-03-01,PSA,0.411784
Combined_MaxSharpe,2022-03-01,QCOM,0.0
Combined_MaxSharpe,2022-03-01,SBUX,0.0
Combined_MaxSharpe,2022-03-01,SHW,0.0
Combined_MaxSharpe,2022-03-01,SLB,0.0
Combined_MaxSharpe,2022-03-01,SO,0.0
Combined_MaxSharpe,2022-03-01,T,0.0
Combined_MaxSharpe,2022-03-01,TMUS,0.0
Combined_MaxSharpe,2022-03-01,TTWO,0.0
Combined_MaxSharpe,2022-03-01,UPS,0.0
Combined_MaxSharpe,2022-03-01,USB,0.0
Combined_MaxSharpe,2022-03-01,V,0.0
Combined_MaxSharpe,2022-03-01,WFC,0.0
Combined_MaxSharpe,2022-03-01,WMT,0.0
Combined_MaxSharpe,2022-03-01,XOM,0.0
Combined_MaxSharpe,2022-03-01,ADA-USD,0.0
Combined_MaxSharpe,2022-03-01,BCH-USD,0.0
Combined_MaxSharpe,2022-03-01,BTC-USD,0.0
Combined_MaxSharpe,2022-03-01,EOS-USD,0.0
Combined_MaxSharpe,2022-03-01,ETC-USD,0.021487
Combined_MaxSharpe,2022-03-01,ETH-USD,0.0
Combined_MaxSharpe,2022-03-01,LTC-USD,0.0
Combined_MaxSharpe,2022-03-01,TRX-USD,0.0
Combined_MaxSharpe,2022-03-01,XLM-USD,0.0
Combined_MaxSharpe,2022-03-01,XRP-USD,0.0
Combined_MaxSharpe,2022-04-01,ABBV,0.300629
Combined_MaxSharpe,2022-04-01,ABT,0.0
Combined_MaxSharpe,2022-04-01,ADBE,0.0
Combined_MaxSharpe,2022-04-01,AEP,0.0
Combined_MaxSharpe,2022-04-01,AMD,0.0
Combined_MaxSharpe,2022-04-01,AMGN,0.0
Combined_MaxSharpe,2022-04-01,AMT,0.0
Combined_MaxSharpe,2022-04-01,BA,0.0
Combined_MaxSharpe,2022-04-01,CAT,0.0
Combined_MaxSharpe,2022-04-01,CCI,0.0
Combined_MaxSharpe,2022-04-01,CMCSA,0.0
Combined_MaxSharpe,2022-04-01,COP,0.084378
Combined_MaxSharpe,2022-04-01,CVX,0.091789
Combined_MaxSharpe,2022-04-01,D,0.0
Combined_MaxSharpe,2022-04-01,DD,0.0
Combined_MaxSharpe,2022-04-01,DIS,0.0
Combined_MaxSharpe,2022-04-01,DOW,0.0
Combined_MaxSharpe,2022-04-01,DUK,0.0
Combined_MaxSharpe,2022-04-01,EA,0.0
Combined_MaxSharpe,2022-04-01,GE,0.0
Combined_MaxSharpe,2022-04-01,GILD,0.0
Combined_MaxSharpe,2022-04-01,GS,0.0
Combined_MaxSharpe,2022-04-01,INTC,0.0
Combined_MaxSharpe,2022-04-01,KO,0.0
Combined_MaxSharpe,2022-04-01,MMM,0.0
Combined_MaxSharpe,2022-04-01,MRK,0.0
Combined_MaxSharpe,2022-04-01,MS,0.0
Combined_MaxSharpe,2022-04-01,NEE,0.001947
Combined_MaxSharpe,2022-04-01,NEM,0.049361
Combined_MaxSharpe,2022-04-01,NKE,0.0
Combined_MaxSharpe,2022-04-01,NUE,0.031446
Combined_MaxSharpe,2022-04-01,NVDA,0.059308
Combined_MaxSharpe,2022-04-01,O,0.0
Combined_MaxSharpe,2022-04-01,OXY,0.009326
Combined_MaxSharpe,2022-04-01,PLD,0.022307
Combined_MaxSharpe,2022-04-01,PSA,0.330923
Combined_MaxSharpe,2022-04-01,QCOM,0.0
Combined_MaxSharpe,2022-04-01,SBUX,0.0
Combined_MaxSharpe,2022-04-01,SHW,0.0
Combined_MaxSharpe,2022-04-01,SLB,0.0
Combined_MaxSharpe,2022-04-01,SO,0.0
Combined_MaxSharpe,2022-04-01,T,0.0
Combined_MaxSharpe,2022-04-01,TMUS,0.0
Combined_MaxSharpe,2022-04-01,TTWO,0.0
Combined_MaxSharpe,2022-04-01,UPS,0.0
Combined_MaxSharpe,2022-04-01,USB,0.0
Combined_MaxSharpe,2022-04-01,V,0.0
Combined_MaxSharpe,2022-04-01,WFC,0.0
Combined_MaxSharpe,2022-04-01,WMT,0.0
Combined_MaxSharpe,2022-04-01,XOM,0.0
Combined_MaxSharpe,2022-04-01,ADA-USD,0.0
Combined_MaxSharpe,2022-04-01,BCH-USD,0.0
Combined_MaxSharpe,2022-04-01,BTC-USD,0.0
Combined_MaxSharpe,2022-04-01,EOS-USD,0.0
Combined_MaxSharpe,2022-04-01,ETC-USD,0.018587
Combined_MaxSharpe,2022-04-01,ETH-USD,0.0
Combined_MaxSharpe,2022-04-01,LTC-USD,0.0
Combined_MaxSharpe,2022-04-01,TRX-USD,0.0
Combined_MaxSharpe,2022-04-01,XLM-USD,0.0
Combined_MaxSharpe,2022-04-01,XRP-USD,0.0
Combined_MaxSharpe,2022-05-02,ABBV,0.197726
Combined_MaxSharpe,2022-05-02,ABT,0.0
Combined_MaxSharpe,2022-05-02,ADBE,0.0
Combined_MaxSharpe,2022-05-02,AEP,0.0
Combined_MaxSharpe,2022-05-02,AMD,0.0
Combined_MaxSharpe,2022-05-02,AMGN,0.0
Combined_MaxSharpe,2022-05-02,AMT,0.0
Combined_MaxSharpe,2022-05-02,BA,0.0
Combined_MaxSharpe,2022-05-02,CAT,0.0
Combined_MaxSharpe,2022-05-02,CCI,0.0
Combined_MaxSharpe,2022-05-02,CMCSA,0.0
Combined_MaxSharpe,2022-05-02,COP,0.174129
Combined_MaxSharpe,2022-05-02,CVX,0.084681
Combined_MaxSharpe,2022-05-02,D,0.0
Combined_MaxSharpe,2022-05-02,DD,0.0
Combined_MaxSharpe,2022-05-02,DIS,0.0
Combined_MaxSharpe,2022-05-02,DOW,0.0
Combined_MaxSharpe,2022-05-02,DUK,0.0
Combined_MaxSharpe,2022-05-02,EA,0.0
Combined_MaxSharpe,2022-05-02,GE,0.0
Combined_MaxSharpe,2022-05-02,GILD,0.0
Combined_MaxSharpe,2022-05-02,GS,0.0
Combined_MaxSharpe,2022-05-02,INTC,0.0
Combined_MaxSharpe,2022-05-02,KO,0.02272
Combined_MaxSharpe,2022-05-02,MMM,0.0
Combined_MaxSharpe,2022-05-02,MRK,0.080674
Combined_MaxSharpe,2022-05-02,MS,0.0
Combined_MaxSharpe,2022-05-02,NEE,0.0
Combined_MaxSharpe,2022-05-02,NEM,0.0
Combined_MaxSharpe,2022-05-02,NKE,0.0
Combined_MaxSharpe,2022-05-02,NUE,0.104815
Combined_MaxSharpe,2022-05-02,NVDA,0.0
Combined_MaxSharpe,2022-05-02,O,0.0
Combined_MaxSharpe,2022-05-02,OXY,0.012921
Combined_MaxSharpe,2022-05-02,PLD,0.22374
Combined_MaxSharpe,2022-05-02,PSA,0.098592
Combined_MaxSharpe,2022-05-02,QCOM,0.0
Combined_MaxSharpe,2022-05-02,SBUX,0.0
Combined_MaxSharpe,2022-05-02,SHW,0.0
Combined_MaxSharpe,2022-05-02,SLB,0.0
Combined_MaxSharpe,2022-05-02,SO,0.0
Combined_MaxSharpe,2022-05-02,T,0.0
Combined_MaxSharpe,2022-05-02,TMUS,0.0
Combined_MaxSharpe,2022-05-02,TTWO,0.0
Combined_MaxSharpe,2022-05-02,UPS,0.0
Combined_MaxSharpe,2022-05-02,USB,0.0
Combined_MaxSharpe,2022-05-02,V,0.0
Combined_MaxSharpe,2022-05-02,WFC,0.0
Combined_MaxSharpe,2022-05-02,WMT,0.0
Combined_MaxSharpe,2022-05-02,XOM,0.0
Combined_MaxSharpe,2022-05-02,ADA-USD,0.0
Combined_MaxSharpe,2022-05-02,BCH-USD,0.0
Combined_MaxSharpe,2022-05-02,BTC-USD,0.0
Combined_MaxSharpe,2022-05-02,EOS-USD,0.0
Combined_MaxSharpe,2022-05-02,ETC-USD,0.0
Combined_MaxSharpe,2022-05-02,ETH-USD,0.0
Combined_MaxSharpe,2022-05-02,LTC-USD,0.0
Combined_MaxSharpe,2022-05-02,TRX-USD,0.0
Combined_MaxSharpe,2022-05-02,XLM-USD,0.0
Combined_MaxSharpe,2022-05-02,XRP-USD,0.0
Combined_MaxSharpe,2022-06-01,ABBV,0.25414
Combined_MaxSharpe,2022-06-01,ABT,0.0
Combined_MaxSharpe,2022-06-01,ADBE,0.0
Combined_MaxSharpe,2022-06-01,AEP,0.110028
Combined_MaxSharpe,2022-06-01,AMD,0.040224
Combined_MaxSharpe,2022-06-01,AMGN,0.0
Combined_MaxSharpe,2022-06-01,AMT,0.0
Combined_MaxSharpe,2022-06-01,BA,0.0
Combined_MaxSharpe,2022-06-01,CAT,0.0
Combined_MaxSharpe,2022-06-01,CCI,0.0
Combined_MaxSharpe,2022-06-01,CMCSA,0.0
Combined_MaxSharpe,2022-06-01,COP,0.049923
Combined_MaxSharpe,2022-06-01,CVX,0.194322
Combined_MaxSharpe,2022-06-01,D,0.0
Combined_MaxSharpe,2022-06-01,DD,0.0
Combined_MaxSharpe,2022-06-01,DIS,0.0
Combined_MaxSharpe,2022-06-01,DOW,0.0
Combined_MaxSharpe,2022-06-01,DUK,0.0
Combined_MaxSharpe,2022-06-01,EA,0.0
Combined_MaxSharpe,2022-06-01,GE,0.0
Combined_MaxSharpe,2022-06-01,GILD,0.0
Combined_MaxSharpe,2022-06-01,GS,0.0
Combined_MaxSharpe,2022-06-01,INTC,0.0
Combined_MaxSharpe,2022-06-01,KO,0.0
Combined_MaxSharpe,2022-06-01,MMM,0.0
Combined_MaxSharpe,2022-06-01,MRK,0.133788
Combined_MaxSharpe,2022-06-01,MS,0.0
Combined_MaxSharpe,2022-06-01,NEE,0.0
Combined_MaxSharpe,2022-06-01,NEM,0.0
Combined_MaxSharpe,2022-06-01,NKE,0.0
Combined_MaxSharpe,2022-06-01,NUE,0.0
Combined_MaxSharpe,2022-06-01,NVDA,0.0
Combined_MaxSharpe,2022-06-01,O,0.0
Combined_MaxSharpe,2022-06-01,OXY,0.067606
Combined_MaxSharpe,2022-06-01,PLD,0.0
Combined_MaxSharpe,2022-06-01,PSA,0.0
Combined_MaxSharpe,2022-06-01,QCOM,0.0
Combined_MaxSharpe,2022-06-01,SBUX,0.0
Combined_MaxSharpe,2022-06-01,SHW,0.0
Combined_MaxSharpe,2022-06-01,SLB,0.0
Combined_MaxSharpe,2022-06-01,SO,0.149968
Combined_MaxSharpe,2022-06-01,T,0.0
Combined_MaxSharpe,2022-06-01,TMUS,0.0
Combined_MaxSharpe,2022-06-01,TTWO,0.0
Combined_MaxSharpe,2022-06-01,UPS,0.0
Combined_MaxSharpe,2022-06-01,USB,0.0
Combined_MaxSharpe,2022-06-01,V,0.0
Combined_MaxSharpe,2022-06-01,WFC,0.0
Combined_MaxSharpe,2022-06-01,WMT,0.0
Combined_MaxSharpe,2022-06-01,XOM,0.0
Combined_MaxSharpe,2022-06-01,ADA-USD,0.0
Combined_MaxSharpe,2022-06-01,BCH-USD,0.0
Combined_MaxSharpe,2022-06-01,BTC-USD,0.0
Combined_MaxSharpe,2022-06-01,EOS-USD,0.0
Combined_MaxSharpe,2022-06-01,ETC-USD,0.0
Combined_MaxSharpe,2022-06-01,ETH-USD,0.0
Combined_MaxSharpe,2022-06-01,LTC-USD,0.0
Combined_MaxSharpe,2022-06-01,TRX-USD,0.0
Combined_MaxSharpe,2022-06-01,XLM-USD,0.0
Combined_MaxSharpe,2022-06-01,XRP-USD,0.0
Combined_MaxSharpe,2022-07-01,ABBV,0.467934
Combined_MaxSharpe,2022-07-01,ABT,0.0
Combined_MaxSharpe,2022-07-01,ADBE,0.0
Combined_MaxSharpe,2022-07-01,AEP,0.0
Combined_MaxSharpe,2022-07-01,AMD,0.0
Combined_MaxSharpe,2022-07-01,AMGN,0.0
Combined_MaxSharpe,2022-07-01,AMT,0.0
Combined_MaxSharpe,2022-07-01,BA,0.0
Combined_MaxSharpe,2022-07-01,CAT,0.0
Combined_MaxSharpe,2022-07-01,CCI,0.0
Combined_MaxSharpe,2022-07-01,CMCSA,0.0
Combined_MaxSharpe,2022-07-01,COP,0.0
Combined_MaxSharpe,2022-07-01,CVX,0.114789
Combined_MaxSharpe,2022-07-01,D,0.0
Combined_MaxSharpe,2022-07-01,DD,0.0
Combined_MaxSharpe,2022-07-01,DIS,0.0
Combined_MaxSharpe,2022-07-01,DOW,0.0
Combined_MaxSharpe,2022-07-01,DUK,0.0
Combined_MaxSharpe,2022-07-01,EA,0.0
Combined_MaxSharpe,2022-07-01,GE,0.0
Combined_MaxSharpe,2022-07-01,GILD,0.0
Combined_MaxSharpe,2022-07-01,GS,0.0
Combined_MaxSharpe,2022-07-01,INTC,0.0
Combined_MaxSharpe,2022-07-01,KO,0.048942
Combined_MaxSharpe,2022-07-01,MMM,0.0
Combined_MaxSharpe,2022-07-01,MRK,0.032522
Combined_MaxSharpe,2022-07-01,MS,0.0
Combined_MaxSharpe,2022-07-01,NEE,0.0
Combined_MaxSharpe,2022-07-01,NEM,0.0
Combined_MaxSharpe,2022-07-01,NKE,0.0
Combined_MaxSharpe,2022-07-01,NUE,0.0
Combined_MaxSharpe,2022-07-01,NVDA,0.0
Combined_MaxSharpe,2022-07-01,O,0.0
Combined_MaxSharpe,2022-07-01,OXY,0.110486
Combined_MaxSharpe,2022-07-01,PLD,0.0
Combined_MaxSharpe,2022-07-01,PSA,0.0
Combined_MaxSharpe,2022-07-01,QCOM,0.0
Combined_MaxSharpe,2022-07-01,SBUX,0.0
Combined_MaxSharpe,2022-07-01,SHW,0.0
Combined_MaxSharpe,2022-07-01,SLB,0.0
Combined_MaxSharpe,2022-07-01,SO,0.225327
Combined_MaxSharpe,2022-07-01,T,0.0
Combined_MaxSharpe,2022-07-01,TMUS,0.0
Combined_MaxSharpe,2022-07-01,TTWO,0.0
Combined_MaxSharpe,2022-07-01,UPS,0.0
Combined_MaxSharpe,2022-07-01,USB,0.0
Combined_MaxSharpe,2022-07-01,V,0.0
Combined_MaxSharpe,2022-07-01,WFC,0.0
Combined_MaxSharpe,2022-07-01,WMT,0.0
Combined_MaxSharpe,2022-07-01,XOM,0.0
Combined_MaxSharpe,2022-07-01,ADA-USD,0.0
Combined_MaxSharpe,2022-07-01,BCH-USD,0.0
Combined_MaxSharpe,2022-07-01,BTC-USD,0.0
Combined_MaxSharpe,2022-07-01,EOS-USD,0.0
Combined_MaxSharpe,2022-07-01,ETC-USD,0.0
Combined_MaxSharpe,2022-07-01,ETH-USD,0.0
Combined_MaxSharpe,2022-07-01,LTC-USD,0.0
Combined_MaxSharpe,2022-07-01,TRX-USD,0.0
Combined_MaxSharpe,2022-07-01,XLM-USD,0.0
Combined_MaxSharpe,2022-07-01,XRP-USD,0.0
Combined_MaxSharpe,2022-08-01,ABBV,0.240162
Combined_MaxSharpe,2022-08-01,ABT,0.0
Combined_MaxSharpe,2022-08-01,ADBE,0.0
Combined_MaxSharpe,2022-08-01,AEP,0.0
Combined_MaxSharpe,2022-08-01,AMD,0.0
Combined_MaxSharpe,2022-08-01,AMGN,0.0
Combined_MaxSharpe,2022-08-01,AMT,0.0
Combined_MaxSharpe,2022-08-01,BA,0.0
Combined_MaxSharpe,2022-08-01,CAT,0.0
Combined_MaxSharpe,2022-08-01,CCI,0.0
Combined_MaxSharpe,2022-08-01,CMCSA,0.0
Combined_MaxSharpe,2022-08-01,COP,0.0
Combined_MaxSharpe,2022-08-01,CVX,0.210308
Combined_MaxSharpe,2022-08-01,D,0.0
Combined_MaxSharpe,2022-08-01,DD,0.0
Combined_MaxSharpe,2022-08-01,DIS,0.0
Combined_MaxSharpe,2022-08-01,DOW,0.0
Combined_MaxSharpe,2022-08-01,DUK,0.0
Combined_MaxSharpe,2022-08-01,EA,0.0
Combined_MaxSharpe,2022-08-01,GE,0.0
Combined_MaxSharpe,2022-08-01,GILD,0.0
Combined_MaxSharpe,2022-08-01,GS,0.0
Combined_MaxSharpe,2022-08-01,INTC,0.0
Combined_MaxSharpe,2022-08-01,KO,0.0
Combined_MaxSharpe,2022-08-01,MMM,0.0
Combined_MaxSharpe,2022-08-01,MRK,0.05759
Combined_MaxSharpe,2022-08-01,MS,0.0
Combined_MaxSharpe,2022-08-01,NEE,0.0
Combined_MaxSharpe,2022-08-01,NEM,0.0
Combined_MaxSharpe,2022-08-01,NKE,0.0
Combined_MaxSharpe,2022-08-01,NUE,0.022232
Combined_MaxSharpe,2022-08-01,NVDA,0.0
Combined_MaxSharpe,2022-08-01,O,0.0
Combined_MaxSharpe,2022-08-01,OXY,0.167223
Combined_MaxSharpe,2022-08-01,PLD,0.0
Combined_MaxSharpe,2022-08-01,PSA,0.0
Combined_MaxSharpe,2022-08-01,QCOM,0.0
Combined_MaxSharpe,2022-08-01,SBUX,0.0
Combined_MaxSharpe,2022-08-01,SHW,0.0
Combined_MaxSharpe,2022-08-01,SLB,0.0
Combined_MaxSharpe,2022-08-01,SO,0.302484
Combined_MaxSharpe,2022-08-01,T,0.0
Combined_MaxSharpe,2022-08-01,TMUS,0.0
Combined_MaxSharpe,2022-08-01,TTWO,0.0
Combined_MaxSharpe,2022-08-01,UPS,0.0
Combined_MaxSharpe,2022-08-01,USB,0.0
Combined_MaxSharpe,2022-08-01,V,0.0
Combined_MaxSharpe,2022-08-01,WFC,0.0
Combined_MaxSharpe,2022-08-01,WMT,0.0
Combined_MaxSharpe,2022-08-01,XOM,0.0
Combined_MaxSharpe,2022-08-01,ADA-USD,0.0
Combined_MaxSharpe,2022-08-01,BCH-USD,0.0
Combined_MaxSharpe,2022-08-01,BTC-USD,0.0
Combined_MaxSharpe,2022-08-01,EOS-USD,0.0
Combined_MaxSharpe,2022-08-01,ETC-USD,0.0
Combined_MaxSharpe,2022-08-01,ETH-USD,0.0
Combined_MaxSharpe,2022-08-01,LTC-USD,0.0
Combined_MaxSharpe,2022-08-01,TRX-USD,0.0
Combined_MaxSharpe,2022-08-01,XLM-USD,0.0
Combined_MaxSharpe,2022-08-01,XRP-USD,0.0
Combined_MaxSharpe,2022-09-01,ABBV,0.081641
Combined_MaxSharpe,2022-09-01,ABT,0.0
Combined_MaxSharpe,2022-09-01,ADBE,0.0
Combined_MaxSharpe,2022-09-01,AEP,0.0
Combined_MaxSharpe,2022-09-01,AMD,0.0
Combined_MaxSharpe,2022-09-01,AMGN,0.061914
Combined_MaxSharpe,2022-09-01,AMT,0.0
Combined_MaxSharpe,2022-09-01,BA,0.0
Combined_MaxSharpe,2022-09-01,CAT,0.0
Combined_MaxSharpe,2022-09-01,CCI,0.0
Combined_MaxSharpe,2022-09-01,CMCSA,0.0
Combined_MaxSharpe,2022-09-01,COP,0.063345
Combined_MaxSharpe,2022-09-01,CVX,0.131099
Combined_MaxSharpe,2022-09-01,D,0.0
Combined_MaxSharpe,2022-09-01,DD,0.0
Combined_MaxSharpe,2022-09-01,DIS,0.0
Combined_MaxSharpe,2022-09-01,DOW,0.0
Combined_MaxSharpe,2022-09-01,DUK,0.0
Combined_MaxSharpe,2022-09-01,EA,0.0
Combined_MaxSharpe,2022-09-01,GE,0.0
Combined_MaxSharpe,2022-09-01,GILD,0.0
Combined_MaxSharpe,2022-09-01,GS,0.0
Combined_MaxSharpe,2022-09-01,INTC,0.0
Combined_MaxSharpe,2022-09-01,KO,0.0
Combined_MaxSharpe,2022-09-01,MMM,0.0
Combined_MaxSharpe,2022-09-01,MRK,0.032637
Combined_MaxSharpe,2022-09-01,MS,0.0
Combined_MaxSharpe,2022-09-01,NEE,0.0
Combined_MaxSharpe,2022-09-01,NEM,0.0
Combined_MaxSharpe,2022-09-01,NKE,0.0
Combined_MaxSharpe,2022-09-01,NUE,0.0
Combined_MaxSharpe,2022-09-01,NVDA,0.0
Combined_MaxSharpe,2022-09-01,O,0.0
Combined_MaxSharpe,2022-09-01,OXY,0.228878
Combined_MaxSharpe,2022-09-01,PLD,0.0
Combined_MaxSharpe,2022-09-01,PSA,0.0
Combined_MaxSharpe,2022-09-01,QCOM,0.0
Combined_MaxSharpe,2022-09-01,SBUX,0.0
Combined_MaxSharpe,2022-09-01,SHW,0.0
Combined_MaxSharpe,2022-09-01,SLB,0.0
Combined_MaxSharpe,2022-09-01,SO,0.337335
Combined_MaxSharpe,2022-09-01,T,0.0
Combined_MaxSharpe,2022-09-01,TMUS,0.0
Combined_MaxSharpe,2022-09-01,TTWO,0.0
Combined_MaxSharpe,2022-09-01,UPS,0.0
Combined_MaxSharpe,2022-09-01,USB,0.0
Combined_MaxSharpe,2022-09-01,V,0.0
Combined_MaxSharpe,2022-09-01,WFC,0.0
Combined_MaxSharpe,2022-09-01,WMT,0.0
Combined_MaxSharpe,2022-09-01,XOM,0.063151
Combined_MaxSharpe,2022-09-01,ADA-USD,0.0
Combined_MaxSharpe,2022-09-01,BCH-USD,0.0
Combined_MaxSharpe,2022-09-01,BTC-USD,0.0
Combined_MaxSharpe,2022-09-01,EOS-USD,0.0
Combined_MaxSharpe,2022-09-01,ETC-USD,0.0
Combined_MaxSharpe,2022-09-01,ETH-USD,0.0
Combined_MaxSharpe,2022-09-01,LTC-USD,0.0
Combined_MaxSharpe,2022-09-01,TRX-USD,0.0
Combined_MaxSharpe,2022-09-01,XLM-USD,0.0
Combined_MaxSharpe,2022-09-01,XRP-USD,0.0
Combined_MaxSharpe,2022-10-03,ABBV,0.535261
Combined_MaxSharpe,2022-10-03,ABT,0.0
Combined_MaxSharpe,2022-10-03,ADBE,0.0
Combined_MaxSharpe,2022-10-03,AEP,0.0
Combined_MaxSharpe,2022-10-03,AMD,0.0
Combined_MaxSharpe,2022-10-03,AMGN,0.0
Combined_MaxSharpe,2022-10-03,AMT,0.0
Combined_MaxSharpe,2022-10-03,BA,0.0
Combined_MaxSharpe,2022-10-03,CAT,0.0
Combined_MaxSharpe,2022-10-03,CCI,0.0
Combined_MaxSharpe,2022-10-03,CMCSA,0.0
Combined_MaxSharpe,2022-10-03,COP,0.0
Combined_MaxSharpe,2022-10-03,CVX,0.151714
Combined_MaxSharpe,2022-10-03,D,0.0
Combined_MaxSharpe,2022-10-03,DD,0.0
Combined_MaxSharpe,2022-10-03,DIS,0.0
Combined_MaxSharpe,2022-10-03,DOW,0.0
Combined_MaxSharpe,2022-10-03,DUK,0.0
Combined_MaxSharpe,2022-10-03,EA,0.0
Combined_MaxSharpe,2022-10-03,GE,0.0
Combined_MaxSharpe,2022-10-03,GILD,0.0
Combined_MaxSharpe,2022-10-03,GS,0.0
Combined_MaxSharpe,2022-10-03,INTC,0.0
Combined_MaxSharpe,2022-10-03,KO,0.0
Combined_MaxSharpe,2022-10-03,MMM,0.0
Combined_MaxSharpe,2022-10-03,MRK,0.049842
Combined_MaxSharpe,2022-10-03,MS,0.0
Combined_MaxSharpe,2022-10-03,NEE,0.0
Combined_MaxSharpe,2022-10-03,NEM,0.0
Combined_MaxSharpe,2022-10-03,NKE,0.0
Combined_MaxSharpe,2022-10-03,NUE,0.0
Combined_MaxSharpe,2022-10-03,NVDA,0.0
Combined_MaxSharpe,2022-10-03,O,0.0
Combined_MaxSharpe,2022-10-03,OXY,0.214284
Combined_MaxSharpe,2022-10-03,PLD,0.0
Combined_MaxSharpe,2022-10-03,PSA,0.0
Combined_MaxSharpe,2022-10-03,QCOM,0.0
Combined_MaxSharpe,2022-10-03,SBUX,0.0
Combined_MaxSharpe,2022-10-03,SHW,0.0
Combined_MaxSharpe,2022-10-03,SLB,0.0
Combined_MaxSharpe,2022-10-03,SO,0.012927
Combined_MaxSharpe,2022-10-03,T,0.0
Combined_MaxSharpe,2022-10-03,TMUS,0.0
Combined_MaxSharpe,2022-10-03,TTWO,0.0
Combined_MaxSharpe,2022-10-03,UPS,0.0
Combined_MaxSharpe,2022-10-03,USB,0.0
Combined_MaxSharpe,2022-10-03,V,0.0
Combined_MaxSharpe,2022-10-03,WFC,0.0
Combined_MaxSharpe,2022-10-03,WMT,0.0
Combined_MaxSharpe,2022-10-03,XOM,0.035972
Combined_MaxSharpe,2022-10-03,ADA-USD,0.0
Combined_MaxSharpe,2022-10-03,BCH-USD,0.0
Combined_MaxSharpe,2022-10-03,BTC-USD,0.0
Combined_MaxSharpe,2022-10-03,EOS-USD,0.0
Combined_MaxSharpe,2022-10-03,ETC-USD,0.0
Combined_MaxSharpe,2022-10-03,ETH-USD,0.0
Combined_MaxSharpe,2022-10-03,LTC-USD,0.0
Combined_MaxSharpe,2022-10-03,TRX-USD,0.0
Combined_MaxSharpe,2022-10-03,XLM-USD,0.0
Combined_MaxSharpe,2022-10-03,XRP-USD,0.0
Combined_MaxSharpe,2022-11-01,ABBV,0.176862
Combined_MaxSharpe,2022-11-01,ABT,0.0
Combined_MaxSharpe,2022-11-01,ADBE,0.0
Combined_MaxSharpe,2022-11-01,AEP,0.0
Combined_MaxSharpe,2022-11-01,AMD,0.0
Combined_MaxSharpe,2022-11-01,AMGN,0.389456
Combined_MaxSharpe,2022-11-01,AMT,0.0
Combined_MaxSharpe,2022-11-01,BA,0.0
Combined_MaxSharpe,2022-11-01,CAT,0.0
Combined_MaxSharpe,2022-11-01,CCI,0.0
Combined_MaxSharpe,2022-11-01,CMCSA,0.0
Combined_MaxSharpe,2022-11-01,COP,0.0
Combined_MaxSharpe,2022-11-01,CVX,0.058522
Combined_MaxSharpe,2022-11-01,D,0.0
Combined_MaxSharpe,2022-11-01,DD,0.0
Combined_MaxSharpe,2022-11-01,DIS,0.0
Combined_MaxSharpe,2022-11-01,DOW,0.0
Combined_MaxSharpe,2022-11-01,DUK,0.0
Combined_MaxSharpe,2022-11-01,EA,0.0
Combined_MaxSharpe,2022-11-01,GE,0.0
Combined_MaxSharpe,2022-11-01,GILD,0.050731
Combined_MaxSharpe,2022-11-01,GS,0.0
Combined_MaxSharpe,2022-11-01,INTC,0.0
Combined_MaxSharpe,2022-11-01,KO,0.0
Combined_MaxSharpe,2022-11-01,MMM,0.0
Combined_MaxSharpe,2022-11-01,MRK,0.0
Combined_MaxSharpe,2022-11-01,MS,0.0
Combined_MaxSharpe,2022-11-01,NEE,0.0
Combined_MaxSharpe,2022-11-01,NEM,0.0
Combined_MaxSharpe,2022-11-01,NKE,0.0
Combined_MaxSharpe,2022-11-01,NUE,0.0
Combined_MaxSharpe,2022-11-01,NVDA,0.0
Combined_MaxSharpe,2022-11-01,O,0.0
Combined_MaxSharpe,2022-11-01,OXY,0.1029
Combined_MaxSharpe,2022-11-01,PLD,0.0
Combined_MaxSharpe,2022-11-01,PSA,0.0
Combined_MaxSharpe,2022-11-01,QCOM,0.0
Combined_MaxSharpe,2022-11-01,SBUX,0.0
Combined_MaxSharpe,2022-11-01,SHW,0.0
Combined_MaxSharpe,2022-11-01,SLB,0.0
Combined_MaxSharpe,2022-11-01,SO,0.0
Combined_MaxSharpe,2022-11-01,T,0.0
Combined_MaxSharpe,2022-11-01,TMUS,0.008798
Combined_MaxSharpe,2022-11-01,TTWO,0.0
Combined_MaxSharpe,2022-11-01,UPS,0.0
Combined_MaxSharpe,2022-11-01,USB,0.0
Combined_MaxSharpe,2022-11-01,V,0.0
Combined_MaxSharpe,2022-11-01,WFC,0.0
Combined_MaxSharpe,2022-11-01,WMT,0.0
Combined_MaxSharpe,2022-11-01,XOM,0.21273
Combined_MaxSharpe,2022-11-01,ADA-USD,0.0
Combined_MaxSharpe,2022-11-01,BCH-USD,0.0
Combined_MaxSharpe,2022-11-01,BTC-USD,0.0
Combined_MaxSharpe,2022-11-01,EOS-USD,0.0
Combined_MaxSharpe,2022-11-01,ETC-USD,0.0
Combined_MaxSharpe,2022-11-01,ETH-USD,0.0
Combined_MaxSharpe,2022-11-01,LTC-USD,0.0
Combined_MaxSharpe,2022-11-01,TRX-USD,0.0
Combined_MaxSharpe,2022-11-01,XLM-USD,0.0
Combined_MaxSharpe,2022-11-01,XRP-USD,0.0
Combined_MaxSharpe,2022-12-01,ABBV,0.062053
Combined_MaxSharpe,2022-12-01,ABT,0.0
Combined_MaxSharpe,2022-12-01,ADBE,0.0
Combined_MaxSharpe,2022-12-01,AEP,0.0
Combined_MaxSharpe,2022-12-01,AMD,0.0
Combined_MaxSharpe,2022-12-01,AMGN,0.271115
Combined_MaxSharpe,2022-12-01,AMT,0.0
Combined_MaxSharpe,2022-12-01,BA,0.0
Combined_MaxSharpe,2022-12-01,CAT,0.0
Combined_MaxSharpe,2022-12-01,CCI,0.0
Combined_MaxSharpe,2022-12-01,CMCSA,0.0
Combined_MaxSharpe,2022-12-01,COP,0.0
Combined_MaxSharpe,2022-12-01,CVX,0.0
Combined_MaxSharpe,2022-12-01,D,0.0
Combined_MaxSharpe,2022-12-01,DD,0.0
Combined_MaxSharpe,2022-12-01,DIS,0.0
Combined_MaxSharpe,2022-12-01,DOW,0.0
Combined_MaxSharpe,2022-12-01,DUK,0.0
Combined_MaxSharpe,2022-12-01,EA,0.0
Combined_MaxSharpe,2022-12-01,GE,0.0
Combined_MaxSharpe,2022-12-01,GILD,0.0
Combined_MaxSharpe,2022-12-01,GS,0.0
Combined_MaxSharpe,2022-12-01,INTC,0.0
Combined_MaxSharpe,2022-12-01,KO,0.0
Combined_MaxSharpe,2022-12-01,MMM,0.0
Combined_MaxSharpe,2022-12-01,MRK,0.388185
Combined_MaxSharpe,2022-12-01,MS,0.0
Combined_MaxSharpe,2022-12-01,NEE,0.0
Combined_MaxSharpe,2022-12-01,NEM,0.0
Combined_MaxSharpe,2022-12-01,NKE,0.0
Combined_MaxSharpe,2022-12-01,NUE,0.0
Combined_MaxSharpe,2022-12-01,NVDA,0.0
Combined_MaxSharpe,2022-12-01,O,0.0
Combined_MaxSharpe,2022-12-01,OXY,0.082542
Combined_MaxSharpe,2022-12-01,PLD,0.0
Combined_MaxSharpe,2022-12-01,PSA,0.0
Combined_MaxSharpe,2022-12-01,QCOM,0.0
Combined_MaxSharpe,2022-12-01,SBUX,0.0
Combined_MaxSharpe,2022-12-01,SHW,0.0
Combined_MaxSharpe,2022-12-01,SLB,0.0
Combined_MaxSharpe,2022-12-01,SO,0.0
Combined_MaxSharpe,2022-12-01,T,0.0
Combined_MaxSharpe,2022-12-01,TMUS,0.024672
Combined_MaxSharpe,2022-12-01,TTWO,0.0
Combined_MaxSharpe,2022-12-01,UPS,0.0
Combined_MaxSharpe,2022-12-01,USB,0.0
Combined_MaxSharpe,2022-12-01,V,0.0
Combined_MaxSharpe,2022-12-01,WFC,0.0
Combined_MaxSharpe,2022-12-01,WMT,0.0
Combined_MaxSharpe,2022-12-01,XOM,0.171433
Combined_MaxSharpe,2022-12-01,ADA-USD,0.0
Combined_MaxSharpe,2022-12-01,BCH-USD,0.0
Combined_MaxSharpe,2022-12-01,BTC-USD,0.0
Combined_MaxSharpe,2022-12-01,EOS-USD,0.0
Combined_MaxSharpe,2022-12-01,ETC-USD,0.0
Combined_MaxSharpe,2022-12-01,ETH-USD,0.0
Combined_MaxSharpe,2022-12-01,LTC-USD,0.0
Combined_MaxSharpe,2022-12-01,TRX-USD,0.0
Combined_MaxSharpe,2022-12-01,XLM-USD,0.0
Combined_MaxSharpe,2022-12-01,XRP-USD,0.0
Combined_MaxSharpe,2023-01-03,ABBV,0.0
Combined_MaxSharpe,2023-01-03,ABT,0.0
Combined_MaxSharpe,2023-01-03,ADBE,0.0
Combined_MaxSharpe,2023-01-03,AEP,0.0
Combined_MaxSharpe,2023-01-03,AMD,0.0
Combined_MaxSharpe,2023-01-03,AMGN,0.028317
Combined_MaxSharpe,2023-01-03,AMT,0.0
Combined_MaxSharpe,2023-01-03,BA,0.0
Combined_MaxSharpe,2023-01-03,CAT,0.0
Combined_MaxSharpe,2023-01-03,CCI,0.0
Combined_MaxSharpe,2023-01-03,CMCSA,0.0
Combined_MaxSharpe,2023-01-03,COP,0.0
Combined_MaxSharpe,2023-01-03,CVX,0.0
Combined_MaxSharpe,2023-01-03,D,0.0
Combined_MaxSharpe,2023-01-03,DD,0.0
Combined_MaxSharpe,2023-01-03,DIS,0.0
Combined_MaxSharpe,2023-01-03,DOW,0.0
Combined_MaxSharpe,2023-01-03,DUK,0.0
Combined_MaxSharpe,2023-01-03,EA,0.0
Combined_MaxSharpe,2023-01-03,GE,0.0
Combined_MaxSharpe,2023-01-03,GILD,0.0
Combined_MaxSharpe,2023-01-03,GS,0.0
Combined_MaxSharpe,2023-01-03,INTC,0.0
Combined_MaxSharpe,2023-01-03,KO,0.0
Combined_MaxSharpe,2023-01-03,MMM,0.0
Combined_MaxSharpe,2023-01-03,MRK,0.641641
Combined_MaxSharpe,2023-01-03,MS,0.0
Combined_MaxSharpe,2023-01-03,NEE,0.0
Combined_MaxSharpe,2023-01-03,NEM,0.0
Combined_MaxSharpe,2023-01-03,NKE,0.0
Combined_MaxSharpe,2023-01-03,NUE,0.0
Combined_MaxSharpe,2023-01-03,NVDA,0.0
Combined_MaxSharpe,2023-01-03,O,0.0
Combined_MaxSharpe,2023-01-03,OXY,0.085949
Combined_MaxSharpe,2023-01-03,PLD,0.0
Combined_MaxSharpe,2023-01-03,PSA,0.0
Combined_MaxSharpe,2023-01-03,QCOM,0.0
Combined_MaxSharpe,2023-01-03,SBUX,0.0
Combined_MaxSharpe,2023-01-03,SHW,0.0
Combined_MaxSharpe,2023-01-03,SLB,0.0
Combined_MaxSharpe,2023-01-03,SO,0.0
Combined_MaxSharpe,2023-01-03,T,0.0
Combined_MaxSharpe,2023-01-03,TMUS,0.0
Combined_MaxSharpe,2023-01-03,TTWO,0.0
Combined_MaxSharpe,2023-01-03,UPS,0.0
Combined_MaxSharpe,2023-01-03,USB,0.0
Combined_MaxSharpe,2023-01-03,V,0.0
Combined_MaxSharpe,2023-01-03,WFC,0.0
Combined_MaxSharpe,2023-01-03,WMT,0.0
Combined_MaxSharpe,2023-01-03,XOM,0.244092
Combined_MaxSharpe,2023-01-03,ADA-USD,0.0
Combined_MaxSharpe,2023-01-03,BCH-USD,0.0
Combined_MaxSharpe,2023-01-03,BTC-USD,0.0
Combined_MaxSharpe,2023-01-03,EOS-USD,0.0
Combined_MaxSharpe,2023-01-03,ETC-USD,0.0
Combined_MaxSharpe,2023-01-03,ETH-USD,0.0
Combined_MaxSharpe,2023-01-03,LTC-USD,0.0
Combined_MaxSharpe,2023-01-03,TRX-USD,0.0
Combined_MaxSharpe,2023-01-03,XLM-USD,0.0
Combined_MaxSharpe,2023-01-03,XRP-USD,0.0
Combined_MaxSharpe,2023-02-01,ABBV,0.0
Combined_MaxSharpe,2023-02-01,ABT,0.0
Combined_MaxSharpe,2023-02-01,ADBE,0.0
Combined_MaxSharpe,2023-02-01,AEP,0.0
Combined_MaxSharpe,2023-02-01,AMD,0.0
Combined_MaxSharpe,2023-02-01,AMGN,0.0
Combined_MaxSharpe,2023-02-01,AMT,0.0
Combined_MaxSharpe,2023-02-01,BA,0.0
Combined_MaxSharpe,2023-02-01,CAT,0.0
Combined_MaxSharpe,2023-02-01,CCI,0.0
Combined_MaxSharpe,2023-02-01,CMCSA,0.0
Combined_MaxSharpe,2023-02-01,COP,0.0
Combined_MaxSharpe,2023-02-01,CVX,0.0
Combined_MaxSharpe,2023-02-01,D,0.0
Combined_MaxSharpe,2023-02-01,DD,0.0
Combined_MaxSharpe,2023-02-01,DIS,0.0
Combined_MaxSharpe,2023-02-01,DOW,0.0
Combined_MaxSharpe,2023-02-01,DUK,0.0
Combined_MaxSharpe,2023-02-01,EA,0.0
Combined_MaxSharpe,2023-02-01,GE,0.0
Combined_MaxSharpe,2023-02-01,GILD,0.044725
Combined_MaxSharpe,2023-02-01,GS,0.0
Combined_MaxSharpe,2023-02-01,INTC,0.0
Combined_MaxSharpe,2023-02-01,KO,0.0
Combined_MaxSharpe,2023-02-01,MMM,0.0
Combined_MaxSharpe,2023-02-01,MRK,0.495796
Combined_MaxSharpe,2023-02-01,MS,0.0
Combined_MaxSharpe,2023-02-01,NEE,0.0
Combined_MaxSharpe,2023-02-01,NEM,0.0
Combined_MaxSharpe,2023-02-01,NKE,0.0
Combined_MaxSharpe,2023-02-01,NUE,0.113515
Combined_MaxSharpe,2023-02-01,NVDA,0.0
Combined_MaxSharpe,2023-02-01,O,0.0
Combined_MaxSharpe,2023-02-01,OXY,0.067179
Combined_MaxSharpe,2023-02-01,PLD,0.0
Combined_MaxSharpe,2023-02-01,PSA,0.0
Combined_MaxSharpe,2023-02-01,QCOM,0.0
Combined_MaxSharpe,2023-02-01,SBUX,0.0
Combined_MaxSharpe,2023-02-01,SHW,0.0
Combined_MaxSharpe,2023-02-01,SLB,0.0
Combined_MaxSharpe,2023-02-01,SO,0.0
Combined_MaxSharpe,2023-02-01,T,0.0
Combined_MaxSharpe,2023-02-01,TMUS,0.125459
Combined_MaxSharpe,2023-02-01,TTWO,0.0
Combined_MaxSharpe,2023-02-01,UPS,0.0
Combined_MaxSharpe,2023-02-01,USB,0.0
Combined_MaxSharpe,2023-02-01,V,0.0
Combined_MaxSharpe,2023-02-01,WFC,0.0
Combined_MaxSharpe,2023-02-01,WMT,0.0
Combined_MaxSharpe,2023-02-01,XOM,0.153327
Combined_MaxSharpe,2023-02-01,ADA-USD,0.0
Combined_MaxSharpe,2023-02-01,BCH-USD,0.0
Combined_MaxSharpe,2023-02-01,BTC-USD,0.0
Combined_MaxSharpe,2023-02-01,EOS-USD,0.0
Combined_MaxSharpe,2023-02-01,ETC-USD,0.0
Combined_MaxSharpe,2023-02-01,ETH-USD,0.0
Combined_MaxSharpe,2023-02-01,LTC-USD,0.0
Combined_MaxSharpe,2023-02-01,TRX-USD,0.0
Combined_MaxSharpe,2023-02-01,XLM-USD,0.0
Combined_MaxSharpe,2023-02-01,XRP-USD,0.0
Combined_MaxSharpe,2023-03-01,ABBV,0.0
Combined_MaxSharpe,2023-03-01,ABT,0.0
Combined_MaxSharpe,2023-03-01,ADBE,0.0
Combined_MaxSharpe,2023-03-01,AEP,0.0
Combined_MaxSharpe,2023-03-01,AMD,0.0
Combined_MaxSharpe,2023-03-01,AMGN,0.0
Combined_MaxSharpe,2023-03-01,AMT,0.0
Combined_MaxSharpe,2023-03-01,BA,0.0
Combined_MaxSharpe,2023-03-01,CAT,0.0
Combined_MaxSharpe,2023-03-01,CCI,0.0
Combined_MaxSharpe,2023-03-01,CMCSA,0.0
Combined_MaxSharpe,2023-03-01,COP,0.0
Combined_MaxSharpe,2023-03-01,CVX,0.0
Combined_MaxSharpe,2023-03-01,D,0.0
Combined_MaxSharpe,2023-03-01,DD,0.0
Combined_MaxSharpe,2023-03-01,DIS,0.0
Combined_MaxSharpe,2023-03-01,DOW,0.0
Combined_MaxSharpe,2023-03-01,DUK,0.0
Combined_MaxSharpe,2023-03-01,EA,0.0
Combined_MaxSharpe,2023-03-01,GE,0.0
Combined_MaxSharpe,2023-03-01,GILD,0.181212
Combined_MaxSharpe,2023-03-01,GS,0.0
Combined_MaxSharpe,2023-03-01,INTC,0.0
Combined_MaxSharpe,2023-03-01,KO,0.0
Combined_MaxSharpe,2023-03-01,MMM,0.0
Combined_MaxSharpe,2023-03-01,MRK,0.603651
Combined_MaxSharpe,2023-03-01,MS,0.0
Combined_MaxSharpe,2023-03-01,NEE,0.0
Combined_MaxSharpe,2023-03-01,NEM,0.0
Combined_MaxSharpe,2023-03-01,NKE,0.0
Combined_MaxSharpe,2023-03-01,NUE,0.023627
Combined_MaxSharpe,2023-03-01,NVDA,0.0
Combined_MaxSharpe,2023-03-01,O,0.0
Combined_MaxSharpe,2023-03-01,OXY,0.045605
Combined_MaxSharpe,2023-03-01,PLD,0.0
Combined_MaxSharpe,2023-03-01,PSA,0.0
Combined_MaxSharpe,2023-03-01,QCOM,0.0
Combined_MaxSharpe,2023-03-01,SBUX,0.0
Combined_MaxSharpe,2023-03-01,SHW,0.0
Combined_MaxSharpe,2023-03-01,SLB,0.0
Combined_MaxSharpe,2023-03-01,SO,0.0
Combined_MaxSharpe,2023-03-01,T,0.0
Combined_MaxSharpe,2023-03-01,TMUS,0.0
Combined_MaxSharpe,2023-03-01,TTWO,0.0
Combined_MaxSharpe,2023-03-01,UPS,0.0
Combined_MaxSharpe,2023-03-01,USB,0.0
Combined_MaxSharpe,2023-03-01,V,0.0
Combined_MaxSharpe,2023-03-01,WFC,0.0
Combined_MaxSharpe,2023-03-01,WMT,0.0
Combined_MaxSharpe,2023-03-01,XOM,0.145904
Combined_MaxSharpe,2023-03-01,ADA-USD,0.0
Combined_MaxSharpe,2023-03-01,BCH-USD,0.0
Combined_MaxSharpe,2023-03-01,BTC-USD,0.0
Combined_MaxSharpe,2023-03-01,EOS-USD,0.0
Combined_MaxSharpe,2023-03-01,ETC-USD,0.0
Combined_MaxSharpe,2023-03-01,ETH-USD,0.0
Combined_MaxSharpe,2023-03-01,LTC-USD,0.0
Combined_MaxSharpe,2023-03-01,TRX-USD,0.0
Combined_MaxSharpe,2023-03-01,XLM-USD,0.0
Combined_MaxSharpe,2023-03-01,XRP-USD,0.0
Combined_MaxSharpe,2023-04-03,ABBV,0.0
Combined_MaxSharpe,2023-04-03,ABT,0.0
Combined_MaxSharpe,2023-04-03,ADBE,0.0
Combined_MaxSharpe,2023-04-03,AEP,0.0
Combined_MaxSharpe,2023-04-03,AMD,0.0
Combined_MaxSharpe,2023-04-03,AMGN,0.0
Combined_MaxSharpe,2023-04-03,AMT,0.0
Combined_MaxSharpe,2023-04-03,BA,0.0
Combined_MaxSharpe,2023-04-03,CAT,0.0
Combined_MaxSharpe,2023-04-03,CCI,0.0
Combined_MaxSharpe,2023-04-03,CMCSA,0.0
Combined_MaxSharpe,2023-04-03,COP,0.0
Combined_MaxSharpe,2023-04-03,CVX,0.0
Combined_MaxSharpe,2023-04-03,D,0.0
Combined_MaxSharpe,2023-04-03,DD,0.0
Combined_MaxSharpe,2023-04-03,DIS,0.0
Combined_MaxSharpe,2023-04-03,DOW,0.0
Combined_MaxSharpe,2023-04-03,DUK,0.0
Combined_MaxSharpe,2023-04-03,EA,0.0
Combined_MaxSharpe,2023-04-03,GE,0.070071
Combined_MaxSharpe,2023-04-03,GILD,0.366167
Combined_MaxSharpe,2023-04-03,GS,0.0
Combined_MaxSharpe,2023-04-03,INTC,0.0
Combined_MaxSharpe,2023-04-03,KO,0.0
Combined_MaxSharpe,2023-04-03,MMM,0.0
Combined_MaxSharpe,2023-04-03,MRK,0.4028
Combined_MaxSharpe,2023-04-03,MS,0.0
Combined_MaxSharpe,2023-04-03,NEE,0.0
Combined_MaxSharpe,2023-04-03,NEM,0.0
Combined_MaxSharpe,2023-04-03,NKE,0.0
Combined_MaxSharpe,2023-04-03,NUE,0.0
Combined_MaxSharpe,2023-04-03,NVDA,0.0
Combined_MaxSharpe,2023-04-03,O,0.0
Combined_MaxSharpe,2023-04-03,OXY,0.0
Combined_MaxSharpe,2023-04-03,PLD,0.0
Combined_MaxSharpe,2023-04-03,PSA,0.0
Combined_MaxSharpe,2023-04-03,QCOM,0.0
Combined_MaxSharpe,2023-04-03,SBUX,0.0
Combined_MaxSharpe,2023-04-03,SHW,0.0
Combined_MaxSharpe,2023-04-03,SLB,0.0
Combined_MaxSharpe,2023-04-03,SO,0.0
Combined_MaxSharpe,2023-04-03,T,0.0
Combined_MaxSharpe,2023-04-03,TMUS,0.0
Combined_MaxSharpe,2023-04-03,TTWO,0.0
Combined_MaxSharpe,2023-04-03,UPS,0.0
Combined_MaxSharpe,2023-04-03,USB,0.0
Combined_MaxSharpe,2023-04-03,V,0.0
Combined_MaxSharpe,2023-04-03,WFC,0.0
Combined_MaxSharpe,2023-04-03,WMT,0.0
Combined_MaxSharpe,2023-04-03,XOM,0.160963
Combined_MaxSharpe,2023-04-03,ADA-USD,0.0
Combined_MaxSharpe,2023-04-03,BCH-USD,0.0
Combined_MaxSharpe,2023-04-03,BTC-USD,0.0
Combined_MaxSharpe,2023-04-03,EOS-USD,0.0
Combined_MaxSharpe,2023-04-03,ETC-USD,0.0
Combined_MaxSharpe,2023-04-03,ETH-USD,0.0
Combined_MaxSharpe,2023-04-03,LTC-USD,0.0
Combined_MaxSharpe,2023-04-03,TRX-USD,0.0
Combined_MaxSharpe,2023-04-03,XLM-USD,0.0
Combined_MaxSharpe,2023-04-03,XRP-USD,0.0
Combined_MaxSharpe,2023-05-01,ABBV,0.0
Combined_MaxSharpe,2023-05-01,ABT,0.0
Combined_MaxSharpe,2023-05-01,ADBE,0.0
Combined_MaxSharpe,2023-05-01,AEP,0.0
Combined_MaxSharpe,2023-05-01,AMD,0.0
Combined_MaxSharpe,2023-05-01,AMGN,0.0
Combined_MaxSharpe,2023-05-01,AMT,0.0
Combined_MaxSharpe,2023-05-01,BA,0.0
Combined_MaxSharpe,2023-05-01,CAT,0.0
Combined_MaxSharpe,2023-05-01,CCI,0.0
Combined_MaxSharpe,2023-05-01,CMCSA,0.0
Combined_MaxSharpe,2023-05-01,COP,0.0
Combined_MaxSharpe,2023-05-01,CVX,0.0
Combined_MaxSharpe,2023-05-01,D,0.0
Combined_MaxSharpe,2023-05-01,DD,0.0
Combined_MaxSharpe,2023-05-01,DIS,0.0
Combined_MaxSharpe,2023-05-01,DOW,0.0
Combined_MaxSharpe,2023-05-01,DUK,0.0
Combined_MaxSharpe,2023-05-01,EA,0.0
Combined_MaxSharpe,2023-05-01,GE,0.241999
Combined_MaxSharpe,2023-05-01,GILD,0.079103
Combined_MaxSharpe,2023-05-01,GS,0.0
Combined_MaxSharpe,2023-05-01,INTC,0.0
Combined_MaxSharpe,2023-05-01,KO,0.0
Combined_MaxSharpe,2023-05-01,MMM,0.0
Combined_MaxSharpe,2023-05-01,MRK,0.471207
Combined_MaxSharpe,2023-05-01,MS,0.0
Combined_MaxSharpe,2023-05-01,NEE,0.0
Combined_MaxSharpe,2023-05-01,NEM,0.0
Combined_MaxSharpe,2023-05-01,NKE,0.0
Combined_MaxSharpe,2023-05-01,NUE,0.0
Combined_MaxSharpe,2023-05-01,NVDA,0.0
Combined_MaxSharpe,2023-05-01,O,0.0
Combined_MaxSharpe,2023-05-01,OXY,0.0
Combined_MaxSharpe,2023-05-01,PLD,0.0
Combined_MaxSharpe,2023-05-01,PSA,0.0
Combined_MaxSharpe,2023-05-01,QCOM,0.0
Combined_MaxSharpe,2023-05-01,SBUX,0.14104
Combined_MaxSharpe,2023-05-01,SHW,0.0
Combined_MaxSharpe,2023-05-01,SLB,0.0
Combined_MaxSharpe,2023-05-01,SO,0.0
Combined_MaxSharpe,2023-05-01,T,0.0
Combined_MaxSharpe,2023-05-01,TMUS,0.0
Combined_MaxSharpe,2023-05-01,TTWO,0.0
Combined_MaxSharpe,2023-05-01,UPS,0.0
Combined_MaxSharpe,2023-05-01,USB,0.0
Combined_MaxSharpe,2023-05-01,V,0.0
Combined_MaxSharpe,2023-05-01,WFC,0.0
Combined_MaxSharpe,2023-05-01,WMT,0.0
Combined_MaxSharpe,2023-05-01,XOM,0.066652
Combined_MaxSharpe,2023-05-01,ADA-USD,0.0
Combined_MaxSharpe,2023-05-01,BCH-USD,0.0
Combined_MaxSharpe,2023-05-01,BTC-USD,0.0
Combined_MaxSharpe,2023-05-01,EOS-USD,0.0
Combined_MaxSharpe,2023-05-01,ETC-USD,0.0
Combined_MaxSharpe,2023-05-01,ETH-USD,0.0
Combined_MaxSharpe,2023-05-01,LTC-USD,0.0
Combined_MaxSharpe,2023-05-01,TRX-USD,0.0
Combined_MaxSharpe,2023-05-01,XLM-USD,0.0
Combined_MaxSharpe,2023-05-01,XRP-USD,0.0
Combined_MaxSharpe,2023-06-01,ABBV,0.0
Combined_MaxSharpe,2023-06-01,ABT,0.0
Combined_MaxSharpe,2023-06-01,ADBE,0.0
Combined_MaxSharpe,2023-06-01,AEP,0.0
Combined_MaxSharpe,2023-06-01,AMD,0.0
Combined_MaxSharpe,2023-06-01,AMGN,0.0
Combined_MaxSharpe,2023-06-01,AMT,0.0
Combined_MaxSharpe,2023-06-01,BA,0.049045
Combined_MaxSharpe,2023-06-01,CAT,0.0
Combined_MaxSharpe,2023-06-01,CCI,0.0
Combined_MaxSharpe,2023-06-01,CMCSA,0.0
Combined_MaxSharpe,2023-06-01,COP,0.0
Combined_MaxSharpe,2023-06-01,CVX,0.0
Combined_MaxSharpe,2023-06-01,D,0.0
Combined_MaxSharpe,2023-06-01,DD,0.0
Combined_MaxSharpe,2023-06-01,DIS,0.0
Combined_MaxSharpe,2023-06-01,DOW,0.0
Combined_MaxSharpe,2023-06-01,DUK,0.0
Combined_MaxSharpe,2023-06-01,EA,0.0
Combined_MaxSharpe,2023-06-01,GE,0.343727
Combined_MaxSharpe,2023-06-01,GILD,0.016982
Combined_MaxSharpe,2023-06-01,GS,0.0
Combined_MaxSharpe,2023-06-01,INTC,0.0
Combined_MaxSharpe,2023-06-01,KO,0.0
Combined_MaxSharpe,2023-06-01,MMM,0.0
Combined_MaxSharpe,2023-06-01,MRK,0.38468
Combined_MaxSharpe,2023-06-01,MS,0.0
Combined_MaxSharpe,2023-06-01,NEE,0.0
Combined_MaxSharpe,2023-06-01,NEM,0.0
Combined_MaxSharpe,2023-06-01,NKE,0.0
Combined_MaxSharpe,2023-06-01,NUE,0.0
Combined_MaxSharpe,2023-06-01,NVDA,0.110704
Combined_MaxSharpe,2023-06-01,O,0.0
Combined_MaxSharpe,2023-06-01,OXY,0.0
Combined_MaxSharpe,2023-06-01,PLD,0.0
Combined_MaxSharpe,2023-06-01,PSA,0.0
Combined_MaxSharpe,2023-06-01,QCOM,0.0
Combined_MaxSharpe,2023-06-01,SBUX,0.0
Combined_MaxSharpe,2023-06-01,SHW,0.0
Combined_MaxSharpe,2023-06-01,SLB,0.0
Combined_MaxSharpe,2023-06-01,SO,0.0
Combined_MaxSharpe,2023-06-01,T,0.0
Combined_MaxSharpe,2023-06-01,TMUS,0.0
Combined_MaxSharpe,2023-06-01,TTWO,0.0
Combined_MaxSharpe,2023-06-01,UPS,0.0
Combined_MaxSharpe,2023-06-01,USB,0.0
Combined_MaxSharpe,2023-06-01,V,0.0
Combined_MaxSharpe,2023-06-01,WFC,0.0
Combined_MaxSharpe,2023-06-01,WMT,0.0
Combined_MaxSharpe,2023-06-01,XOM,0.0
Combined_MaxSharpe,2023-06-01,ADA-USD,0.0
Combined_MaxSharpe,2023-06-01,BCH-USD,0.0
Combined_MaxSharpe,2023-06-01,BTC-USD,0.0
Combined_MaxSharpe,2023-06-01,EOS-USD,0.0
Combined_MaxSharpe,2023-06-01,ETC-USD,0.0
Combined_MaxSharpe,2023-06-01,ETH-USD,0.0
Combined_MaxSharpe,2023-06-01,LTC-USD,0.0
Combined_MaxSharpe,2023-06-01,TRX-USD,0.0
Combined_MaxSharpe,2023-06-01,XLM-USD,0.0
Combined_MaxSharpe,2023-06-01,XRP-USD,0.094862
Combined_MaxSharpe,2023-07-03,ABBV,0.0
Combined_MaxSharpe,2023-07-03,ABT,0.0
Combined_MaxSharpe,2023-07-03,ADBE,0.0
Combined_MaxSharpe,2023-07-03,AEP,0.0
Combined_MaxSharpe,2023-07-03,AMD,0.0
Combined_MaxSharpe,2023-07-03,AMGN,0.0
Combined_MaxSharpe,2023-07-03,AMT,0.0
Combined_MaxSharpe,2023-07-03,BA,0.0
Combined_MaxSharpe,2023-07-03,CAT,0.0
Combined_MaxSharpe,2023-07-03,CCI,0.0
Combined_MaxSharpe,2023-07-03,CMCSA,0.0
Combined_MaxSharpe,2023-07-03,COP,0.0
Combined_MaxSharpe,2023-07-03,CVX,0.0
Combined_MaxSharpe,2023-07-03,D,0.0
Combined_MaxSharpe,2023-07-03,DD,0.0
Combined_MaxSharpe,2023-07-03,DIS,0.0
Combined_MaxSharpe,2023-07-03,DOW,0.0
Combined_MaxSharpe,2023-07-03,DUK,0.0
Combined_MaxSharpe,2023-07-03,EA,0.0
Combined_MaxSharpe,2023-07-03,GE,0.450988
Combined_MaxSharpe,2023-07-03,GILD,0.0
Combined_MaxSharpe,2023-07-03,GS,0.0
Combined_MaxSharpe,2023-07-03,INTC,0.0
Combined_MaxSharpe,2023-07-03,KO,0.0
Combined_MaxSharpe,2023-07-03,MMM,0.0
Combined_MaxSharpe,2023-07-03,MRK,0.313328
Combined_MaxSharpe,2023-07-03,MS,0.0
Combined_MaxSharpe,2023-07-03,NEE,0.0
Combined_MaxSharpe,2023-07-03,NEM,0.0
Combined_MaxSharpe,2023-07-03,NKE,0.0
Combined_MaxSharpe,2023-07-03,NUE,0.0
Combined_MaxSharpe,2023-07-03,NVDA,0.096112
Combined_MaxSharpe,2023-07-03,O,0.0
Combined_MaxSharpe,2023-07-03,OXY,0.0
Combined_MaxSharpe,2023-07-03,PLD,0.0
Combined_MaxSharpe,2023-07-03,PSA,0.0
Combined_MaxSharpe,2023-07-03,QCOM,0.0
Combined_MaxSharpe,2023-07-03,SBUX,0.0
Combined_MaxSharpe,2023-07-03,SHW,0.0
Combined_MaxSharpe,2023-07-03,SLB,0.0
Combined_MaxSharpe,2023-07-03,SO,0.0
Combined_MaxSharpe,2023-07-03,T,0.0
Combined_MaxSharpe,2023-07-03,TMUS,0.0
Combined_MaxSharpe,2023-07-03,TTWO,0.0
Combined_MaxSharpe,2023-07-03,UPS,0.0
Combined_MaxSharpe,2023-07-03,USB,0.0
Combined_MaxSharpe,2023-07-03,V,0.0
Combined_MaxSharpe,2023-07-03,WFC,0.0
Combined_MaxSharpe,2023-07-03,WMT,0.062962
Combined_MaxSharpe,2023-07-03,XOM,0.0
Combined_MaxSharpe,2023-07-03,ADA-USD,0.0
Combined_MaxSharpe,2023-07-03,BCH-USD,0.055334
Combined_MaxSharpe,2023-07-03,BTC-USD,0.0
Combined_MaxSharpe,2023-07-03,EOS-USD,0.0
Combined_MaxSharpe,2023-07-03,ETC-USD,0.0
Combined_MaxSharpe,2023-07-03,ETH-USD,0.0
Combined_MaxSharpe,2023-07-03,LTC-USD,0.0
Combined_MaxSharpe,2023-07-03,TRX-USD,0.0
Combined_MaxSharpe,2023-07-03,XLM-USD,0.0
Combined_MaxSharpe,2023-07-03,XRP-USD,0.021275
Combined_MaxSharpe,2023-08-01,ABBV,0.0
Combined_MaxSharpe,2023-08-01,ABT,0.0
Combined_MaxSharpe,2023-08-01,ADBE,0.0
Combined_MaxSharpe,2023-08-01,AEP,0.0
Combined_MaxSharpe,2023-08-01,AMD,0.0
Combined_MaxSharpe,2023-08-01,AMGN,0.0
Combined_MaxSharpe,2023-08-01,AMT,0.0
Combined_MaxSharpe,2023-08-01,BA,0.0
Combined_MaxSharpe,2023-08-01,CAT,0.0
Combined_MaxSharpe,2023-08-01,CCI,0.0
Combined_MaxSharpe,2023-08-01,CMCSA,0.0
Combined_MaxSharpe,2023-08-01,COP,0.0
Combined_MaxSharpe,2023-08-01,CVX,0.0
Combined_MaxSharpe,2023-08-01,D,0.0
Combined_MaxSharpe,2023-08-01,DD,0.0
Combined_MaxSharpe,2023-08-01,DIS,0.0
Combined_MaxSharpe,2023-08-01,DOW,0.0
Combined_MaxSharpe,2023-08-01,DUK,0.0
Combined_MaxSharpe,2023-08-01,EA,0.0
Combined_MaxSharpe,2023-08-01,GE,0.434766
Combined_MaxSharpe,2023-08-01,GILD,0.034274
Combined_MaxSharpe,2023-08-01,GS,0.0
Combined_MaxSharpe,2023-08-01,INTC,0.0
Combined_MaxSharpe,2023-08-01,KO,0.0
Combined_MaxSharpe,2023-08-01,MMM,0.0
Combined_MaxSharpe,2023-08-01,MRK,0.253903
Combined_MaxSharpe,2023-08-01,MS,0.0
Combined_MaxSharpe,2023-08-01,NEE,0.0
Combined_MaxSharpe,2023-08-01,NEM,0.0
Combined_MaxSharpe,2023-08-01,NKE,0.0
Combined_MaxSharpe,2023-08-01,NUE,0.0
Combined_MaxSharpe,2023-08-01,NVDA,0.119114
Combined_MaxSharpe,2023-08-01,O,0.0
Combined_MaxSharpe,2023-08-01,OXY,0.0
Combined_MaxSharpe,2023-08-01,PLD,0.0
Combined_MaxSharpe,2023-08-01,PSA,0.0
Combined_MaxSharpe,2023-08-01,QCOM,0.0
Combined_MaxSharpe,2023-08-01,SBUX,0.0
Combined_MaxSharpe,2023-08-01,SHW,0.0
Combined_MaxSharpe,2023-08-01,SLB,0.05108
Combined_MaxSharpe,2023-08-01,SO,0.0
Combined_MaxSharpe,2023-08-01,T,0.0
Combined_MaxSharpe,2023-08-01,TMUS,0.0
Combined_MaxSharpe,2023-08-01,TTWO,0.0
Combined_MaxSharpe,2023-08-01,UPS,0.0
Combined_MaxSharpe,2023-08-01,USB,0.0
Combined_MaxSharpe,2023-08-01,V,0.0
Combined_MaxSharpe,2023-08-01,WFC,0.0
Combined_MaxSharpe,2023-08-01,WMT,0.018982
Combined_MaxSharpe,2023-08-01,XOM,0.0
Combined_MaxSharpe,2023-08-01,ADA-USD,0.0
Combined_MaxSharpe,2023-08-01,BCH-USD,0.03218
Combined_MaxSharpe,2023-08-01,BTC-USD,0.0
Combined_MaxSharpe,2023-08-01,EOS-USD,0.0
Combined_MaxSharpe,2023-08-01,ETC-USD,0.0
Combined_MaxSharpe,2023-08-01,ETH-USD,0.0
Combined_MaxSharpe,2023-08-01,LTC-USD,0.0
Combined_MaxSharpe,2023-08-01,TRX-USD,0.0
Combined_MaxSharpe,2023-08-01,XLM-USD,0.0
Combined_MaxSharpe,2023-08-01,XRP-USD,0.055701
Combined_MaxSharpe,2023-09-01,ABBV,0.0
Combined_MaxSharpe,2023-09-01,ABT,0.0
Combined_MaxSharpe,2023-09-01,ADBE,0.0
Combined_MaxSharpe,2023-09-01,AEP,0.0
Combined_MaxSharpe,2023-09-01,AMD,0.0
Combined_MaxSharpe,2023-09-01,AMGN,0.0
Combined_MaxSharpe,2023-09-01,AMT,0.0
Combined_MaxSharpe,2023-09-01,BA,0.0
Combined_MaxSharpe,2023-09-01,CAT,0.0
Combined_MaxSharpe,2023-09-01,CCI,0.0
Combined_MaxSharpe,2023-09-01,CMCSA,0.0
Combined_MaxSharpe,2023-09-01,COP,0.0
Combined_MaxSharpe,2023-09-01,CVX,0.0
Combined_MaxSharpe,2023-09-01,D,0.0
Combined_MaxSharpe,2023-09-01,DD,0.0
Combined_MaxSharpe,2023-09-01,DIS,0.0
Combined_MaxSharpe,2023-09-01,DOW,0.0
Combined_MaxSharpe,2023-09-01,DUK,0.0
Combined_MaxSharpe,2023-09-01,EA,0.0
Combined_MaxSharpe,2023-09-01,GE,0.376782
Combined_MaxSharpe,2023-09-01,GILD,0.0
Combined_MaxSharpe,2023-09-01,GS,0.0
Combined_MaxSharpe,2023-09-01,INTC,0.0
Combined_MaxSharpe,2023-09-01,KO,0.0
Combined_MaxSharpe,2023-09-01,MMM,0.0
Combined_MaxSharpe,2023-09-01,MRK,0.330272
Combined_MaxSharpe,2023-09-01,MS,0.0
Combined_MaxSharpe,2023-09-01,NEE,0.0
Combined_MaxSharpe,2023-09-01,NEM,0.0
Combined_MaxSharpe,2023-09-01,NKE,0.0
Combined_MaxSharpe,2023-09-01,NUE,0.0
Combined_MaxSharpe,2023-09-01,NVDA,0.176106
Combined_MaxSharpe,2023-09-01,O,0.0
Combined_MaxSharpe,2023-09-01,OXY,0.0
Combined_MaxSharpe,2023-09-01,PLD,0.0
Combined_MaxSharpe,2023-09-01,PSA,0.0
Combined_MaxSharpe,2023-09-01,QCOM,0.0
Combined_MaxSharpe,2023-09-01,SBUX,0.0
Combined_MaxSharpe,2023-09-01,SHW,0.0
Combined_MaxSharpe,2023-09-01,SLB,0.013719
Combined_MaxSharpe,2023-09-01,SO,0.0
Combined_MaxSharpe,2023-09-01,T,0.0
Combined_MaxSharpe,2023-09-01,TMUS,0.0
Combined_MaxSharpe,2023-09-01,TTWO,0.0
Combined_MaxSharpe,2023-09-01,UPS,0.0
Combined_MaxSharpe,2023-09-01,USB,0.0
Combined_MaxSharpe,2023-09-01,V,0.0
Combined_MaxSharpe,2023-09-01,WFC,0.0
Combined_MaxSharpe,2023-09-01,WMT,0.039224
Combined_MaxSharpe,2023-09-01,XOM,0.0
Combined_MaxSharpe,2023-09-01,ADA-USD,0.0
Combined_MaxSharpe,2023-09-01,BCH-USD,0.031309
Combined_MaxSharpe,2023-09-01,BTC-USD,0.0
Combined_MaxSharpe,2023-09-01,EOS-USD,0.0
Combined_MaxSharpe,2023-09-01,ETC-USD,0.0
Combined_MaxSharpe,2023-09-01,ETH-USD,0.0
Combined_MaxSharpe,2023-09-01,LTC-USD,0.0
Combined_MaxSharpe,2023-09-01,TRX-USD,0.0
Combined_MaxSharpe,2023-09-01,XLM-USD,0.0
Combined_MaxSharpe,2023-09-01,XRP-USD,0.032589
Combined_MaxSharpe,2023-10-02,ABBV,0.0
Combined_MaxSharpe,2023-10-02,ABT,0.0
Combined_MaxSharpe,2023-10-02,ADBE,0.0
Combined_MaxSharpe,2023-10-02,AEP,0.0
Combined_MaxSharpe,2023-10-02,AMD,0.0
Combined_MaxSharpe,2023-10-02,AMGN,0.101829
Combined_MaxSharpe,2023-10-02,AMT,0.0
Combined_MaxSharpe,2023-10-02,BA,0.0
Combined_MaxSharpe,2023-10-02,CAT,0.00891
Combined_MaxSharpe,2023-10-02,CCI,0.0
Combined_MaxSharpe,2023-10-02,CMCSA,0.0
Combined_MaxSharpe,2023-10-02,COP,0.0
Combined_MaxSharpe,2023-10-02,CVX,0.0
Combined_MaxSharpe,2023-10-02,D,0.0
Combined_MaxSharpe,2023-10-02,DD,0.0
Combined_MaxSharpe,2023-10-02,DIS,0.0
Combined_MaxSharpe,2023-10-02,DOW,0.0
Combined_MaxSharpe,2023-10-02,DUK,0.0
Combined_MaxSharpe,2023-10-02,EA,0.0
Combined_MaxSharpe,2023-10-02,GE,0.469417
Combined_MaxSharpe,2023-10-02,GILD,0.0
Combined_MaxSharpe,2023-10-02,GS,0.0
Combined_MaxSharpe,2023-10-02,INTC,0.0
Combined_MaxSharpe,2023-10-02,KO,0.0
Combined_MaxSharpe,2023-10-02,MMM,0.0
Combined_MaxSharpe,2023-10-02,MRK,0.164609
Combined_MaxSharpe,2023-10-02,MS,0.0
Combined_MaxSharpe,2023-10-02,NEE,0.0
Combined_MaxSharpe,2023-10-02,NEM,0.0
Combined_MaxSharpe,2023-10-02,NKE,0.0
Combined_MaxSharpe,2023-10-02,NUE,0.0
Combined_MaxSharpe,2023-10-02,NVDA,0.161663
Combined_MaxSharpe,2023-10-02,O,0.0
Combined_MaxSharpe,2023-10-02,OXY,0.0
Combined_MaxSharpe,2023-10-02,PLD,0.0
Combined_MaxSharpe,2023-10-02,PSA,0.0
Combined_MaxSharpe,2023-10-02,QCOM,0.0
Combined_MaxSharpe,2023-10-02,SBUX,0.0
Combined_MaxSharpe,2023-10-02,SHW,0.0
Combined_MaxSharpe,2023-10-02,SLB,0.037315
Combined_MaxSharpe,2023-10-02,SO,0.0
Combined_MaxSharpe,2023-10-02,T,0.0
Combined_MaxSharpe,2023-10-02,TMUS,0.0
Combined_MaxSharpe,2023-10-02,TTWO,0.0
Combined_MaxSharpe,2023-10-02,UPS,0.0
Combined_MaxSharpe,2023-10-02,USB,0.0
Combined_MaxSharpe,2023-10-02,V,0.0
Combined_MaxSharpe,2023-10-02,WFC,0.0
Combined_MaxSharpe,2023-10-02,WMT,0.0
Combined_MaxSharpe,2023-10-02,XOM,0.0
Combined_MaxSharpe,2023-10-02,ADA-USD,0.0
Combined_MaxSharpe,2023-10-02,BCH-USD,0.054137
Combined_MaxSharpe,2023-10-02,BTC-USD,0.0
Combined_MaxSharpe,2023-10-02,EOS-USD,0.0
Combined_MaxSharpe,2023-10-02,ETC-USD,0.0
Combined_MaxSharpe,2023-10-02,ETH-USD,0.0
Combined_MaxSharpe,2023-10-02,LTC-USD,0.0
Combined_MaxSharpe,2023-10-02,TRX-USD,0.0
Combined_MaxSharpe,2023-10-02,XLM-USD,0.0
Combined_MaxSharpe,2023-10-02,XRP-USD,0.002121
Combined_MaxSharpe,2023-11-01,ABBV,0.0
Combined_MaxSharpe,2023-11-01,ABT,0.0
Combined_MaxSharpe,2023-11-01,ADBE,0.0
Combined_MaxSharpe,2023-11-01,AEP,0.0
Combined_MaxSharpe,2023-11-01,AMD,0.0
Combined_MaxSharpe,2023-11-01,AMGN,0.0
Combined_MaxSharpe,2023-11-01,AMT,0.0
Combined_MaxSharpe,2023-11-01,BA,0.0
Combined_MaxSharpe,2023-11-01,CAT,0.0
Combined_MaxSharpe,2023-11-01,CCI,0.0
Combined_MaxSharpe,2023-11-01,CMCSA,0.0
Combined_MaxSharpe,2023-11-01,COP,0.0
Combined_MaxSharpe,2023-11-01,CVX,0.0
Combined_MaxSharpe,2023-11-01,D,0.0
Combined_MaxSharpe,2023-11-01,DD,0.0
Combined_MaxSharpe,2023-11-01,DIS,0.0
Combined_MaxSharpe,2023-11-01,DOW,0.0
Combined_MaxSharpe,2023-11-01,DUK,0.0
Combined_MaxSharpe,2023-11-01,EA,0.0
Combined_MaxSharpe,2023-11-01,GE,0.496439
Combined_MaxSharpe,2023-11-01,GILD,0.0
Combined_MaxSharpe,2023-11-01,GS,0.0
Combined_MaxSharpe,2023-11-01,INTC,0.0
Combined_MaxSharpe,2023-11-01,KO,0.0
Combined_MaxSharpe,2023-11-01,MMM,0.0
Combined_MaxSharpe,2023-11-01,MRK,0.077951
Combined_MaxSharpe,2023-11-01,MS,0.0
Combined_MaxSharpe,2023-11-01,NEE,0.0
Combined_MaxSharpe,2023-11-01,NEM,0.0
Combined_MaxSharpe,2023-11-01,NKE,0.0
Combined_MaxSharpe,2023-11-01,NUE,0.0
Combined_MaxSharpe,2023-11-01,NVDA,0.227711
Combined_MaxSharpe,2023-11-01,O,0.0
Combined_MaxSharpe,2023-11-01,OXY,0.0
Combined_MaxSharpe,2023-11-01,PLD,0.0
Combined_MaxSharpe,2023-11-01,PSA,0.0
Combined_MaxSharpe,2023-11-01,QCOM,0.0
Combined_MaxSharpe,2023-11-01,SBUX,0.0
Combined_MaxSharpe,2023-11-01,SHW,0.0
Combined_MaxSharpe,2023-11-01,SLB,0.0
Combined_MaxSharpe,2023-11-01,SO,0.0
Combined_MaxSharpe,2023-11-01,T,0.0
Combined_MaxSharpe,2023-11-01,TMUS,0.0
Combined_MaxSharpe,2023-11-01,TTWO,0.0
Combined_MaxSharpe,2023-11-01,UPS,0.0
Combined_MaxSharpe,2023-11-01,USB,0.0
Combined_MaxSharpe,2023-11-01,V,0.0
Combined_MaxSharpe,2023-11-01,WFC,0.0
Combined_MaxSharpe,2023-11-01,WMT,0.103367
Combined_MaxSharpe,2023-11-01,XOM,0.0
Combined_MaxSharpe,2023-11-01,ADA-USD,0.0
Combined_MaxSharpe,2023-11-01,BCH-USD,0.086712
Combined_MaxSharpe,2023-11-01,BTC-USD,0.0
Combined_MaxSharpe,2023-11-01,EOS-USD,0.0
Combined_MaxSharpe,2023-11-01,ETC-USD,0.0
Combined_MaxSharpe,2023-11-01,ETH-USD,0.0
Combined_MaxSharpe,2023-11-01,LTC-USD,0.0
Combined_MaxSharpe,2023-11-01,TRX-USD,0.0
Combined_MaxSharpe,2023-11-01,XLM-USD,0.0
Combined_MaxSharpe,2023-11-01,XRP-USD,0.007821
Combined_MaxSharpe,2023-12-01,ABBV,0.0
Combined_MaxSharpe,2023-12-01,ABT,0.0
Combined_MaxSharpe,2023-12-01,ADBE,0.076555
Combined_MaxSharpe,2023-12-01,AEP,0.0
Combined_MaxSharpe,2023-12-01,AMD,0.0
Combined_MaxSharpe,2023-12-01,AMGN,0.0
Combined_MaxSharpe,2023-12-01,AMT,0.0
Combined_MaxSharpe,2023-12-01,BA,0.0
Combined_MaxSharpe,2023-12-01,CAT,0.0
Combined_MaxSharpe,2023-12-01,CCI,0.0
Combined_MaxSharpe,2023-12-01,CMCSA,0.0
Combined_MaxSharpe,2023-12-01,COP,0.0
Combined_MaxSharpe,2023-12-01,CVX,0.0
Combined_MaxSharpe,2023-12-01,D,0.0
Combined_MaxSharpe,2023-12-01,DD,0.0
Combined_MaxSharpe,2023-12-01,DIS,0.0
Combined_MaxSharpe,2023-12-01,DOW,0.0
Combined_MaxSharpe,2023-12-01,DUK,0.0
Combined_MaxSharpe,2023-12-01,EA,0.0
Combined_MaxSharpe,2023-12-01,GE,0.453245
Combined_MaxSharpe,2023-12-01,GILD,0.0
Combined_MaxSharpe,2023-12-01,GS,0.0
Combined_MaxSharpe,2023-12-01,INTC,0.040354
Combined_MaxSharpe,2023-12-01,KO,0.0
Combined_MaxSharpe,2023-12-01,MMM,0.0
Combined_MaxSharpe,2023-12-01,MRK,0.0
Combined_MaxSharpe,2023-12-01,MS,0.0
Combined_MaxSharpe,2023-12-01,NEE,0.0
Combined_MaxSharpe,2023-12-01,NEM,0.0
Combined_MaxSharpe,2023-12-01,NKE,0.0
Combined_MaxSharpe,2023-12-01,NUE,0.0
Combined_MaxSharpe,2023-12-01,NVDA,0.187066
Combined_MaxSharpe,2023-12-01,O,0.0
Combined_MaxSharpe,2023-12-01,OXY,0.0
Combined_MaxSharpe,2023-12-01,PLD,0.0
Combined_MaxSharpe,2023-12-01,PSA,0.0
Combined_MaxSharpe,2023-12-01,QCOM,0.0
Combined_MaxSharpe,2023-12-01,SBUX,0.0
Combined_MaxSharpe,2023-12-01,SHW,0.0
Combined_MaxSharpe,2023-12-01,SLB,0.0
Combined_MaxSharpe,2023-12-01,SO,0.071692
Combined_MaxSharpe,2023-12-01,T,0.0
Combined_MaxSharpe,2023-12-01,TMUS,0.0
Combined_MaxSharpe,2023-12-01,TTWO,0.022992
Combined_MaxSharpe,2023-12-01,UPS,0.0
Combined_MaxSharpe,2023-12-01,USB,0.0
Combined_MaxSharpe,2023-12-01,V,0.0
Combined_MaxSharpe,2023-12-01,WFC,0.0
Combined_MaxSharpe,2023-12-01,WMT,0.0
Combined_MaxSharpe,2023-12-01,XOM,0.0
Combined_MaxSharpe,2023-12-01,ADA-USD,0.0
Combined_MaxSharpe,2023-12-01,BCH-USD,0.043948
Combined_MaxSharpe,2023-12-01,BTC-USD,0.10415
Combined_MaxSharpe,2023-12-01,EOS-USD,0.0
Combined_MaxSharpe,2023-12-01,ETC-USD,0.0
Combined_MaxSharpe,2023-12-01,ETH-USD,0.0
Combined_MaxSharpe,2023-12-01,LTC-USD,0.0
Combined_MaxSharpe,2023-12-01,TRX-USD,0.0
Combined_MaxSharpe,2023-12-01,XLM-USD,0.0
Combined_MaxSharpe,2023-12-01,XRP-USD,0.0
Combined_RiskParity,2021-01-04,ABBV,0.024132
Combined_RiskParity,2021-01-04,ABT,0.020434
Combined_RiskParity,2021-01-04,ADBE,0.016317
Combined_RiskParity,2021-01-04,AEP,0.021685
Combined_RiskParity,2021-01-04,AMD,0.014851
Combined_RiskParity,2021-01-04,AMGN,0.021342
Combined_RiskParity,2021-01-04,AMT,0.016925
Combined_RiskParity,2021-01-04,BA,0.009661
Combined_RiskParity,2021-01-04,CAT,0.016466
Combined_RiskParity,2021-01-04,CCI,0.018044
Combined_RiskParity,2021-01-04,CMCSA,0.018027
Combined_RiskParity,2021-01-04,COP,0.011117
Combined_RiskParity,2021-01-04,CVX,0.012163
Combined_RiskParity,2021-01-04,D,0.017659
Combined_RiskParity,2021-01-04,DD,0.014295
Combined_RiskParity,2021-01-04,DIS,0.01562
Combined_RiskParity,2021-01-04,DOW,0.01202
Combined_RiskParity,2021-01-04,DUK,0.017185
Combined_RiskParity,2021-01-04,EA,0.028048
Combined_RiskParity,2021-01-04,GE,0.01336
Combined_RiskParity,2021-01-04,GILD,0.033041
Combined_RiskParity,2021-01-04,GS,0.013187
Combined_RiskParity,2021-01-04,INTC,0.014449
Combined_RiskParity,2021-01-04,KO,0.020441
Combined_RiskParity,2021-01-04,MMM,0.01994
Combined_RiskParity,2021-01-04,MRK,0.024581
Combined_RiskParity,2021-01-04,MS,0.011697
Combined_RiskParity,2021-01-04,NEE,0.01729
Combined_RiskParity,2021-01-04,NEM,0.035006
Combined_RiskParity,2021-01-04,NKE,0.018316
Combined_RiskParity,2021-01-04,NUE,0.014265
Combined_RiskParity,2021-01-04,NVDA,0.013264
Combined_RiskParity,2021-01-04,O,0.014036
Combined_RiskParity,2021-01-04,OXY,0.009051
Combined_RiskParity,2021-01-04,PLD,0.015391
Combined_RiskParity,2021-01-04,PSA,0.022733
Combined_RiskParity,2021-01-04,QCOM,0.014881
Combined_RiskParity,2021-01-04,SBUX,0.015179
Combined_RiskParity,2021-01-04,SHW,0.017485
Combined_RiskParity,2021-01-04,SLB,0.010756
Combined_RiskParity,2021-01-04,SO,0.016103
Combined_RiskParity,2021-01-04,T,0.019598
Combined_RiskParity,2021-01-04,TMUS,0.019187
Combined_RiskParity,2021-01-04,TTWO,0.026281
Combined_RiskParity,2021-01-04,UPS,0.021376
Combined_RiskParity,2021-01-04,USB,0.012745
Combined_RiskParity,2021-01-04,V,0.015333
Combined_RiskParity,2021-01-04,WFC,0.012025
Combined_RiskParity,2021-01-04,WMT,0.030163
Combined_RiskParity,2021-01-04,XOM,0.014598
Combined_RiskParity,2021-01-04,ADA-USD,0.010347
Combined_RiskParity,2021-01-04,BCH-USD,0.011249
Combined_RiskParity,2021-01-04,BTC-USD,0.014741
Combined_RiskParity,2021-01-04,EOS-USD,0.011936
Combined_RiskParity,2021-01-04,ETC-USD,0.012171
Combined_RiskParity,2021-01-04,ETH-USD,0.011023
Combined_RiskParity,2021-01-04,LTC-USD,0.011613
Combined_RiskParity,2021-01-04,TRX-USD,0.012657
Combined_RiskParity,2021-01-04,XLM-USD,0.010853
Combined_RiskParity,2021-01-04,XRP-USD,0.011662
Combined_RiskParity,2021-02-01,ABBV,0.023861
Combined_RiskParity,2021-02-01,ABT,0.020611
Combined_RiskParity,2021-02-01,ADBE,0.01651
Combined_RiskParity,2021-02-01,AEP,0.021996
Combined_RiskParity,2021-02-01,AMD,0.015172
Combined_RiskParity,2021-02-01,AMGN,0.021474
Combined_RiskParity,2021-02-01,AMT,0.017178
Combined_RiskParity,2021-02-01,BA,0.009654
Combined_RiskParity,2021-02-01,CAT,0.016404
Combined_RiskParity,2021-02-01,CCI,0.018361
Combined_RiskParity,2021-02-01,CMCSA,0.017991
Combined_RiskParity,2021-02-01,COP,0.011078
Combined_RiskParity,2021-02-01,CVX,0.012147
Combined_RiskParity,2021-02-01,D,0.017974
Combined_RiskParity,2021-02-01,DD,0.014119
Combined_RiskParity,2021-02-01,DIS,0.015611
Combined_RiskParity,2021-02-01,DOW,0.012011
Combined_RiskParity,2021-02-01,DUK,0.017398
Combined_RiskParity,2021-02-01,EA,0.02897
Combined_RiskParity,2021-02-01,GE,0.013409
Combined_RiskParity,2021-02-01,GILD,0.032637
Combined_RiskParity,2021-02-01,GS,0.013244
Combined_RiskParity,2021-02-01,INTC,0.014504
Combined_RiskParity,2021-02-01,KO,0.020798
Combined_RiskParity,2021-02-01,MMM,0.020578
Combined_RiskParity,2021-02-01,MRK,0.024603
Combined_RiskParity,2021-02-01,MS,0.011718
Combined_RiskParity,2021-02-01,NEE,0.016837
Combined_RiskParity,2021-02-01,NEM,0.033912
Combined_RiskParity,2021-02-01,NKE,0.018347
Combined_RiskParity,2021-02-01,NUE,0.014318
Combined_RiskParity,2021-02-01,NVDA,0.013541
Combined_RiskParity,2021-02-01,O,0.014269
Combined_RiskParity,2021-02-01,OXY,0.009045
Combined_RiskParity,2021-02-01,PLD,0.015567
Combined_RiskParity,2021-02-01,PSA,0.023156
Combined_RiskParity,2021-02-01,QCOM,0.01489
Combined_RiskParity,2021-02-01,SBUX,0.015136
Combined_RiskParity,2021-02-01,SHW,0.017796
Combined_RiskParity,2021-02-01,SLB,0.010677
Combined_RiskParity,2021-02-01,SO,0.016122
Combined_RiskParity,2021-02-01,T,0.019874
Combined_RiskParity,2021-02-01,TMUS,0.019022
Combined_RiskParity,2021-02-01,TTWO,0.026238
Combined_RiskParity,2021-02-01,UPS,0.021596
Combined_RiskParity,2021-02-01,USB,0.012676
Combined_RiskParity,2021-02-01,V,0.015496
Combined_RiskParity,2021-02-01,WFC,0.011791
Combined_RiskParity,2021-02-01,WMT,0.030276
Combined_RiskParity,2021-02-01,XOM,0.014573
Combined_RiskParity,2021-02-01,ADA-USD,0.009852
Combined_RiskParity,2021-02-01,BCH-USD,0.011046
Combined_RiskParity,2021-02-01,BTC-USD,0.01396
Combined_RiskParity,2021-02-01,EOS-USD,0.011778
Combined_RiskParity,2021-02-01,ETC-USD,0.012187
Combined_RiskParity,2021-02-01,ETH-USD,0.010664
Combined_RiskParity,2021-02-01,LTC-USD,0.011311
Combined_RiskParity,2021-02-01,TRX-USD,0.012883
Combined_RiskParity,2021-02-01,XLM-USD,0.009635
Combined_RiskParity,2021-02-01,XRP-USD,0.011519
Combined_RiskParity,2021-03-01,ABBV,0.02434
Combined_RiskParity,2021-03-01,ABT,0.020817
Combined_RiskParity,2021-03-01,ADBE,0.016441
Combined_RiskParity,2021-03-01,AEP,0.022288
Combined_RiskParity,2021-03-01,AMD,0.01541
Combined_RiskParity,2021-03-01,AMGN,0.022116
Combined_RiskParity,2021-03-01,AMT,0.017039
Combined_RiskParity,2021-03-01,BA,0.009532
Combined_RiskParity,2021-03-01,CAT,0.016568
Combined_RiskParity,2021-03-01,CCI,0.018625
Combined_RiskParity,2021-03-01,CMCSA,0.018197
Combined_RiskParity,2021-03-01,COP,0.011135
Combined_RiskParity,2021-03-01,CVX,0.012192
Combined_RiskParity,2021-03-01,D,0.018018
Combined_RiskParity,2021-03-01,DD,0.014349
Combined_RiskParity,2021-03-01,DIS,0.015634
Combined_RiskParity,2021-03-01,DOW,0.012154
Combined_RiskParity,2021-03-01,DUK,0.01748
Combined_RiskParity,2021-03-01,EA,0.029056
Combined_RiskParity,2021-03-01,GE,0.013468
Combined_RiskParity,2021-03-01,GILD,0.031194
Combined_RiskParity,2021-03-01,GS,0.01315
Combined_RiskParity,2021-03-01,INTC,0.014576
Combined_RiskParity,2021-03-01,KO,0.020711
Combined_RiskParity,2021-03-01,MMM,0.020587
Combined_RiskParity,2021-03-01,MRK,0.024395
Combined_RiskParity,2021-03-01,MS,0.011694
Combined_RiskParity,2021-03-01,NEE,0.016811
Combined_RiskParity,2021-03-01,NEM,0.033603
Combined_RiskParity,2021-03-01,NKE,0.018548
Combined_RiskParity,2021-03-01,NUE,0.014362
Combined_RiskParity,2021-03-01,NVDA,0.013572
Combined_RiskParity,2021-03-01,O,0.014275
Combined_RiskParity,2021-03-01,OXY,0.009008
Combined_RiskParity,2021-03-01,PLD,0.015743
Combined_RiskParity,2021-03-01,PSA,0.023533
Combined_RiskParity,2021-03-01,QCOM,0.015017
Combined_RiskParity,2021-03-01,SBUX,0.015098
Combined_RiskParity,2021-03-01,SHW,0.017846
Combined_RiskParity,2021-03-01,SLB,0.010699
Combined_RiskParity,2021-03-01,SO,0.01603
Combined_RiskParity,2021-03-01,T,0.019655
Combined_RiskParity,2021-03-01,TMUS,0.019538
Combined_RiskParity,2021-03-01,TTWO,0.026254
Combined_RiskParity,2021-03-01,UPS,0.022349
Combined_RiskParity,2021-03-01,USB,0.012614
Combined_RiskParity,2021-03-01,V,0.015726
Combined_RiskParity,2021-03-01,WFC,0.011606
Combined_RiskParity,2021-03-01,WMT,0.030468
Combined_RiskParity,2021-03-01,XOM,0.014738
Combined_RiskParity,2021-03-01,ADA-USD,0.009765
Combined_RiskParity,2021-03-01,BCH-USD,0.010777
Combined_RiskParity,2021-03-01,BTC-USD,0.013378
Combined_RiskParity,2021-03-01,EOS-USD,0.011418
Combined_RiskParity,2021-03-01,ETC-USD,0.011686
Combined_RiskParity,2021-03-01,ETH-USD,0.010429
Combined_RiskParity,2021-03-01,LTC-USD,0.010965
Combined_RiskParity,2021-03-01,TRX-USD,0.012534
Combined_RiskParity,2021-03-01,XLM-USD,0.009425
Combined_RiskParity,2021-03-01,XRP-USD,0.011364
Combined_RiskParity,2021-04-01,ABBV,0.026986
Combined_RiskParity,2021-04-01,ABT,0.023421
Combined_RiskParity,2021-04-01,ADBE,0.017483
Combined_RiskParity,2021-04-01,AEP,0.021254
Combined_RiskParity,2021-04-01,AMD,0.01495
Combined_RiskParity,2021-04-01,AMGN,0.026064
Combined_RiskParity,2021-04-01,AMT,0.018212
Combined_RiskParity,2021-04-01,BA,0.00835
Combined_RiskParity,2021-04-01,CAT,0.01457
Combined_RiskParity,2021-04-01,CCI,0.020303
Combined_RiskParity,2021-04-01,CMCSA,0.016582
Combined_RiskParity,2021-04-01,COP,0.010822
Combined_RiskParity,2021-04-01,CVX,0.012019
Combined_RiskParity,2021-04-01,D,0.025027
Combined_RiskParity,2021-04-01,DD,0.013068
Combined_RiskParity,2021-04-01,DIS,0.015652
Combined_RiskParity,2021-04-01,DOW,0.010865
Combined_RiskParity,2021-04-01,DUK,0.021064
Combined_RiskParity,2021-04-01,EA,0.034674
Combined_RiskParity,2021-04-01,GE,0.013034
Combined_RiskParity,2021-04-01,GILD,0.026714
Combined_RiskParity,2021-04-01,GS,0.014164
Combined_RiskParity,2021-04-01,INTC,0.016003
Combined_RiskParity,2021-04-01,KO,0.018325
Combined_RiskParity,2021-04-01,MMM,0.021552
Combined_RiskParity,2021-04-01,MRK,0.024185
Combined_RiskParity,2021-04-01,MS,0.012447
Combined_RiskParity,2021-04-01,NEE,0.017657
Combined_RiskParity,2021-04-01,NEM,0.025338
Combined_RiskParity,2021-04-01,NKE,0.018783
Combined_RiskParity,2021-04-01,NUE,0.013422
Combined_RiskParity,2021-04-01,NVDA,0.013391
Combined_RiskParity,2021-04-01,O,0.015228
Combined_RiskParity,2021-04-01,OXY,0.006938
Combined_RiskParity,2021-04-01,PLD,0.015403
Combined_RiskParity,2021-04-01,PSA,0.028621
Combined_RiskParity,2021-04-01,QCOM,0.014146
Combined_RiskParity,2021-04-01,SBUX,0.01556
Combined_RiskParity,2021-04-01,SHW,0.01811
Combined_RiskParity,2021-04-01,SLB,0.009058
Combined_RiskParity,2021-04-01,SO,0.016854
Combined_RiskParity,2021-04-01,T,0.020582
Combined_RiskParity,2021-04-01,TMUS,0.021288
Combined_RiskParity,2021-04-01,TTWO,0.031774
Combined_RiskParity,2021-04-01,UPS,0.018237
Combined_RiskParity,2021-04-01,USB,0.011472
Combined_RiskParity,2021-04-01,V,0.01466
Combined_RiskParity,2021-04-01,WFC,0.011271
Combined_RiskParity,2021-04-01,WMT,0.039736
Combined_RiskParity,2021-04-01,XOM,0.012489
Combined_RiskParity,2021-04-01,ADA-USD,0.007958
Combined_RiskParity,2021-04-01,BCH-USD,0.008818
Combined_RiskParity,2021-04-01,BTC-USD,0.011734
Combined_RiskParity,2021-04-01,EOS-USD,0.008786
Combined_RiskParity,2021-04-01,ETC-USD,0.009902
Combined_RiskParity,2021-04-01,ETH-USD,0.008494
Combined_RiskParity,2021-04-01,LTC-USD,0.009091
Combined_RiskParity,2021-04-01,TRX-USD,0.011932
Combined_RiskParity,2021-04-01,XLM-USD,0.006702
Combined_RiskParity,2021-04-01,XRP-USD,0.008774
Combined_RiskParity,2021-05-03,ABBV,0.029028
Combined_RiskParity,2021-05-03,ABT,0.02208
Combined_RiskParity,2021-05-03,ADBE,0.01844
Combined_RiskParity,2021-05-03,AEP,0.02715
Combined_RiskParity,2021-05-03,AMD,0.014241
Combined_RiskParity,2021-05-03,AMGN,0.025512
Combined_RiskParity,2021-05-03,AMT,0.020082
Combined_RiskParity,2021-05-03,BA,0.007521
Combined_RiskParity,2021-05-03,CAT,0.014123
Combined_RiskParity,2021-05-03,CCI,0.020871
Combined_RiskParity,2021-05-03,CMCSA,0.016835
Combined_RiskParity,2021-05-03,COP,0.010115
Combined_RiskParity,2021-05-03,CVX,0.012051
Combined_RiskParity,2021-05-03,D,0.031749
Combined_RiskParity,2021-05-03,DD,0.01294
Combined_RiskParity,2021-05-03,DIS,0.01453
Combined_RiskParity,2021-05-03,DOW,0.010749
Combined_RiskParity,2021-05-03,DUK,0.025577
Combined_RiskParity,2021-05-03,EA,0.03076
Combined_RiskParity,2021-05-03,GE,0.011685
Combined_RiskParity,2021-05-03,GILD,0.027815
Combined_RiskParity,2021-05-03,GS,0.013713
Combined_RiskParity,2021-05-03,INTC,0.015785
Combined_RiskParity,2021-05-03,KO,0.019412
Combined_RiskParity,2021-05-03,MMM,0.021417
Combined_RiskParity,2021-05-03,MRK,0.028219
Combined_RiskParity,2021-05-03,MS,0.012902
Combined_RiskParity,2021-05-03,NEE,0.019114
Combined_RiskParity,2021-05-03,NEM,0.024014
Combined_RiskParity,2021-05-03,NKE,0.019194
Combined_RiskParity,2021-05-03,NUE,0.011692
Combined_RiskParity,2021-05-03,NVDA,0.01364
Combined_RiskParity,2021-05-03,O,0.016518
Combined_RiskParity,2021-05-03,OXY,0.006287
Combined_RiskParity,2021-05-03,PLD,0.016801
Combined_RiskParity,2021-05-03,PSA,0.026722
Combined_RiskParity,2021-05-03,QCOM,0.012535
Combined_RiskParity,2021-05-03,SBUX,0.0158
Combined_RiskParity,2021-05-03,SHW,0.022418
Combined_RiskParity,2021-05-03,SLB,0.008386
Combined_RiskParity,2021-05-03,SO,0.020541
Combined_RiskParity,2021-05-03,T,0.023646
Combined_RiskParity,2021-05-03,TMUS,0.017488
Combined_RiskParity,2021-05-03,TTWO,0.026791
Combined_RiskParity,2021-05-03,UPS,0.017243
Combined_RiskParity,2021-05-03,USB,0.011924
Combined_RiskParity,2021-05-03,V,0.016338
Combined_RiskParity,2021-05-03,WFC,0.010865
Combined_RiskParity,2021-05-03,WMT,0.038765
Combined_RiskParity,2021-05-03,XOM,0.01124
Combined_RiskParity,2021-05-03,ADA-USD,0.006858
Combined_RiskParity,2021-05-03,BCH-USD,0.007014
Combined_RiskParity,2021-05-03,BTC-USD,0.0103
Combined_RiskParity,2021-05-03,EOS-USD,0.007297
Combined_RiskParity,2021-05-03,ETC-USD,0.007963
Combined_RiskParity,2021-05-03,ETH-USD,0.008148
Combined_RiskParity,2021-05-03,LTC-USD,0.007474
Combined_RiskParity,2021-05-03,TRX-USD,0.00986
Combined_RiskParity,2021-05-03,XLM-USD,0.005391
Combined_RiskParity,2021-05-03,XRP-USD,0.006431
Combined_RiskParity,2021-06-01,ABBV,0.023944
Combined_RiskParity,2021-06-01,ABT,0.022444
Combined_RiskParity,2021-06-01,ADBE,0.01728
Combined_RiskParity,2021-06-01,AEP,0.030223
Combined_RiskParity,2021-06-01,AMD,0.014755
Combined_RiskParity,2021-06-01,AMGN,0.023362
Combined_RiskParity,2021-06-01,AMT,0.02073
Combined_RiskParity,2021-06-01,BA,0.007755
Combined_RiskParity,2021-06-01,CAT,0.015421
Combined_RiskParity,2021-06-01,CCI,0.022877
Combined_RiskParity,2021-06-01,CMCSA,0.016912
Combined_RiskParity,2021-06-01,COP,0.010035
Combined_RiskParity,2021-06-01,CVX,0.012168
Combined_RiskParity,2021-06-01,D,0.032502
Combined_RiskParity,2021-06-01,DD,0.013026
Combined_RiskParity,2021-06-01,DIS,0.015903
Combined_RiskParity,2021-06-01,DOW,0.011664
Combined_RiskParity,2021-06-01,DUK,0.027122
Combined_RiskParity,2021-06-01,EA,0.028908
Combined_RiskParity,2021-06-01,GE,0.013071
Combined_RiskParity,2021-06-01,GILD,0.029413
Combined_RiskParity,2021-06-01,GS,0.014353
Combined_RiskParity,2021-06-01,INTC,0.015819
Combined_RiskParity,2021-06-01,KO,0.01984
Combined_RiskParity,2021-06-01,MMM,0.023679
Combined_RiskParity,2021-06-01,MRK,0.027578
Combined_RiskParity,2021-06-01,MS,0.014049
Combined_RiskParity,2021-06-01,NEE,0.02016
Combined_RiskParity,2021-06-01,NEM,0.020894
Combined_RiskParity,2021-06-01,NKE,0.018732
Combined_RiskParity,2021-06-01,NUE,0.011283
Combined_RiskParity,2021-06-01,NVDA,0.013051
Combined_RiskParity,2021-06-01,O,0.017373
Combined_RiskParity,2021-06-01,OXY,0.006554
Combined_RiskParity,2021-06-01,PLD,0.018338
Combined_RiskParity,2021-06-01,PSA,0.032192
Combined_RiskParity,2021-06-01,QCOM,0.012849
Combined_RiskParity,2021-06-01,SBUX,0.015379
Combined_RiskParity,2021-06-01,SHW,0.021601
Combined_RiskParity,2021-06-01,SLB,0.00921
Combined_RiskParity,2021-06-01,SO,0.022913
Combined_RiskParity,2021-06-01,T,0.025407
Combined_RiskParity,2021-06-01,TMUS,0.018713
Combined_RiskParity,2021-06-01,TTWO,0.028158
Combined_RiskParity,2021-06-01,UPS,0.017598
Combined_RiskParity,2021-06-01,USB,0.013186
Combined_RiskParity,2021-06-01,V,0.016282
Combined_RiskParity,2021-06-01,WFC,0.011929
Combined_RiskParity,2021-06-01,WMT,0.035155
Combined_RiskParity,2021-06-01,XOM,0.011803
Combined_RiskParity,2021-06-01,ADA-USD,0.005175
Combined_RiskParity,2021-06-01,BCH-USD,0.004876
Combined_RiskParity,2021-06-01,BTC-USD,0.008163
Combined_RiskParity,2021-06-01,EOS-USD,0.004904
Combined_RiskParity,2021-06-01,ETC-USD,0.005001
Combined_RiskParity,2021-06-01,ETH-USD,0.006332
Combined_RiskParity,2021-06-01,LTC-USD,0.005556
Combined_RiskParity,2021-06-01,TRX-USD,0.006975
Combined_RiskParity,2021-06-01,XLM-USD,0.004306
Combined_RiskParity,2021-06-01,XRP-USD,0.005118
Combined_RiskParity,2021-07-01,ABBV,0.022888
Combined_RiskParity,2021-07-01,ABT,0.023584
Combined_RiskParity,2021-07-01,ADBE,0.01781
Combined_RiskParity,2021-07-01,AEP,0.030706
Combined_RiskParity,2021-07-01,AMD,0.01495
Combined_RiskParity,2021-07-01,AMGN,0.020994
Combined_RiskParity,2021-07-01,AMT,0.022829
Combined_RiskParity,2021-07-01,BA,0.009364
Combined_RiskParity,2021-07-01,CAT,0.016375
Combined_RiskParity,2021-07-01,CCI,0.026531
Combined_RiskParity,2021-07-01,CMCSA,0.015694
Combined_RiskParity,2021-07-01,COP,0.010079
Combined_RiskParity,2021-07-01,CVX,0.012139
Combined_RiskParity,2021-07-01,D,0.030062
Combined_RiskParity,2021-07-01,DD,0.012645
Combined_RiskParity,2021-07-01,DIS,0.016608
Combined_RiskParity,2021-07-01,DOW,0.011988
Combined_RiskParity,2021-07-01,DUK,0.02618
Combined_RiskParity,2021-07-01,EA,0.023834
Combined_RiskParity,2021-07-01,GE,0.01445
Combined_RiskParity,2021-07-01,GILD,0.026283
Combined_RiskParity,2021-07-01,GS,0.01596
Combined_RiskParity,2021-07-01,INTC,0.014519
Combined_RiskParity,2021-07-01,KO,0.020732
Combined_RiskParity,2021-07-01,MMM,0.026346
Combined_RiskParity,2021-07-01,MRK,0.029484
Combined_RiskParity,2021-07-01,MS,0.013864
Combined_RiskParity,2021-07-01,NEE,0.018585
Combined_RiskParity,2021-07-01,NEM,0.017344
Combined_RiskParity,2021-07-01,NKE,0.022059
Combined_RiskParity,2021-07-01,NUE,0.011108
Combined_RiskParity,2021-07-01,NVDA,0.012427
Combined_RiskParity,2021-07-01,O,0.019121
Combined_RiskParity,2021-07-01,OXY,0.008152
Combined_RiskParity,2021-07-01,PLD,0.019606
Combined_RiskParity,2021-07-01,PSA,0.03705
Combined_RiskParity,2021-07-01,QCOM,0.012558
Combined_RiskParity,2021-07-01,SBUX,0.017129
Combined_RiskParity,2021-07-01,SHW,0.022478
Combined_RiskParity,2021-07-01,SLB,0.009713
Combined_RiskParity,2021-07-01,SO,0.022515
Combined_RiskParity,2021-07-01,T,0.030486
Combined_RiskParity,2021-07-01,TMUS,0.017736
Combined_RiskParity,2021-07-01,TTWO,0.024353
Combined_RiskParity,2021-07-01,UPS,0.018644
Combined_RiskParity,2021-07-01,USB,0.014288
Combined_RiskParity,2021-07-01,V,0.015596
Combined_RiskParity,2021-07-01,WFC,0.013059
Combined_RiskParity,2021-07-01,WMT,0.027616
Combined_RiskParity,2021-07-01,XOM,0.012403
Combined_RiskParity,2021-07-01,ADA-USD,0.004578
Combined_RiskParity,2021-07-01,BCH-USD,0.004222
Combined_RiskParity,2021-07-01,BTC-USD,0.007007
Combined_RiskParity,2021-07-01,EOS-USD,0.004267
Combined_RiskParity,2021-07-01,ETC-USD,0.004257
Combined_RiskParity,2021-07-01,ETH-USD,0.005459
Combined_RiskParity,2021-07-01,LTC-USD,0.004693
Combined_RiskParity,2021-07-01,TRX-USD,0.006517
Combined_RiskParity,2021-07-01,XLM-USD,0.003728
Combined_RiskParity,2021-07-01,XRP-USD,0.004347
Combined_RiskParity,2021-08-02,ABBV,0.022143
Combined_RiskParity,2021-08-02,ABT,0.024579
Combined_RiskParity,2021-08-02,ADBE,0.017942
Combined_RiskParity,2021-08-02,AEP,0.030138
Combined_RiskParity,2021-08-02,AMD,0.014483
Combined_RiskParity,2021-08-02,AMGN,0.021333
Combined_RiskParity,2021-08-02,AMT,0.023625
Combined_RiskParity,2021-08-02,BA,0.009378
Combined_RiskParity,2021-08-02,CAT,0.016278
Combined_RiskParity,2021-08-02,CCI,0.028121
Combined_RiskParity,2021-08-02,CMCSA,0.015866
Combined_RiskParity,2021-08-02,COP,0.010158
Combined_RiskParity,2021-08-02,CVX,0.012348
Combined_RiskParity,2021-08-02,D,0.028887
Combined_RiskParity,2021-08-02,DD,0.012293
Combined_RiskParity,2021-08-02,DIS,0.016194
Combined_RiskParity,2021-08-02,DOW,0.012037
Combined_RiskParity,2021-08-02,DUK,0.026823
Combined_RiskParity,2021-08-02,EA,0.023659
Combined_RiskParity,2021-08-02,GE,0.01407
Combined_RiskParity,2021-08-02,GILD,0.025707
Combined_RiskParity,2021-08-02,GS,0.015664
Combined_RiskParity,2021-08-02,INTC,0.014694
Combined_RiskParity,2021-08-02,KO,0.021464
Combined_RiskParity,2021-08-02,MMM,0.02654
Combined_RiskParity,2021-08-02,MRK,0.030225
Combined_RiskParity,2021-08-02,MS,0.013547
Combined_RiskParity,2021-08-02,NEE,0.019356
Combined_RiskParity,2021-08-02,NEM,0.017258
Combined_RiskParity,2021-08-02,NKE,0.02262
Combined_RiskParity,2021-08-02,NUE,0.010738
Combined_RiskParity,2021-08-02,NVDA,0.012322
Combined_RiskParity,2021-08-02,O,0.019905
Combined_RiskParity,2021-08-02,OXY,0.008296
Combined_RiskParity,2021-08-02,PLD,0.019812
Combined_RiskParity,2021-08-02,PSA,0.036584
Combined_RiskParity,2021-08-02,QCOM,0.011753
Combined_RiskParity,2021-08-02,SBUX,0.017273
Combined_RiskParity,2021-08-02,SHW,0.023805
Combined_RiskParity,2021-08-02,SLB,0.009703
Combined_RiskParity,2021-08-02,SO,0.023157
Combined_RiskParity,2021-08-02,T,0.030043
Combined_RiskParity,2021-08-02,TMUS,0.017643
Combined_RiskParity,2021-08-02,TTWO,0.024917
Combined_RiskParity,2021-08-02,UPS,0.018384
Combined_RiskParity,2021-08-02,USB,0.013674
Combined_RiskParity,2021-08-02,V,0.015644
Combined_RiskParity,2021-08-02,WFC,0.012565
Combined_RiskParity,2021-08-02,WMT,0.026057
Combined_RiskParity,2021-08-02,XOM,0.012371
Combined_RiskParity,2021-08-02,ADA-USD,0.004451
Combined_RiskParity,2021-08-02,BCH-USD,0.00415
Combined_RiskParity,2021-08-02,BTC-USD,0.006875
Combined_RiskParity,2021-08-02,EOS-USD,0.004116
Combined_RiskParity,2021-08-02,ETC-USD,0.004153
Combined_RiskParity,2021-08-02,ETH-USD,0.005236
Combined_RiskParity,2021-08-02,LTC-USD,0.004603
Combined_RiskParity,2021-08-02,TRX-USD,0.006421
Combined_RiskParity,2021-08-02,XLM-USD,0.00363
Combined_RiskParity,2021-08-02,XRP-USD,0.004286
Combined_RiskParity,2021-09-01,ABBV,0.021607
Combined_RiskParity,2021-09-01,ABT,0.024589
Combined_RiskParity,2021-09-01,ADBE,0.017159
Combined_RiskParity,2021-09-01,AEP,0.031159
Combined_RiskParity,2021-09-01,AMD,0.015018
Combined_RiskParity,2021-09-01,AMGN,0.019919
Combined_RiskParity,2021-09-01,AMT,0.024329
Combined_RiskParity,2021-09-01,BA,0.009193
Combined_RiskParity,2021-09-01,CAT,0.015629
Combined_RiskParity,2021-09-01,CCI,0.029115
Combined_RiskParity,2021-09-01,CMCSA,0.015523
Combined_RiskParity,2021-09-01,COP,0.010181
Combined_RiskParity,2021-09-01,CVX,0.012358
Combined_RiskParity,2021-09-01,D,0.029243
Combined_RiskParity,2021-09-01,DD,0.012524
Combined_RiskParity,2021-09-01,DIS,0.015915
Combined_RiskParity,2021-09-01,DOW,0.012138
Combined_RiskParity,2021-09-01,DUK,0.027157
Combined_RiskParity,2021-09-01,EA,0.02447
Combined_RiskParity,2021-09-01,GE,0.014297
Combined_RiskParity,2021-09-01,GILD,0.025607
Combined_RiskParity,2021-09-01,GS,0.015212
Combined_RiskParity,2021-09-01,INTC,0.014677
Combined_RiskParity,2021-09-01,KO,0.021711
Combined_RiskParity,2021-09-01,MMM,0.025991
Combined_RiskParity,2021-09-01,MRK,0.029174
Combined_RiskParity,2021-09-01,MS,0.01304
Combined_RiskParity,2021-09-01,NEE,0.019918
Combined_RiskParity,2021-09-01,NEM,0.017518
Combined_RiskParity,2021-09-01,NKE,0.021737
Combined_RiskParity,2021-09-01,NUE,0.010659
Combined_RiskParity,2021-09-01,NVDA,0.012222
Combined_RiskParity,2021-09-01,O,0.020629
Combined_RiskParity,2021-09-01,OXY,0.008284
Combined_RiskParity,2021-09-01,PLD,0.02001
Combined_RiskParity,2021-09-01,PSA,0.038293
Combined_RiskParity,2021-09-01,QCOM,0.011531
Combined_RiskParity,2021-09-01,SBUX,0.016777
Combined_RiskParity,2021-09-01,SHW,0.023334
Combined_RiskParity,2021-09-01,SLB,0.009682
Combined_RiskParity,2021-09-01,SO,0.023512
Combined_RiskParity,2021-09-01,T,0.029251
Combined_RiskParity,2021-09-01,TMUS,0.017797
Combined_RiskParity,2021-09-01,TTWO,0.026343
Combined_RiskParity,2021-09-01,UPS,0.018872
Combined_RiskParity,2021-09-01,USB,0.013169
Combined_RiskParity,2021-09-01,V,0.015315
Combined_RiskParity,2021-09-01,WFC,0.012138
Combined_RiskParity,2021-09-01,WMT,0.026878
Combined_RiskParity,2021-09-01,XOM,0.012281
Combined_RiskParity,2021-09-01,ADA-USD,0.004269
Combined_RiskParity,2021-09-01,BCH-USD,0.004064
Combined_RiskParity,2021-09-01,BTC-USD,0.006754
Combined_RiskParity,2021-09-01,EOS-USD,0.004027
Combined_RiskParity,2021-09-01,ETC-USD,0.004076
Combined_RiskParity,2021-09-01,ETH-USD,0.005215
Combined_RiskParity,2021-09-01,LTC-USD,0.004532
Combined_RiskParity,2021-09-01,TRX-USD,0.006381
Combined_RiskParity,2021-09-01,XLM-USD,0.003552
Combined_RiskParity,2021-09-01,XRP-USD,0.004047
Combined_RiskParity,2021-10-01,ABBV,0.020654
Combined_RiskParity,2021-10-01,ABT,0.026283
Combined_RiskParity,2021-10-01,ADBE,0.018426
Combined_RiskParity,2021-10-01,AEP,0.028841
Combined_RiskParity,2021-10-01,AMD,0.015563
Combined_RiskParity,2021-10-01,AMGN,0.021052
Combined_RiskParity,2021-10-01,AMT,0.025563
Combined_RiskParity,2021-10-01,BA,0.009361
Combined_RiskParity,2021-10-01,CAT,0.014679
Combined_RiskParity,2021-10-01,CCI,0.033399
Combined_RiskParity,2021-10-01,CMCSA,0.014346
Combined_RiskParity,2021-10-01,COP,0.010116
Combined_RiskParity,2021-10-01,CVX,0.01214
Combined_RiskParity,2021-10-01,D,0.027941
Combined_RiskParity,2021-10-01,DD,0.013145
Combined_RiskParity,2021-10-01,DIS,0.014705
Combined_RiskParity,2021-10-01,DOW,0.011969
Combined_RiskParity,2021-10-01,DUK,0.027646
Combined_RiskParity,2021-10-01,EA,0.028098
Combined_RiskParity,2021-10-01,GE,0.015076
Combined_RiskParity,2021-10-01,GILD,0.025303
Combined_RiskParity,2021-10-01,GS,0.014474
Combined_RiskParity,2021-10-01,INTC,0.01483
Combined_RiskParity,2021-10-01,KO,0.022018
Combined_RiskParity,2021-10-01,MMM,0.026251
Combined_RiskParity,2021-10-01,MRK,0.030501
Combined_RiskParity,2021-10-01,MS,0.012871
Combined_RiskParity,2021-10-01,NEE,0.019461
Combined_RiskParity,2021-10-01,NEM,0.01838
Combined_RiskParity,2021-10-01,NKE,0.017502
Combined_RiskParity,2021-10-01,NUE,0.010103
Combined_RiskParity,2021-10-01,NVDA,0.013758
Combined_RiskParity,2021-10-01,O,0.020141
Combined_RiskParity,2021-10-01,OXY,0.007859
Combined_RiskParity,2021-10-01,PLD,0.021885
Combined_RiskParity,2021-10-01,PSA,0.038618
Combined_RiskParity,2021-10-01,QCOM,0.011897
Combined_RiskParity,2021-10-01,SBUX,0.016796
Combined_RiskParity,2021-10-01,SHW,0.0243
Combined_RiskParity,2021-10-01,SLB,0.009488
Combined_RiskParity,2021-10-01,SO,0.022124
Combined_RiskParity,2021-10-01,T,0.027318
Combined_RiskParity,2021-10-01,TMUS,0.017919
Combined_RiskParity,2021-10-01,TTWO,0.026778
Combined_RiskParity,2021-10-01,UPS,0.019158
Combined_RiskParity,2021-10-01,USB,0.013497
Combined_RiskParity,2021-10-01,V,0.015931
Combined_RiskParity,2021-10-01,WFC,0.011889
Combined_RiskParity,2021-10-01,WMT,0.027437
Combined_RiskParity,2021-10-01,XOM,0.01134
Combined_RiskParity,2021-10-01,ADA-USD,0.004033
Combined_RiskParity,2021-10-01,BCH-USD,0.003737
Combined_RiskParity,2021-10-01,BTC-USD,0.006039
Combined_RiskParity,2021-10-01,EOS-USD,0.003575
Combined_RiskParity,2021-10-01,ETC-USD,0.00353
Combined_RiskParity,2021-10-01,ETH-USD,0.004698
Combined_RiskParity,2021-10-01,LTC-USD,0.004113
Combined_RiskParity,2021-10-01,TRX-USD,0.004639
Combined_RiskParity,2021-10-01,XLM-USD,0.003223
Combined_RiskParity,2021-10-01,XRP-USD,0.003581
Combined_RiskParity,2021-11-01,ABBV,0.021894
Combined_RiskParity,2021-11-01,ABT,0.028017
Combined_RiskParity,2021-11-01,ADBE,0.019691
Combined_RiskParity,2021-11-01,AEP,0.028356
Combined_RiskParity,2021-11-01,AMD,0.016541
Combined_RiskParity,2021-11-01,AMGN,0.021115
Combined_RiskParity,2021-11-01,AMT,0.025183
Combined_RiskParity,2021-11-01,BA,0.010032
Combined_RiskParity,2021-11-01,CAT,0.014766
Combined_RiskParity,2021-11-01,CCI,0.030762
Combined_RiskParity,2021-11-01,CMCSA,0.014181
Combined_RiskParity,2021-11-01,COP,0.010952
Combined_RiskParity,2021-11-01,CVX,0.012297
Combined_RiskParity,2021-11-01,D,0.026805
Combined_RiskParity,2021-11-01,DD,0.012639
Combined_RiskParity,2021-11-01,DIS,0.014571
Combined_RiskParity,2021-11-01,DOW,0.011271
Combined_RiskParity,2021-11-01,DUK,0.027996
Combined_RiskParity,2021-11-01,EA,0.028435
Combined_RiskParity,2021-11-01,GE,0.013681
Combined_RiskParity,2021-11-01,GILD,0.02707
Combined_RiskParity,2021-11-01,GS,0.01472
Combined_RiskParity,2021-11-01,INTC,0.014881
Combined_RiskParity,2021-11-01,KO,0.024475
Combined_RiskParity,2021-11-01,MMM,0.026247
Combined_RiskParity,2021-11-01,MRK,0.026883
Combined_RiskParity,2021-11-01,MS,0.012971
Combined_RiskParity,2021-11-01,NEE,0.01864
Combined_RiskParity,2021-11-01,NEM,0.020151
Combined_RiskParity,2021-11-01,NKE,0.017685
Combined_RiskParity,2021-11-01,NUE,0.010069
Combined_RiskParity,2021-11-01,NVDA,0.014212
Combined_RiskParity,2021-11-01,O,0.019817
Combined_RiskParity,2021-11-01,OXY,0.008152
Combined_RiskParity,2021-11-01,PLD,0.02219
Combined_RiskParity,2021-11-01,PSA,0.038784
Combined_RiskParity,2021-11-01,QCOM,0.01182
Combined_RiskParity,2021-11-01,SBUX,0.017169
Combined_RiskParity,2021-11-01,SHW,0.022824
Combined_RiskParity,2021-11-01,SLB,0.009294
Combined_RiskParity,2021-11-01,SO,0.022135
Combined_RiskParity,2021-11-01,T,0.026695
Combined_RiskParity,2021-11-01,TMUS,0.018418
Combined_RiskParity,2021-11-01,TTWO,0.025294
Combined_RiskParity,2021-11-01,UPS,0.021312
Combined_RiskParity,2021-11-01,USB,0.01392
Combined_RiskParity,2021-11-01,V,0.015516
Combined_RiskParity,2021-11-01,WFC,0.012512
Combined_RiskParity,2021-11-01,WMT,0.027391
Combined_RiskParity,2021-11-01,XOM,0.011569
Combined_RiskParity,2021-11-01,ADA-USD,0.003851
Combined_RiskParity,2021-11-01,BCH-USD,0.003384
Combined_RiskParity,2021-11-01,BTC-USD,0.005587
Combined_RiskParity,2021-11-01,EOS-USD,0.003193
Combined_RiskParity,2021-11-01,ETC-USD,0.00326
Combined_RiskParity,2021-11-01,ETH-USD,0.004376
Combined_RiskParity,2021-11-01,LTC-USD,0.003735
Combined_RiskParity,2021-11-01,TRX-USD,0.004286
Combined_RiskParity,2021-11-01,XLM-USD,0.002998
Combined_RiskParity,2021-11-01,XRP-USD,0.003329
Combined_RiskParity,2021-12-01,ABBV,0.021859
Combined_RiskParity,2021-12-01,ABT,0.028432
Combined_RiskParity,2021-12-01,ADBE,0.018625
Combined_RiskParity,2021-12-01,AEP,0.028657
Combined_RiskParity,2021-12-01,AMD,0.014789
Combined_RiskParity,2021-12-01,AMGN,0.020703
Combined_RiskParity,2021-12-01,AMT,0.023056
Combined_RiskParity,2021-12-01,BA,0.012266
Combined_RiskParity,2021-12-01,CAT,0.014327
Combined_RiskParity,2021-12-01,CCI,0.025585
Combined_RiskParity,2021-12-01,CMCSA,0.01495
Combined_RiskParity,2021-12-01,COP,0.012171
Combined_RiskParity,2021-12-01,CVX,0.014782
Combined_RiskParity,2021-12-01,D,0.027153
Combined_RiskParity,2021-12-01,DD,0.01242
Combined_RiskParity,2021-12-01,DIS,0.016534
Combined_RiskParity,2021-12-01,DOW,0.011926
Combined_RiskParity,2021-12-01,DUK,0.03042
Combined_RiskParity,2021-12-01,EA,0.027496
Combined_RiskParity,2021-12-01,GE,0.01389
Combined_RiskParity,2021-12-01,GILD,0.026485
Combined_RiskParity,2021-12-01,GS,0.015339
Combined_RiskParity,2021-12-01,INTC,0.014694
Combined_RiskParity,2021-12-01,KO,0.024949
Combined_RiskParity,2021-12-01,MMM,0.026587
Combined_RiskParity,2021-12-01,MRK,0.026174
Combined_RiskParity,2021-12-01,MS,0.013774
Combined_RiskParity,2021-12-01,NEE,0.018422
Combined_RiskParity,2021-12-01,NEM,0.019261
Combined_RiskParity,2021-12-01,NKE,0.0178
Combined_RiskParity,2021-12-01,NUE,0.010423
Combined_RiskParity,2021-12-01,NVDA,0.012533
Combined_RiskParity,2021-12-01,O,0.022902
Combined_RiskParity,2021-12-01,OXY,0.009231
Combined_RiskParity,2021-12-01,PLD,0.019697
Combined_RiskParity,2021-12-01,PSA,0.035378
Combined_RiskParity,2021-12-01,QCOM,0.012613
Combined_RiskParity,2021-12-01,SBUX,0.017711
Combined_RiskParity,2021-12-01,SHW,0.022371
Combined_RiskParity,2021-12-01,SLB,0.009703
Combined_RiskParity,2021-12-01,SO,0.023709
Combined_RiskParity,2021-12-01,T,0.026903
Combined_RiskParity,2021-12-01,TMUS,0.016546
Combined_RiskParity,2021-12-01,TTWO,0.023985
Combined_RiskParity,2021-12-01,UPS,0.021753
Combined_RiskParity,2021-12-01,USB,0.01454
Combined_RiskParity,2021-12-01,V,0.016929
Combined_RiskParity,2021-12-01,WFC,0.012759
Combined_RiskParity,2021-12-01,WMT,0.027216
Combined_RiskParity,2021-12-01,XOM,0.012922
Combined_RiskParity,2021-12-01,ADA-USD,0.003579
Combined_RiskParity,2021-12-01,BCH-USD,0.003159
Combined_RiskParity,2021-12-01,BTC-USD,0.005163
Combined_RiskParity,2021-12-01,EOS-USD,0.003084
Combined_RiskParity,2021-12-01,ETC-USD,0.003129
Combined_RiskParity,2021-12-01,ETH-USD,0.004154
Combined_RiskParity,2021-12-01,LTC-USD,0.003588
Combined_RiskParity,2021-12-01,TRX-USD,0.004094
Combined_RiskParity,2021-12-01,XLM-USD,0.003272
Combined_RiskParity,2021-12-01,XRP-USD,0.003428
Combined_RiskParity,2022-01-03,ABBV,0.022735
Combined_RiskParity,2022-01-03,ABT,0.028552
Combined_RiskParity,2022-01-03,ADBE,0.016949
Combined_RiskParity,2022-01-03,AEP,0.029582
Combined_RiskParity,2022-01-03,AMD,0.013608
Combined_RiskParity,2022-01-03,AMGN,0.021082
Combined_RiskParity,2022-01-03,AMT,0.022798
Combined_RiskParity,2022-01-03,BA,0.011135
Combined_RiskParity,2022-01-03,CAT,0.014301
Combined_RiskParity,2022-01-03,CCI,0.025107
Combined_RiskParity,2022-01-03,CMCSA,0.015358
Combined_RiskParity,2022-01-03,COP,0.011908
Combined_RiskParity,2022-01-03,CVX,0.014827
Combined_RiskParity,2022-01-03,D,0.026978
Combined_RiskParity,2022-01-03,DD,0.012626
Combined_RiskParity,2022-01-03,DIS,0.016573
Combined_RiskParity,2022-01-03,DOW,0.012017
Combined_RiskParity,2022-01-03,DUK,0.031461
Combined_RiskParity,2022-01-03,EA,0.025874
Combined_RiskParity,2022-01-03,GE,0.013589
Combined_RiskParity,2022-01-03,GILD,0.028573
Combined_RiskParity,2022-01-03,GS,0.014575
Combined_RiskParity,2022-01-03,INTC,0.014512
Combined_RiskParity,2022-01-03,KO,0.025181
Combined_RiskParity,2022-01-03,MMM,0.026765
Combined_RiskParity,2022-01-03,MRK,0.028493
Combined_RiskParity,2022-01-03,MS,0.013456
Combined_RiskParity,2022-01-03,NEE,0.019078
Combined_RiskParity,2022-01-03,NEM,0.020744
Combined_RiskParity,2022-01-03,NKE,0.017379
Combined_RiskParity,2022-01-03,NUE,0.01142
Combined_RiskParity,2022-01-03,NVDA,0.011434
Combined_RiskParity,2022-01-03,O,0.022268
Combined_RiskParity,2022-01-03,OXY,0.009404
Combined_RiskParity,2022-01-03,PLD,0.020506
Combined_RiskParity,2022-01-03,PSA,0.034201
Combined_RiskParity,2022-01-03,QCOM,0.013082
Combined_RiskParity,2022-01-03,SBUX,0.016657
Combined_RiskParity,2022-01-03,SHW,0.021678
Combined_RiskParity,2022-01-03,SLB,0.009989
Combined_RiskParity,2022-01-03,SO,0.025213
Combined_RiskParity,2022-01-03,T,0.025896
Combined_RiskParity,2022-01-03,TMUS,0.016114
Combined_RiskParity,2022-01-03,TTWO,0.023541
Combined_RiskParity,2022-01-03,UPS,0.020502
Combined_RiskParity,2022-01-03,USB,0.014167
Combined_RiskParity,2022-01-03,V,0.016148
Combined_RiskParity,2022-01-03,WFC,0.012236
Combined_RiskParity,2022-01-03,WMT,0.028204
Combined_RiskParity,2022-01-03,XOM,0.013469
Combined_RiskParity,2022-01-03,ADA-USD,0.003531
Combined_RiskParity,2022-01-03,BCH-USD,0.003295
Combined_RiskParity,2022-01-03,BTC-USD,0.00529
Combined_RiskParity,2022-01-03,EOS-USD,0.003228
Combined_RiskParity,2022-01-03,ETC-USD,0.003282
Combined_RiskParity,2022-01-03,ETH-USD,0.004268
Combined_RiskParity,2022-01-03,LTC-USD,0.003699
Combined_RiskParity,2022-01-03,TRX-USD,0.004236
Combined_RiskParity,2022-01-03,XLM-USD,0.003397
Combined_RiskParity,2022-01-03,XRP-USD,0.00383
Combined_RiskParity,2022-02-01,ABBV,0.026612
Combined_RiskParity,2022-02-01,ABT,0.026166
Combined_RiskParity,2022-02-01,ADBE,0.015855
Combined_RiskParity,2022-02-01,AEP,0.0301
Combined_RiskParity,2022-02-01,AMD,0.011495
Combined_RiskParity,2022-02-01,AMGN,0.0219
Combined_RiskParity,2022-02-01,AMT,0.020184
Combined_RiskParity,2022-02-01,BA,0.010969
Combined_RiskParity,2022-02-01,CAT,0.015786
Combined_RiskParity,2022-02-01,CCI,0.021457
Combined_RiskParity,2022-02-01,CMCSA,0.016426
Combined_RiskParity,2022-02-01,COP,0.012879
Combined_RiskParity,2022-02-01,CVX,0.017115
Combined_RiskParity,2022-02-01,D,0.026364
Combined_RiskParity,2022-02-01,DD,0.012949
Combined_RiskParity,2022-02-01,DIS,0.016251
Combined_RiskParity,2022-02-01,DOW,0.012926
Combined_RiskParity,2022-02-01,DUK,0.031738
Combined_RiskParity,2022-02-01,EA,0.02542
Combined_RiskParity,2022-02-01,GE,0.012483
Combined_RiskParity,2022-02-01,GILD,0.027489
Combined_RiskParity,2022-02-01,GS,0.014005
Combined_RiskParity,2022-02-01,INTC,0.015047
Combined_RiskParity,2022-02-01,KO,0.025081
Combined_RiskParity,2022-02-01,MMM,0.0223
Combined_RiskParity,2022-02-01,MRK,0.033979
Combined_RiskParity,2022-02-01,MS,0.014704
Combined_RiskParity,2022-02-01,NEE,0.02206
Combined_RiskParity,2022-02-01,NEM,0.022336
Combined_RiskParity,2022-02-01,NKE,0.017562
Combined_RiskParity,2022-02-01,NUE,0.010653
Combined_RiskParity,2022-02-01,NVDA,0.009836
Combined_RiskParity,2022-02-01,O,0.021498
Combined_RiskParity,2022-02-01,OXY,0.009387
Combined_RiskParity,2022-02-01,PLD,0.020573
Combined_RiskParity,2022-02-01,PSA,0.031786
Combined_RiskParity,2022-02-01,QCOM,0.012918
Combined_RiskParity,2022-02-01,SBUX,0.018166
Combined_RiskParity,2022-02-01,SHW,0.020698
Combined_RiskParity,2022-02-01,SLB,0.010832
Combined_RiskParity,2022-02-01,SO,0.029256
Combined_RiskParity,2022-02-01,T,0.021926
Combined_RiskParity,2022-02-01,TMUS,0.017143
Combined_RiskParity,2022-02-01,TTWO,0.022791
Combined_RiskParity,2022-02-01,UPS,0.019367
Combined_RiskParity,2022-02-01,USB,0.014541
Combined_RiskParity,2022-02-01,V,0.014929
Combined_RiskParity,2022-02-01,WFC,0.013613
Combined_RiskParity,2022-02-01,WMT,0.027385
Combined_RiskParity,2022-02-01,XOM,0.014146
Combined_RiskParity,2022-02-01,ADA-USD,0.003701
Combined_RiskParity,2022-02-01,BCH-USD,0.003462
Combined_RiskParity,2022-02-01,BTC-USD,0.005692
Combined_RiskParity,2022-02-01,EOS-USD,0.003207
Combined_RiskParity,2022-02-01,ETC-USD,0.00323
Combined_RiskParity,2022-02-01,ETH-USD,0.00428
Combined_RiskParity,2022-02-01,LTC-USD,0.003728
Combined_RiskParity,2022-02-01,TRX-USD,0.003988
Combined_RiskParity,2022-02-01,XLM-USD,0.003901
Combined_RiskParity,2022-02-01,XRP-USD,0.003726
Combined_RiskParity,2022-03-01,ABBV,0.027047
Combined_RiskParity,2022-03-01,ABT,0.024269
Combined_RiskParity,2022-03-01,ADBE,0.015139
Combined_RiskParity,2022-03-01,AEP,0.028952
Combined_RiskParity,2022-03-01,AMD,0.010181
Combined_RiskParity,2022-03-01,AMGN,0.020398
Combined_RiskParity,2022-03-01,AMT,0.019574
Combined_RiskParity,2022-03-01,BA,0.011959
Combined_RiskParity,2022-03-01,CAT,0.01555
Combined_RiskParity,2022-03-01,CCI,0.019998
Combined_RiskParity,2022-03-01,CMCSA,0.015938
Combined_RiskParity,2022-03-01,COP,0.013259
Combined_RiskParity,2022-03-01,CVX,0.017462
Combined_RiskParity,2022-03-01,D,0.027035
Combined_RiskParity,2022-03-01,DD,0.012674
Combined_RiskParity,2022-03-01,DIS,0.018443
Combined_RiskParity,2022-03-01,DOW,0.013654
Combined_RiskParity,2022-03-01,DUK,0.028451
Combined_RiskParity,2022-03-01,EA,0.026122
Combined_RiskParity,2022-03-01,GE,0.012617
Combined_RiskParity,2022-03-01,GILD,0.032207
Combined_RiskParity,2022-03-01,GS,0.014422
Combined_RiskParity,2022-03-01,INTC,0.015182
Combined_RiskParity,2022-03-01,KO,0.02784
Combined_RiskParity,2022-03-01,MMM,0.019509
Combined_RiskParity,2022-03-01,MRK,0.030706
Combined_RiskParity,2022-03-01,MS,0.014581
Combined_RiskParity,2022-03-01,NEE,0.021829
Combined_RiskParity,2022-03-01,NEM,0.026261
Combined_RiskParity,2022-03-01,NKE,0.017454
Combined_RiskParity,2022-03-01,NUE,0.010133
Combined_RiskParity,2022-03-01,NVDA,0.008988
Combined_RiskParity,2022-03-01,O,0.020642
Combined_RiskParity,2022-03-01,OXY,0.011399
Combined_RiskParity,2022-03-01,PLD,0.018883
Combined_RiskParity,2022-03-01,PSA,0.028139
Combined_RiskParity,2022-03-01,QCOM,0.011587
Combined_RiskParity,2022-03-01,SBUX,0.016845
Combined_RiskParity,2022-03-01,SHW,0.019157
Combined_RiskParity,2022-03-01,SLB,0.011567
Combined_RiskParity,2022-03-01,SO,0.029123
Combined_RiskParity,2022-03-01,T,0.022243
Combined_RiskParity,2022-03-01,TMUS,0.017077
Combined_RiskParity,2022-03-01,TTWO,0.024807
Combined_RiskParity,2022-03-01,UPS,0.01785
Combined_RiskParity,2022-03-01,USB,0.014997
Combined_RiskParity,2022-03-01,V,0.015121
Combined_RiskParity,2022-03-01,WFC,0.0141
Combined_RiskParity,2022-03-01,WMT,0.031817
Combined_RiskParity,2022-03-01,XOM,0.01552
Combined_RiskParity,2022-03-01,ADA-USD,0.003688
Combined_RiskParity,2022-03-01,BCH-USD,0.00371
Combined_RiskParity,2022-03-01,BTC-USD,0.006463
Combined_RiskParity,2022-03-01,EOS-USD,0.003304
Combined_RiskParity,2022-03-01,ETC-USD,0.003431
Combined_RiskParity,2022-03-01,ETH-USD,0.004567
Combined_RiskParity,2022-03-01,LTC-USD,0.003917
Combined_RiskParity,2022-03-01,TRX-USD,0.004337
Combined_RiskParity,2022-03-01,XLM-USD,0.0041
Combined_RiskParity,2022-03-01,XRP-USD,0.003775
Combined_RiskParity,2022-04-01,ABBV,0.028062
Combined_RiskParity,2022-04-01,ABT,0.022366
Combined_RiskParity,2022-04-01,ADBE,0.014047
Combined_RiskParity,2022-04-01,AEP,0.029281
Combined_RiskParity,2022-04-01,AMD,0.009628
Combined_RiskParity,2022-04-01,AMGN,0.021631
Combined_RiskParity,2022-04-01,AMT,0.020334
Combined_RiskParity,2022-04-01,BA,0.011122
Combined_RiskParity,2022-04-01,CAT,0.016926
Combined_RiskParity,2022-04-01,CCI,0.021143
Combined_RiskParity,2022-04-01,CMCSA,0.015764
Combined_RiskParity,2022-04-01,COP,0.014298
Combined_RiskParity,2022-04-01,CVX,0.020418
Combined_RiskParity,2022-04-01,D,0.027799
Combined_RiskParity,2022-04-01,DD,0.01138
Combined_RiskParity,2022-04-01,DIS,0.016442
Combined_RiskParity,2022-04-01,DOW,0.013013
Combined_RiskParity,2022-04-01,DUK,0.029737
Combined_RiskParity,2022-04-01,EA,0.025365
Combined_RiskParity,2022-04-01,GE,0.011815
Combined_RiskParity,2022-04-01,GILD,0.032018
Combined_RiskParity,2022-04-01,GS,0.012767
Combined_RiskParity,2022-04-01,INTC,0.015409
Combined_RiskParity,2022-04-01,KO,0.02703
Combined_RiskParity,2022-04-01,MMM,0.017826
Combined_RiskParity,2022-04-01,MRK,0.032215
Combined_RiskParity,2022-04-01,MS,0.012513
Combined_RiskParity,2022-04-01,NEE,0.024555
Combined_RiskParity,2022-04-01,NEM,0.033706
Combined_RiskParity,2022-04-01,NKE,0.015387
Combined_RiskParity,2022-04-01,NUE,0.010298
Combined_RiskParity,2022-04-01,NVDA,0.008499
Combined_RiskParity,2022-04-01,O,0.020373
Combined_RiskParity,2022-04-01,OXY,0.01107
Combined_RiskParity,2022-04-01,PLD,0.018738
Combined_RiskParity,2022-04-01,PSA,0.026428
Combined_RiskParity,2022-04-01,QCOM,0.011171
Combined_RiskParity,2022-04-01,SBUX,0.014649
Combined_RiskParity,2022-04-01,SHW,0.018778
Combined_RiskParity,2022-04-01,SLB,0.013018
Combined_RiskParity,2022-04-01,SO,0.030918
Combined_RiskParity,2022-04-01,T,0.02084
Combined_RiskParity,2022-04-01,TMUS,0.017971
Combined_RiskParity,2022-04-01,TTWO,0.022931
Combined_RiskParity,2022-04-01,UPS,0.016658
Combined_RiskParity,2022-04-01,USB,0.01337
Combined_RiskParity,2022-04-01,V,0.014754
Combined_RiskParity,2022-04-01,WFC,0.012203
Combined_RiskParity,2022-04-01,WMT,0.033455
Combined_RiskParity,2022-04-01,XOM,0.017802
Combined_RiskParity,2022-04-01,ADA-USD,0.003928
Combined_RiskParity,2022-04-01,BCH-USD,0.003718
Combined_RiskParity,2022-04-01,BTC-USD,0.006582
Combined_RiskParity,2022-04-01,EOS-USD,0.003416
Combined_RiskParity,2022-04-01,ETC-USD,0.003355
Combined_RiskParity,2022-04-01,ETH-USD,0.004569
Combined_RiskParity,2022-04-01,LTC-USD,0.003962
Combined_RiskParity,2022-04-01,TRX-USD,0.004546
Combined_RiskParity,2022-04-01,XLM-USD,0.00415
Combined_RiskParity,2022-04-01,XRP-USD,0.003853
Combined_RiskParity,2022-05-02,ABBV,0.026496
Combined_RiskParity,2022-05-02,ABT,0.021013
Combined_RiskParity,2022-05-02,ADBE,0.014049
Combined_RiskParity,2022-05-02,AEP,0.027794
Combined_RiskParity,2022-05-02,AMD,0.009706
Combined_RiskParity,2022-05-02,AMGN,0.0245
Combined_RiskParity,2022-05-02,AMT,0.020408
Combined_RiskParity,2022-05-02,BA,0.011517
Combined_RiskParity,2022-05-02,CAT,0.017169
Combined_RiskParity,2022-05-02,CCI,0.021235
Combined_RiskParity,2022-05-02,CMCSA,0.016857
Combined_RiskParity,2022-05-02,COP,0.013839
Combined_RiskParity,2022-05-02,CVX,0.018928
Combined_RiskParity,2022-05-02,D,0.028949
Combined_RiskParity,2022-05-02,DD,0.012024
Combined_RiskParity,2022-05-02,DIS,0.01611
Combined_RiskParity,2022-05-02,DOW,0.015048
Combined_RiskParity,2022-05-02,DUK,0.030751
Combined_RiskParity,2022-05-02,EA,0.026453
Combined_RiskParity,2022-05-02,GE,0.011559
Combined_RiskParity,2022-05-02,GILD,0.030096
Combined_RiskParity,2022-05-02,GS,0.012878
Combined_RiskParity,2022-05-02,INTC,0.01458
Combined_RiskParity,2022-05-02,KO,0.027062
Combined_RiskParity,2022-05-02,MMM,0.018527
Combined_RiskParity,2022-05-02,MRK,0.03082
Combined_RiskParity,2022-05-02,MS,0.012478
Combined_RiskParity,2022-05-02,NEE,0.02328
Combined_RiskParity,2022-05-02,NEM,0.032753
Combined_RiskParity,2022-05-02,NKE,0.014734
Combined_RiskParity,2022-05-02,NUE,0.01085
Combined_RiskParity,2022-05-02,NVDA,0.008331
Combined_RiskParity,2022-05-02,O,0.020156
Combined_RiskParity,2022-05-02,OXY,0.010598
Combined_RiskParity,2022-05-02,PLD,0.016981
Combined_RiskParity,2022-05-02,PSA,0.022566
Combined_RiskParity,2022-05-02,QCOM,0.011146
Combined_RiskParity,2022-05-02,SBUX,0.015238
Combined_RiskParity,2022-05-02,SHW,0.022921
Combined_RiskParity,2022-05-02,SLB,0.013976
Combined_RiskParity,2022-05-02,SO,0.029647
Combined_RiskParity,2022-05-02,T,0.022458
Combined_RiskParity,2022-05-02,TMUS,0.016468
Combined_RiskParity,2022-05-02,TTWO,0.022287
Combined_RiskParity,2022-05-02,UPS,0.016555
Combined_RiskParity,2022-05-02,USB,0.014295
Combined_RiskParity,2022-05-02,V,0.014496
Combined_RiskParity,2022-05-02,WFC,0.012844
Combined_RiskParity,2022-05-02,WMT,0.032342
Combined_RiskParity,2022-05-02,XOM,0.017785
Combined_RiskParity,2022-05-02,ADA-USD,0.004192
Combined_RiskParity,2022-05-02,BCH-USD,0.004241
Combined_RiskParity,2022-05-02,BTC-USD,0.006792
Combined_RiskParity,2022-05-02,EOS-USD,0.003679
Combined_RiskParity,2022-05-02,ETC-USD,0.003772
Combined_RiskParity,2022-05-02,ETH-USD,0.004813
Combined_RiskParity,2022-05-02,LTC-USD,0.004336
Combined_RiskParity,2022-05-02,TRX-USD,0.005357
Combined_RiskParity,2022-05-02,XLM-USD,0.004712
Combined_RiskParity,2022-05-02,XRP-USD,0.004555
Combined_RiskParity,2022-06-01,ABBV,0.030598
Combined_RiskParity,2022-06-01,ABT,0.019035
Combined_RiskParity,2022-06-01,ADBE,0.013065
Combined_RiskParity,2022-06-01,AEP,0.028966
Combined_RiskParity,2022-06-01,AMD,0.00796
Combined_RiskParity,2022-06-01,AMGN,0.028326
Combined_RiskParity,2022-06-01,AMT,0.018694
Combined_RiskParity,2022-06-01,BA,0.010282
Combined_RiskParity,2022-06-01,CAT,0.015657
Combined_RiskParity,2022-06-01,CCI,0.020549
Combined_RiskParity,2022-06-01,CMCSA,0.017995
Combined_RiskParity,2022-06-01,COP,0.013092
Combined_RiskParity,2022-06-01,CVX,0.01812
Combined_RiskParity,2022-06-01,D,0.029916
Combined_RiskParity,2022-06-01,DD,0.012263
Combined_RiskParity,2022-06-01,DIS,0.014624
Combined_RiskParity,2022-06-01,DOW,0.015765
Combined_RiskParity,2022-06-01,DUK,0.03368
Combined_RiskParity,2022-06-01,EA,0.027047
Combined_RiskParity,2022-06-01,GE,0.011285
Combined_RiskParity,2022-06-01,GILD,0.032529
Combined_RiskParity,2022-06-01,GS,0.013442
Combined_RiskParity,2022-06-01,INTC,0.014149
Combined_RiskParity,2022-06-01,KO,0.02353
Combined_RiskParity,2022-06-01,MMM,0.019422
Combined_RiskParity,2022-06-01,MRK,0.032723
Combined_RiskParity,2022-06-01,MS,0.012352
Combined_RiskParity,2022-06-01,NEE,0.021101
Combined_RiskParity,2022-06-01,NEM,0.032455
Combined_RiskParity,2022-06-01,NKE,0.013963
Combined_RiskParity,2022-06-01,NUE,0.010874
Combined_RiskParity,2022-06-01,NVDA,0.007649
Combined_RiskParity,2022-06-01,O,0.020207
Combined_RiskParity,2022-06-01,OXY,0.00996
Combined_RiskParity,2022-06-01,PLD,0.014948
Combined_RiskParity,2022-06-01,PSA,0.020053
Combined_RiskParity,2022-06-01,QCOM,0.010901
Combined_RiskParity,2022-06-01,SBUX,0.012958
Combined_RiskParity,2022-06-01,SHW,0.022855
Combined_RiskParity,2022-06-01,SLB,0.011778
Combined_RiskParity,2022-06-01,SO,0.031612
Combined_RiskParity,2022-06-01,T,0.022982
Combined_RiskParity,2022-06-01,TMUS,0.016369
Combined_RiskParity,2022-06-01,TTWO,0.01687
Combined_RiskParity,2022-06-01,UPS,0.016866
Combined_RiskParity,2022-06-01,USB,0.015237
Combined_RiskParity,2022-06-01,V,0.013764
Combined_RiskParity,2022-06-01,WFC,0.012547
Combined_RiskParity,2022-06-01,WMT,0.034986
Combined_RiskParity,2022-06-01,XOM,0.016647
Combined_RiskParity,2022-06-01,ADA-USD,0.004845
Combined_RiskParity,2022-06-01,BCH-USD,0.005943
Combined_RiskParity,2022-06-01,BTC-USD,0.007741
Combined_RiskParity,2022-06-01,EOS-USD,0.005041
Combined_RiskParity,2022-06-01,ETC-USD,0.005172
Combined_RiskParity,2022-06-01,ETH-USD,0.005971
Combined_RiskParity,2022-06-01,LTC-USD,0.005243
Combined_RiskParity,2022-06-01,TRX-USD,0.006082
Combined_RiskParity,2022-06-01,XLM-USD,0.005835
Combined_RiskParity,2022-06-01,XRP-USD,0.005479
Combined_RiskParity,2022-07-01,ABBV,0.029623
Combined_RiskParity,2022-07-01,ABT,0.018447
Combined_RiskParity,2022-07-01,ADBE,0.012388
Combined_RiskParity,2022-07-01,AEP,0.02756
Combined_RiskParity,2022-07-01,AMD,0.007746
Combined_RiskParity,2022-07-01,AMGN,0.030214
Combined_RiskParity,2022-07-01,AMT,0.017691
Combined_RiskParity,2022-07-01,BA,0.010172
Combined_RiskParity,2022-07-01,CAT,0.015696
Combined_RiskParity,2022-07-01,CCI,0.018912
Combined_RiskParity,2022-07-01,CMCSA,0.018615
Combined_RiskParity,2022-07-01,COP,0.013483
Combined_RiskParity,2022-07-01,CVX,0.018429
Combined_RiskParity,2022-07-01,D,0.029803
Combined_RiskParity,2022-07-01,DD,0.012299
Combined_RiskParity,2022-07-01,DIS,0.014975
Combined_RiskParity,2022-07-01,DOW,0.015836
Combined_RiskParity,2022-07-01,DUK,0.032753
Combined_RiskParity,2022-07-01,EA,0.025832
Combined_RiskParity,2022-07-01,GE,0.011538
Combined_RiskParity,2022-07-01,GILD,0.032619
Combined_RiskParity,2022-07-01,GS,0.013973
Combined_RiskParity,2022-07-01,INTC,0.014156
Combined_RiskParity,2022-07-01,KO,0.025643
Combined_RiskParity,2022-07-01,MMM,0.020582
Combined_RiskParity,2022-07-01,MRK,0.03169
Combined_RiskParity,2022-07-01,MS,0.013006
Combined_RiskParity,2022-07-01,NEE,0.019396
Combined_RiskParity,2022-07-01,NEM,0.034246
Combined_RiskParity,2022-07-01,NKE,0.013291
Combined_RiskParity,2022-07-01,NUE,0.011017
Combined_RiskParity,2022-07-01,NVDA,0.007459
Combined_RiskParity,2022-07-01,O,0.020792
Combined_RiskParity,2022-07-01,OXY,0.010329
Combined_RiskParity,2022-07-01,PLD,0.01391
Combined_RiskParity,2022-07-01,PSA,0.019865
Combined_RiskParity,2022-07-01,QCOM,0.011213
Combined_RiskParity,2022-07-01,SBUX,0.012955
Combined_RiskParity,2022-07-01,SHW,0.020321
Combined_RiskParity,2022-07-01,SLB,0.012655
Combined_RiskParity,2022-07-01,SO,0.029931
Combined_RiskParity,2022-07-01,T,0.022254
Combined_RiskParity,2022-07-01,TMUS,0.016631
Combined_RiskParity,2022-07-01,TTWO,0.016834
Combined_RiskParity,2022-07-01,UPS,0.018081
Combined_RiskParity,2022-07-01,USB,0.015402
Combined_RiskParity,2022-07-01,V,0.013557
Combined_RiskParity,2022-07-01,WFC,0.012659
Combined_RiskParity,2022-07-01,WMT,0.037495
Combined_RiskParity,2022-07-01,XOM,0.016754
Combined_RiskParity,2022-07-01,ADA-USD,0.00522
Combined_RiskParity,2022-07-01,BCH-USD,0.006158
Combined_RiskParity,2022-07-01,BTC-USD,0.007621
Combined_RiskParity,2022-07-01,EOS-USD,0.005408
Combined_RiskParity,2022-07-01,ETC-USD,0.005446
Combined_RiskParity,2022-07-01,ETH-USD,0.005884
Combined_RiskParity,2022-07-01,LTC-USD,0.005562
Combined_RiskParity,2022-07-01,TRX-USD,0.006163
Combined_RiskParity,2022-07-01,XLM-USD,0.006093
Combined_RiskParity,2022-07-01,XRP-USD,0.005715
Combined_RiskParity,2022-08-01,ABBV,0.031766
Combined_RiskParity,2022-08-01,ABT,0.01772
Combined_RiskParity,2022-08-01,ADBE,0.011971
Combined_RiskParity,2022-08-01,AEP,0.027711
Combined_RiskParity,2022-08-01,AMD,0.007674
Combined_RiskParity,2022-08-01,AMGN,0.030151
Combined_RiskParity,2022-08-01,AMT,0.017192
Combined_RiskParity,2022-08-01,BA,0.010383
Combined_RiskParity,2022-08-01,CAT,0.015169
Combined_RiskParity,2022-08-01,CCI,0.0183
Combined_RiskParity,2022-08-01,CMCSA,0.019688
Combined_RiskParity,2022-08-01,COP,0.013413
Combined_RiskParity,2022-08-01,CVX,0.018263
Combined_RiskParity,2022-08-01,D,0.029217
Combined_RiskParity,2022-08-01,DD,0.012492
Combined_RiskParity,2022-08-01,DIS,0.014719
Combined_RiskParity,2022-08-01,DOW,0.016216
Combined_RiskParity,2022-08-01,DUK,0.032328
Combined_RiskParity,2022-08-01,EA,0.025569
Combined_RiskParity,2022-08-01,GE,0.011824
Combined_RiskParity,2022-08-01,GILD,0.032554
Combined_RiskParity,2022-08-01,GS,0.013825
Combined_RiskParity,2022-08-01,INTC,0.014247
Combined_RiskParity,2022-08-01,KO,0.025904
Combined_RiskParity,2022-08-01,MMM,0.021203
Combined_RiskParity,2022-08-01,MRK,0.032967
Combined_RiskParity,2022-08-01,MS,0.013004
Combined_RiskParity,2022-08-01,NEE,0.018716
Combined_RiskParity,2022-08-01,NEM,0.034674
Combined_RiskParity,2022-08-01,NKE,0.012828
Combined_RiskParity,2022-08-01,NUE,0.011097
Combined_RiskParity,2022-08-01,NVDA,0.007352
Combined_RiskParity,2022-08-01,O,0.020943
Combined_RiskParity,2022-08-01,OXY,0.010484
Combined_RiskParity,2022-08-01,PLD,0.013481
Combined_RiskParity,2022-08-01,PSA,0.019489
Combined_RiskParity,2022-08-01,QCOM,0.011652
Combined_RiskParity,2022-08-01,SBUX,0.012914
Combined_RiskParity,2022-08-01,SHW,0.021228
Combined_RiskParity,2022-08-01,SLB,0.012942
Combined_RiskParity,2022-08-01,SO,0.02936
Combined_RiskParity,2022-08-01,T,0.022647
Combined_RiskParity,2022-08-01,TMUS,0.016484
Combined_RiskParity,2022-08-01,TTWO,0.016852
Combined_RiskParity,2022-08-01,UPS,0.017046
Combined_RiskParity,2022-08-01,USB,0.016222
Combined_RiskParity,2022-08-01,V,0.013873
Combined_RiskParity,2022-08-01,WFC,0.012778
Combined_RiskParity,2022-08-01,WMT,0.034976
Combined_RiskParity,2022-08-01,XOM,0.016839
Combined_RiskParity,2022-08-01,ADA-USD,0.005282
Combined_RiskParity,2022-08-01,BCH-USD,0.005938
Combined_RiskParity,2022-08-01,BTC-USD,0.007647
Combined_RiskParity,2022-08-01,EOS-USD,0.005585
Combined_RiskParity,2022-08-01,ETC-USD,0.005071
Combined_RiskParity,2022-08-01,ETH-USD,0.005955
Combined_RiskParity,2022-08-01,LTC-USD,0.005671
Combined_RiskParity,2022-08-01,TRX-USD,0.006411
Combined_RiskParity,2022-08-01,XLM-USD,0.006197
Combined_RiskParity,2022-08-01,XRP-USD,0.0059
Combined_RiskParity,2022-09-01,ABBV,0.031413
Combined_RiskParity,2022-09-01,ABT,0.017378
Combined_RiskParity,2022-09-01,ADBE,0.011764
Combined_RiskParity,2022-09-01,AEP,0.027312
Combined_RiskParity,2022-09-01,AMD,0.007684
Combined_RiskParity,2022-09-01,AMGN,0.03138
Combined_RiskParity,2022-09-01,AMT,0.017087
Combined_RiskParity,2022-09-01,BA,0.010495
Combined_RiskParity,2022-09-01,CAT,0.014965
Combined_RiskParity,2022-09-01,CCI,0.018203
Combined_RiskParity,2022-09-01,CMCSA,0.019589
Combined_RiskParity,2022-09-01,COP,0.014165
Combined_RiskParity,2022-09-01,CVX,0.019035
Combined_RiskParity,2022-09-01,D,0.029341
Combined_RiskParity,2022-09-01,DD,0.012175
Combined_RiskParity,2022-09-01,DIS,0.014266
Combined_RiskParity,2022-09-01,DOW,0.0161
Combined_RiskParity,2022-09-01,DUK,0.031868
Combined_RiskParity,2022-09-01,EA,0.026053
Combined_RiskParity,2022-09-01,GE,0.011679
Combined_RiskParity,2022-09-01,GILD,0.032296
Combined_RiskParity,2022-09-01,GS,0.014013
Combined_RiskParity,2022-09-01,INTC,0.013699
Combined_RiskParity,2022-09-01,KO,0.025732
Combined_RiskParity,2022-09-01,MMM,0.019378
Combined_RiskParity,2022-09-01,MRK,0.032903
Combined_RiskParity,2022-09-01,MS,0.013085
Combined_RiskParity,2022-09-01,NEE,0.019006
Combined_RiskParity,2022-09-01,NEM,0.033711
Combined_RiskParity,2022-09-01,NKE,0.01257
Combined_RiskParity,2022-09-01,NUE,0.011279
Combined_RiskParity,2022-09-01,NVDA,0.007176
Combined_RiskParity,2022-09-01,O,0.021366
Combined_RiskParity,2022-09-01,OXY,0.01142
Combined_RiskParity,2022-09-01,PLD,0.013406
Combined_RiskParity,2022-09-01,PSA,0.019153
Combined_RiskParity,2022-09-01,QCOM,0.011365
Combined_RiskParity,2022-09-01,SBUX,0.012792
Combined_RiskParity,2022-09-01,SHW,0.020392
Combined_RiskParity,2022-09-01,SLB,0.013599
Combined_RiskParity,2022-09-01,SO,0.029699
Combined_RiskParity,2022-09-01,T,0.023354
Combined_RiskParity,2022-09-01,TMUS,0.016817
Combined_RiskParity,2022-09-01,TTWO,0.016551
Combined_RiskParity,2022-09-01,UPS,0.017051
Combined_RiskParity,2022-09-01,USB,0.0166
Combined_RiskParity,2022-09-01,V,0.013837
Combined_RiskParity,2022-09-01,WFC,0.012913
Combined_RiskParity,2022-09-01,WMT,0.03369
Combined_RiskParity,2022-09-01,XOM,0.017429
Combined_RiskParity,2022-09-01,ADA-USD,0.005619
Combined_RiskParity,2022-09-01,BCH-USD,0.006028
Combined_RiskParity,2022-09-01,BTC-USD,0.007689
Combined_RiskParity,2022-09-01,EOS-USD,0.005827
Combined_RiskParity,2022-09-01,ETC-USD,0.005088
Combined_RiskParity,2022-09-01,ETH-USD,0.005832
Combined_RiskParity,2022-09-01,LTC-USD,0.005863
Combined_RiskParity,2022-09-01,TRX-USD,0.006813
Combined_RiskParity,2022-09-01,XLM-USD,0.006565
Combined_RiskParity,2022-09-01,XRP-USD,0.006448
Combined_RiskParity,2022-10-03,ABBV,0.031554
Combined_RiskParity,2022-10-03,ABT,0.017791
Combined_RiskParity,2022-10-03,ADBE,0.011116
Combined_RiskParity,2022-10-03,AEP,0.025457
Combined_RiskParity,2022-10-03,AMD,0.00776
Combined_RiskParity,2022-10-03,AMGN,0.031419
Combined_RiskParity,2022-10-03,AMT,0.017081
Combined_RiskParity,2022-10-03,BA,0.010533
Combined_RiskParity,2022-10-03,CAT,0.015138
Combined_RiskParity,2022-10-03,CCI,0.017766
Combined_RiskParity,2022-10-03,CMCSA,0.018265
Combined_RiskParity,2022-10-03,COP,0.014478
Combined_RiskParity,2022-10-03,CVX,0.019387
Combined_RiskParity,2022-10-03,D,0.027474
Combined_RiskParity,2022-10-03,DD,0.012309
Combined_RiskParity,2022-10-03,DIS,0.013869
Combined_RiskParity,2022-10-03,DOW,0.016135
Combined_RiskParity,2022-10-03,DUK,0.029411
Combined_RiskParity,2022-10-03,EA,0.02443
Combined_RiskParity,2022-10-03,GE,0.012211
Combined_RiskParity,2022-10-03,GILD,0.029244
Combined_RiskParity,2022-10-03,GS,0.01444
Combined_RiskParity,2022-10-03,INTC,0.013396
Combined_RiskParity,2022-10-03,KO,0.026266
Combined_RiskParity,2022-10-03,MMM,0.019989
Combined_RiskParity,2022-10-03,MRK,0.034192
Combined_RiskParity,2022-10-03,MS,0.013605
Combined_RiskParity,2022-10-03,NEE,0.01898
Combined_RiskParity,2022-10-03,NEM,0.031636
Combined_RiskParity,2022-10-03,NKE,0.011787
Combined_RiskParity,2022-10-03,NUE,0.012118
Combined_RiskParity,2022-10-03,NVDA,0.007453
Combined_RiskParity,2022-10-03,O,0.022218
Combined_RiskParity,2022-10-03,OXY,0.012593
Combined_RiskParity,2022-10-03,PLD,0.013685
Combined_RiskParity,2022-10-03,PSA,0.019603
Combined_RiskParity,2022-10-03,QCOM,0.011527
Combined_RiskParity,2022-10-03,SBUX,0.013208
Combined_RiskParity,2022-10-03,SHW,0.020128
Combined_RiskParity,2022-10-03,SLB,0.013816
Combined_RiskParity,2022-10-03,SO,0.027279
Combined_RiskParity,2022-10-03,T,0.023515
Combined_RiskParity,2022-10-03,TMUS,0.017118
Combined_RiskParity,2022-10-03,TTWO,0.016161
Combined_RiskParity,2022-10-03,UPS,0.016782
Combined_RiskParity,2022-10-03,USB,0.016917
Combined_RiskParity,2022-10-03,V,0.014257
Combined_RiskParity,2022-10-03,WFC,0.013284
Combined_RiskParity,2022-10-03,WMT,0.033519
Combined_RiskParity,2022-10-03,XOM,0.018041
Combined_RiskParity,2022-10-03,ADA-USD,0.00633
Combined_RiskParity,2022-10-03,BCH-USD,0.006821
Combined_RiskParity,2022-10-03,BTC-USD,0.008168
Combined_RiskParity,2022-10-03,EOS-USD,0.006266
Combined_RiskParity,2022-10-03,ETC-USD,0.005555
Combined_RiskParity,2022-10-03,ETH-USD,0.006409
Combined_RiskParity,2022-10-03,LTC-USD,0.006714
Combined_RiskParity,2022-10-03,TRX-USD,0.00829
Combined_RiskParity,2022-10-03,XLM-USD,0.00759
Combined_RiskParity,2022-10-03,XRP-USD,0.007516
Combined_RiskParity,2022-11-01,ABBV,0.032105
Combined_RiskParity,2022-11-01,ABT,0.017585
Combined_RiskParity,2022-11-01,ADBE,0.011426
Combined_RiskParity,2022-11-01,AEP,0.023608
Combined_RiskParity,2022-11-01,AMD,0.007734
Combined_RiskParity,2022-11-01,AMGN,0.031768
Combined_RiskParity,2022-11-01,AMT,0.016533
Combined_RiskParity,2022-11-01,BA,0.010912
Combined_RiskParity,2022-11-01,CAT,0.015113
Combined_RiskParity,2022-11-01,CCI,0.01766
Combined_RiskParity,2022-11-01,CMCSA,0.018634
Combined_RiskParity,2022-11-01,COP,0.014759
Combined_RiskParity,2022-11-01,CVX,0.019359
Combined_RiskParity,2022-11-01,D,0.025723
Combined_RiskParity,2022-11-01,DD,0.012498
Combined_RiskParity,2022-11-01,DIS,0.013895
Combined_RiskParity,2022-11-01,DOW,0.016393
Combined_RiskParity,2022-11-01,DUK,0.026641
Combined_RiskParity,2022-11-01,EA,0.024401
Combined_RiskParity,2022-11-01,GE,0.012292
Combined_RiskParity,2022-11-01,GILD,0.025201
Combined_RiskParity,2022-11-01,GS,0.014292
Combined_RiskParity,2022-11-01,INTC,0.012734
Combined_RiskParity,2022-11-01,KO,0.025889
Combined_RiskParity,2022-11-01,MMM,0.019262
Combined_RiskParity,2022-11-01,MRK,0.038616
Combined_RiskParity,2022-11-01,MS,0.013415
Combined_RiskParity,2022-11-01,NEE,0.018347
Combined_RiskParity,2022-11-01,NEM,0.02885
Combined_RiskParity,2022-11-01,NKE,0.011951
Combined_RiskParity,2022-11-01,NUE,0.012003
Combined_RiskParity,2022-11-01,NVDA,0.007495
Combined_RiskParity,2022-11-01,O,0.022383
Combined_RiskParity,2022-11-01,OXY,0.013542
Combined_RiskParity,2022-11-01,PLD,0.013861
Combined_RiskParity,2022-11-01,PSA,0.020052
Combined_RiskParity,2022-11-01,QCOM,0.011534
Combined_RiskParity,2022-11-01,SBUX,0.013562
Combined_RiskParity,2022-11-01,SHW,0.018628
Combined_RiskParity,2022-11-01,SLB,0.014217
Combined_RiskParity,2022-11-01,SO,0.025379
Combined_RiskParity,2022-11-01,T,0.023028
Combined_RiskParity,2022-11-01,TMUS,0.016955
Combined_RiskParity,2022-11-01,TTWO,0.01711
Combined_RiskParity,2022-11-01,UPS,0.017431
Combined_RiskParity,2022-11-01,USB,0.017098
Combined_RiskParity,2022-11-01,V,0.015029
Combined_RiskParity,2022-11-01,WFC,0.013458
Combined_RiskParity,2022-11-01,WMT,0.032721
Combined_RiskParity,2022-11-01,XOM,0.018594
Combined_RiskParity,2022-11-01,ADA-USD,0.006797
Combined_RiskParity,2022-11-01,BCH-USD,0.007606
Combined_RiskParity,2022-11-01,BTC-USD,0.008863
Combined_RiskParity,2022-11-01,EOS-USD,0.007054
Combined_RiskParity,2022-11-01,ETC-USD,0.006131
Combined_RiskParity,2022-11-01,ETH-USD,0.007071
Combined_RiskParity,2022-11-01,LTC-USD,0.007548
Combined_RiskParity,2022-11-01,TRX-USD,0.009735
Combined_RiskParity,2022-11-01,XLM-USD,0.008919
Combined_RiskParity,2022-11-01,XRP-USD,0.0086
Combined_RiskParity,2022-12-01,ABBV,0.032815
Combined_RiskParity,2022-12-01,ABT,0.017207
Combined_RiskParity,2022-12-01,ADBE,0.010892
Combined_RiskParity,2022-12-01,AEP,0.023405
Combined_RiskParity,2022-12-01,AMD,0.007432
Combined_RiskParity,2022-12-01,AMGN,0.035189
Combined_RiskParity,2022-12-01,AMT,0.015593
Combined_RiskParity,2022-12-01,BA,0.011442
Combined_RiskParity,2022-12-01,CAT,0.015649
Combined_RiskParity,2022-12-01,CCI,0.016682
Combined_RiskParity,2022-12-01,CMCSA,0.018315
Combined_RiskParity,2022-12-01,COP,0.015245
Combined_RiskParity,2022-12-01,CVX,0.019454
Combined_RiskParity,2022-12-01,D,0.025914
Combined_RiskParity,2022-12-01,DD,0.013477
Combined_RiskParity,2022-12-01,DIS,0.012961
Combined_RiskParity,2022-12-01,DOW,0.015977
Combined_RiskParity,2022-12-01,DUK,0.027054
Combined_RiskParity,2022-12-01,EA,0.024096
Combined_RiskParity,2022-12-01,GE,0.013093
Combined_RiskParity,2022-12-01,GILD,0.02649
Combined_RiskParity,2022-12-01,GS,0.014809
Combined_RiskParity,2022-12-01,INTC,0.012051
Combined_RiskParity,2022-12-01,KO,0.026409
Combined_RiskParity,2022-12-01,MMM,0.019212
Combined_RiskParity,2022-12-01,MRK,0.043691
Combined_RiskParity,2022-12-01,MS,0.013616
Combined_RiskParity,2022-12-01,NEE,0.018118
Combined_RiskParity,2022-12-01,NEM,0.023179
Combined_RiskParity,2022-12-01,NKE,0.011414
Combined_RiskParity,2022-12-01,NUE,0.012059
Combined_RiskParity,2022-12-01,NVDA,0.007142
Combined_RiskParity,2022-12-01,O,0.0221
Combined_RiskParity,2022-12-01,OXY,0.013685
Combined_RiskParity,2022-12-01,PLD,0.013565
Combined_RiskParity,2022-12-01,PSA,0.018976
Combined_RiskParity,2022-12-01,QCOM,0.01081
Combined_RiskParity,2022-12-01,SBUX,0.013518
Combined_RiskParity,2022-12-01,SHW,0.017244
Combined_RiskParity,2022-12-01,SLB,0.015507
Combined_RiskParity,2022-12-01,SO,0.025219
Combined_RiskParity,2022-12-01,T,0.023899
Combined_RiskParity,2022-12-01,TMUS,0.018475
Combined_RiskParity,2022-12-01,TTWO,0.016778
Combined_RiskParity,2022-12-01,UPS,0.016633
Combined_RiskParity,2022-12-01,USB,0.017253
Combined_RiskParity,2022-12-01,V,0.014585
Combined_RiskParity,2022-12-01,WFC,0.014123
Combined_RiskParity,2022-12-01,WMT,0.032556
Combined_RiskParity,2022-12-01,XOM,0.019326
Combined_RiskParity,2022-12-01,ADA-USD,0.006626
Combined_RiskParity,2022-12-01,BCH-USD,0.007529
Combined_RiskParity,2022-12-01,BTC-USD,0.008659
Combined_RiskParity,2022-12-01,EOS-USD,0.006947
Combined_RiskParity,2022-12-01,ETC-USD,0.005858
Combined_RiskParity,2022-12-01,ETH-USD,0.00657
Combined_RiskParity,2022-12-01,LTC-USD,0.007281
Combined_RiskParity,2022-12-01,TRX-USD,0.010131
Combined_RiskParity,2022-12-01,XLM-USD,0.008135
Combined_RiskParity,2022-12-01,XRP-USD,0.007931
Combined_RiskParity,2023-01-03,ABBV,0.033132
Combined_RiskParity,2023-01-03,ABT,0.016873
Combined_RiskParity,2023-01-03,ADBE,0.01099
Combined_RiskParity,2023-01-03,AEP,0.02313
Combined_RiskParity,2023-01-03,AMD,0.007478
Combined_RiskParity,2023-01-03,AMGN,0.036512
Combined_RiskParity,2023-01-03,AMT,0.015678
Combined_RiskParity,2023-01-03,BA,0.011844
Combined_RiskParity,2023-01-03,CAT,0.015798
Combined_RiskParity,2023-01-03,CCI,0.016711
Combined_RiskParity,2023-01-03,CMCSA,0.018111
Combined_RiskParity,2023-01-03,COP,0.015447
Combined_RiskParity,2023-01-03,CVX,0.019351
Combined_RiskParity,2023-01-03,D,0.026116
Combined_RiskParity,2023-01-03,DD,0.013639
Combined_RiskParity,2023-01-03,DIS,0.01289
Combined_RiskParity,2023-01-03,DOW,0.016084
Combined_RiskParity,2023-01-03,DUK,0.026756
Combined_RiskParity,2023-01-03,EA,0.024027
Combined_RiskParity,2023-01-03,GE,0.013179
Combined_RiskParity,2023-01-03,GILD,0.025969
Combined_RiskParity,2023-01-03,GS,0.015111
Combined_RiskParity,2023-01-03,INTC,0.01223
Combined_RiskParity,2023-01-03,KO,0.026427
Combined_RiskParity,2023-01-03,MMM,0.019117
Combined_RiskParity,2023-01-03,MRK,0.041387
Combined_RiskParity,2023-01-03,MS,0.013752
Combined_RiskParity,2023-01-03,NEE,0.017961
Combined_RiskParity,2023-01-03,NEM,0.022659
Combined_RiskParity,2023-01-03,NKE,0.011029
Combined_RiskParity,2023-01-03,NUE,0.011519
Combined_RiskParity,2023-01-03,NVDA,0.00721
Combined_RiskParity,2023-01-03,O,0.022782
Combined_RiskParity,2023-01-03,OXY,0.013916
Combined_RiskParity,2023-01-03,PLD,0.013319
Combined_RiskParity,2023-01-03,PSA,0.01866
Combined_RiskParity,2023-01-03,QCOM,0.010571
Combined_RiskParity,2023-01-03,SBUX,0.013835
Combined_RiskParity,2023-01-03,SHW,0.017082
Combined_RiskParity,2023-01-03,SLB,0.015242
Combined_RiskParity,2023-01-03,SO,0.024965
Combined_RiskParity,2023-01-03,T,0.024316
Combined_RiskParity,2023-01-03,TMUS,0.019214
Combined_RiskParity,2023-01-03,TTWO,0.016476
Combined_RiskParity,2023-01-03,UPS,0.016526
Combined_RiskParity,2023-01-03,USB,0.017386
Combined_RiskParity,2023-01-03,V,0.01496
Combined_RiskParity,2023-01-03,WFC,0.014758
Combined_RiskParity,2023-01-03,WMT,0.031093
Combined_RiskParity,2023-01-03,XOM,0.0191
Combined_RiskParity,2023-01-03,ADA-USD,0.006924
Combined_RiskParity,2023-01-03,BCH-USD,0.007711
Combined_RiskParity,2023-01-03,BTC-USD,0.008855
Combined_RiskParity,2023-01-03,EOS-USD,0.007213
Combined_RiskParity,2023-01-03,ETC-USD,0.005806
Combined_RiskParity,2023-01-03,ETH-USD,0.006631
Combined_RiskParity,2023-01-03,LTC-USD,0.007392
Combined_RiskParity,2023-01-03,TRX-USD,0.010739
Combined_RiskParity,2023-01-03,XLM-USD,0.008438
Combined_RiskParity,2023-01-03,XRP-USD,0.007975
Combined_RiskParity,2023-02-01,ABBV,0.033256
Combined_RiskParity,2023-02-01,ABT,0.017058
Combined_RiskParity,2023-02-01,ADBE,0.011154
Combined_RiskParity,2023-02-01,AEP,0.022661
Combined_RiskParity,2023-02-01,AMD,0.007564
Combined_RiskParity,2023-02-01,AMGN,0.037071
Combined_RiskParity,2023-02-01,AMT,0.015742
Combined_RiskParity,2023-02-01,BA,0.012085
Combined_RiskParity,2023-02-01,CAT,0.015548
Combined_RiskParity,2023-02-01,CCI,0.016499
Combined_RiskParity,2023-02-01,CMCSA,0.017822
Combined_RiskParity,2023-02-01,COP,0.015879
Combined_RiskParity,2023-02-01,CVX,0.019339
Combined_RiskParity,2023-02-01,D,0.025542
Combined_RiskParity,2023-02-01,DD,0.01374
Combined_RiskParity,2023-02-01,DIS,0.012965
Combined_RiskParity,2023-02-01,DOW,0.01582
Combined_RiskParity,2023-02-01,DUK,0.026435
Combined_RiskParity,2023-02-01,EA,0.024156
Combined_RiskParity,2023-02-01,GE,0.013269
Combined_RiskParity,2023-02-01,GILD,0.026457
Combined_RiskParity,2023-02-01,GS,0.015547
Combined_RiskParity,2023-02-01,INTC,0.011788
Combined_RiskParity,2023-02-01,KO,0.026513
Combined_RiskParity,2023-02-01,MMM,0.01788
Combined_RiskParity,2023-02-01,MRK,0.040296
Combined_RiskParity,2023-02-01,MS,0.013737
Combined_RiskParity,2023-02-01,NEE,0.0185
Combined_RiskParity,2023-02-01,NEM,0.021316
Combined_RiskParity,2023-02-01,NKE,0.011035
Combined_RiskParity,2023-02-01,NUE,0.011551
Combined_RiskParity,2023-02-01,NVDA,0.007213
Combined_RiskParity,2023-02-01,O,0.022984
Combined_RiskParity,2023-02-01,OXY,0.014643
Combined_RiskParity,2023-02-01,PLD,0.013055
Combined_RiskParity,2023-02-01,PSA,0.018671
Combined_RiskParity,2023-02-01,QCOM,0.010542
Combined_RiskParity,2023-02-01,SBUX,0.013769
Combined_RiskParity,2023-02-01,SHW,0.016614
Combined_RiskParity,2023-02-01,SLB,0.015624
Combined_RiskParity,2023-02-01,SO,0.024316
Combined_RiskParity,2023-02-01,T,0.024978
Combined_RiskParity,2023-02-01,TMUS,0.020133
Combined_RiskParity,2023-02-01,TTWO,0.016729
Combined_RiskParity,2023-02-01,UPS,0.016256
Combined_RiskParity,2023-02-01,USB,0.017287
Combined_RiskParity,2023-02-01,V,0.015561
Combined_RiskParity,2023-02-01,WFC,0.01492
Combined_RiskParity,2023-02-01,WMT,0.030084
Combined_RiskParity,2023-02-01,XOM,0.019166
Combined_RiskParity,2023-02-01,ADA-USD,0.007019
Combined_RiskParity,2023-02-01,BCH-USD,0.007838
Combined_RiskParity,2023-02-01,BTC-USD,0.008964
Combined_RiskParity,2023-02-01,EOS-USD,0.007322
Combined_RiskParity,2023-02-01,ETC-USD,0.005621
Combined_RiskParity,2023-02-01,ETH-USD,0.006845
Combined_RiskParity,2023-02-01,LTC-USD,0.007665
Combined_RiskParity,2023-02-01,TRX-USD,0.011209
Combined_RiskParity,2023-02-01,XLM-USD,0.008648
Combined_RiskParity,2023-02-01,XRP-USD,0.008102
Combined_RiskParity,2023-03-01,ABBV,0.034024
Combined_RiskParity,2023-03-01,ABT,0.017233
Combined_RiskParity,2023-03-01,ADBE,0.011183
Combined_RiskParity,2023-03-01,AEP,0.022209
Combined_RiskParity,2023-03-01,AMD,0.007793
Combined_RiskParity,2023-03-01,AMGN,0.037853
Combined_RiskParity,2023-03-01,AMT,0.015456
Combined_RiskParity,2023-03-01,BA,0.012001
Combined_RiskParity,2023-03-01,CAT,0.015709
Combined_RiskParity,2023-03-01,CCI,0.016321
Combined_RiskParity,2023-03-01,CMCSA,0.017855
Combined_RiskParity,2023-03-01,COP,0.015578
Combined_RiskParity,2023-03-01,CVX,0.019299
Combined_RiskParity,2023-03-01,D,0.025153
Combined_RiskParity,2023-03-01,DD,0.013842
Combined_RiskParity,2023-03-01,DIS,0.012704
Combined_RiskParity,2023-03-01,DOW,0.015858
Combined_RiskParity,2023-03-01,DUK,0.026663
Combined_RiskParity,2023-03-01,EA,0.024017
Combined_RiskParity,2023-03-01,GE,0.013766
Combined_RiskParity,2023-03-01,GILD,0.025825
Combined_RiskParity,2023-03-01,GS,0.015818
Combined_RiskParity,2023-03-01,INTC,0.011673
Combined_RiskParity,2023-03-01,KO,0.026152
Combined_RiskParity,2023-03-01,MMM,0.01813
Combined_RiskParity,2023-03-01,MRK,0.040714
Combined_RiskParity,2023-03-01,MS,0.014127
Combined_RiskParity,2023-03-01,NEE,0.018557
Combined_RiskParity,2023-03-01,NEM,0.019803
Combined_RiskParity,2023-03-01,NKE,0.01088
Combined_RiskParity,2023-03-01,NUE,0.011983
Combined_RiskParity,2023-03-01,NVDA,0.007456
Combined_RiskParity,2023-03-01,O,0.023133
Combined_RiskParity,2023-03-01,OXY,0.013872
Combined_RiskParity,2023-03-01,PLD,0.01318
Combined_RiskParity,2023-03-01,PSA,0.018968
Combined_RiskParity,2023-03-01,QCOM,0.010794
Combined_RiskParity,2023-03-01,SBUX,0.013637
Combined_RiskParity,2023-03-01,SHW,0.016841
Combined_RiskParity,2023-03-01,SLB,0.015611
Combined_RiskParity,2023-03-01,SO,0.023882
Combined_RiskParity,2023-03-01,T,0.025073
Combined_RiskParity,2023-03-01,TMUS,0.019886
Combined_RiskParity,2023-03-01,TTWO,0.016228
Combined_RiskParity,2023-03-01,UPS,0.016942
Combined_RiskParity,2023-03-01,USB,0.017619
Combined_RiskParity,2023-03-01,V,0.015649
Combined_RiskParity,2023-03-01,WFC,0.015168
Combined_RiskParity,2023-03-01,WMT,0.029121
Combined_RiskParity,2023-03-01,XOM,0.019211
Combined_RiskParity,2023-03-01,ADA-USD,0.006975
Combined_RiskParity,2023-03-01,BCH-USD,0.007778
Combined_RiskParity,2023-03-01,BTC-USD,0.008932
Combined_RiskParity,2023-03-01,EOS-USD,0.007313
Combined_RiskParity,2023-03-01,ETC-USD,0.005601
Combined_RiskParity,2023-03-01,ETH-USD,0.00702
Combined_RiskParity,2023-03-01,LTC-USD,0.007778
Combined_RiskParity,2023-03-01,TRX-USD,0.010804
Combined_RiskParity,2023-03-01,XLM-USD,0.008759
Combined_RiskParity,2023-03-01,XRP-USD,0.008591
Combined_RiskParity,2023-04-03,ABBV,0.033959
Combined_RiskParity,2023-04-03,ABT,0.017431
Combined_RiskParity,2023-04-03,ADBE,0.011457
Combined_RiskParity,2023-04-03,AEP,0.022012
Combined_RiskParity,2023-04-03,AMD,0.008248
Combined_RiskParity,2023-04-03,AMGN,0.038127
Combined_RiskParity,2023-04-03,AMT,0.015348
Combined_RiskParity,2023-04-03,BA,0.012219
Combined_RiskParity,2023-04-03,CAT,0.015062
Combined_RiskParity,2023-04-03,CCI,0.016219
Combined_RiskParity,2023-04-03,CMCSA,0.017897
Combined_RiskParity,2023-04-03,COP,0.01509
Combined_RiskParity,2023-04-03,CVX,0.018085
Combined_RiskParity,2023-04-03,D,0.024816
Combined_RiskParity,2023-04-03,DD,0.014289
Combined_RiskParity,2023-04-03,DIS,0.012936
Combined_RiskParity,2023-04-03,DOW,0.016145
Combined_RiskParity,2023-04-03,DUK,0.025903
Combined_RiskParity,2023-04-03,EA,0.0245
Combined_RiskParity,2023-04-03,GE,0.014265
Combined_RiskParity,2023-04-03,GILD,0.025497
Combined_RiskParity,2023-04-03,GS,0.015834
Combined_RiskParity,2023-04-03,INTC,0.012027
Combined_RiskParity,2023-04-03,KO,0.027097
Combined_RiskParity,2023-04-03,MMM,0.018316
Combined_RiskParity,2023-04-03,MRK,0.041175
Combined_RiskParity,2023-04-03,MS,0.014224
Combined_RiskParity,2023-04-03,NEE,0.018135
Combined_RiskParity,2023-04-03,NEM,0.019548
Combined_RiskParity,2023-04-03,NKE,0.011258
Combined_RiskParity,2023-04-03,NUE,0.011909
Combined_RiskParity,2023-04-03,NVDA,0.007875
Combined_RiskParity,2023-04-03,O,0.02294
Combined_RiskParity,2023-04-03,OXY,0.013929
Combined_RiskParity,2023-04-03,PLD,0.012891
Combined_RiskParity,2023-04-03,PSA,0.018706
Combined_RiskParity,2023-04-03,QCOM,0.011323
Combined_RiskParity,2023-04-03,SBUX,0.014418
Combined_RiskParity,2023-04-03,SHW,0.016803
Combined_RiskParity,2023-04-03,SLB,0.014413
Combined_RiskParity,2023-04-03,SO,0.023485
Combined_RiskParity,2023-04-03,T,0.025311
Combined_RiskParity,2023-04-03,TMUS,0.020475
Combined_RiskParity,2023-04-03,TTWO,0.016076
Combined_RiskParity,2023-04-03,UPS,0.017669
Combined_RiskParity,2023-04-03,USB,0.016249
Combined_RiskParity,2023-04-03,V,0.016328
Combined_RiskParity,2023-04-03,WFC,0.01539
Combined_RiskParity,2023-04-03,WMT,0.029268
Combined_RiskParity,2023-04-03,XOM,0.017797
Combined_RiskParity,2023-04-03,ADA-USD,0.007096
Combined_RiskParity,2023-04-03,BCH-USD,0.008031
Combined_RiskParity,2023-04-03,BTC-USD,0.009152
Combined_RiskParity,2023-04-03,EOS-USD,0.007233
Combined_RiskParity,2023-04-03,ETC-USD,0.005776
Combined_RiskParity,2023-04-03,ETH-USD,0.007235
Combined_RiskParity,2023-04-03,LTC-USD,0.007987
Combined_RiskParity,2023-04-03,TRX-USD,0.010276
Combined_RiskParity,2023-04-03,XLM-USD,0.008621
Combined_RiskParity,2023-04-03,XRP-USD,0.008219
Combined_RiskParity,2023-05-01,ABBV,0.034642
Combined_RiskParity,2023-05-01,ABT,0.017952
Combined_RiskParity,2023-05-01,ADBE,0.01157
Combined_RiskParity,2023-05-01,AEP,0.021823
Combined_RiskParity,2023-05-01,AMD,0.008511
Combined_RiskParity,2023-05-01,AMGN,0.037776
Combined_RiskParity,2023-05-01,AMT,0.015157
Combined_RiskParity,2023-05-01,BA,0.01242
Combined_RiskParity,2023-05-01,CAT,0.015306
Combined_RiskParity,2023-05-01,CCI,0.01581
Combined_RiskParity,2023-05-01,CMCSA,0.017498
Combined_RiskParity,2023-05-01,COP,0.015041
Combined_RiskParity,2023-05-01,CVX,0.018137
Combined_RiskParity,2023-05-01,D,0.024406
Combined_RiskParity,2023-05-01,DD,0.0144
Combined_RiskParity,2023-05-01,DIS,0.012921
Combined_RiskParity,2023-05-01,DOW,0.015644
Combined_RiskParity,2023-05-01,DUK,0.025432
Combined_RiskParity,2023-05-01,EA,0.023485
Combined_RiskParity,2023-05-01,GE,0.014842
Combined_RiskParity,2023-05-01,GILD,0.0259
Combined_RiskParity,2023-05-01,GS,0.016244
Combined_RiskParity,2023-05-01,INTC,0.01202
Combined_RiskParity,2023-05-01,KO,0.027189
Combined_RiskParity,2023-05-01,MMM,0.018109
Combined_RiskParity,2023-05-01,MRK,0.040744
Combined_RiskParity,2023-05-01,MS,0.014671
Combined_RiskParity,2023-05-01,NEE,0.017985
Combined_RiskParity,2023-05-01,NEM,0.019846
Combined_RiskParity,2023-05-01,NKE,0.011591
Combined_RiskParity,2023-05-01,NUE,0.011892
Combined_RiskParity,2023-05-01,NVDA,0.008058
Combined_RiskParity,2023-05-01,O,0.023141
Combined_RiskParity,2023-05-01,OXY,0.014268
Combined_RiskParity,2023-05-01,PLD,0.012772
Combined_RiskParity,2023-05-01,PSA,0.01886
Combined_RiskParity,2023-05-01,QCOM,0.011378
Combined_RiskParity,2023-05-01,SBUX,0.014633
Combined_RiskParity,2023-05-01,SHW,0.015888
Combined_RiskParity,2023-05-01,SLB,0.013918
Combined_RiskParity,2023-05-01,SO,0.023283
Combined_RiskParity,2023-05-01,T,0.023447
Combined_RiskParity,2023-05-01,TMUS,0.021336
Combined_RiskParity,2023-05-01,TTWO,0.015926
Combined_RiskParity,2023-05-01,UPS,0.017242
Combined_RiskParity,2023-05-01,USB,0.015911
Combined_RiskParity,2023-05-01,V,0.016792
Combined_RiskParity,2023-05-01,WFC,0.015329
Combined_RiskParity,2023-05-01,WMT,0.030002
Combined_RiskParity,2023-05-01,XOM,0.017663
Combined_RiskParity,2023-05-01,ADA-USD,0.00726
Combined_RiskParity,2023-05-01,BCH-USD,0.008082
Combined_RiskParity,2023-05-01,BTC-USD,0.009357
Combined_RiskParity,2023-05-01,EOS-USD,0.007542
Combined_RiskParity,2023-05-01,ETC-USD,0.005848
Combined_RiskParity,2023-05-01,ETH-USD,0.007352
Combined_RiskParity,2023-05-01,LTC-USD,0.008151
Combined_RiskParity,2023-05-01,TRX-USD,0.010435
Combined_RiskParity,2023-05-01,XLM-USD,0.008751
Combined_RiskParity,2023-05-01,XRP-USD,0.00841
Combined_RiskParity,2023-06-01,ABBV,0.03386
Combined_RiskParity,2023-06-01,ABT,0.018806
Combined_RiskParity,2023-06-01,ADBE,0.011376
Combined_RiskParity,2023-06-01,AEP,0.020749
Combined_RiskParity,2023-06-01,AMD,0.009228
Combined_RiskParity,2023-06-01,AMGN,0.032679
Combined_RiskParity,2023-06-01,AMT,0.014963
Combined_RiskParity,2023-06-01,BA,0.013348
Combined_RiskParity,2023-06-01,CAT,0.014795
Combined_RiskParity,2023-06-01,CCI,0.015189
Combined_RiskParity,2023-06-01,CMCSA,0.016693
Combined_RiskParity,2023-06-01,COP,0.015565
Combined_RiskParity,2023-06-01,CVX,0.018339
Combined_RiskParity,2023-06-01,D,0.022689
Combined_RiskParity,2023-06-01,DD,0.013916
Combined_RiskParity,2023-06-01,DIS,0.012409
Combined_RiskParity,2023-06-01,DOW,0.014783
Combined_RiskParity,2023-06-01,DUK,0.02392
Combined_RiskParity,2023-06-01,EA,0.023783
Combined_RiskParity,2023-06-01,GE,0.015182
Combined_RiskParity,2023-06-01,GILD,0.024744
Combined_RiskParity,2023-06-01,GS,0.016137
Combined_RiskParity,2023-06-01,INTC,0.012137
Combined_RiskParity,2023-06-01,KO,0.029438
Combined_RiskParity,2023-06-01,MMM,0.016834
Combined_RiskParity,2023-06-01,MRK,0.040753
Combined_RiskParity,2023-06-01,MS,0.01478
Combined_RiskParity,2023-06-01,NEE,0.018223
Combined_RiskParity,2023-06-01,NEM,0.019348
Combined_RiskParity,2023-06-01,NKE,0.011524
Combined_RiskParity,2023-06-01,NUE,0.012041
Combined_RiskParity,2023-06-01,NVDA,0.008602
Combined_RiskParity,2023-06-01,O,0.02318
Combined_RiskParity,2023-06-01,OXY,0.015481
Combined_RiskParity,2023-06-01,PLD,0.013249
Combined_RiskParity,2023-06-01,PSA,0.019951
Combined_RiskParity,2023-06-01,QCOM,0.011716
Combined_RiskParity,2023-06-01,SBUX,0.015929
Combined_RiskParity,2023-06-01,SHW,0.014975
Combined_RiskParity,2023-06-01,SLB,0.014936
Combined_RiskParity,2023-06-01,SO,0.022182
Combined_RiskParity,2023-06-01,T,0.022774
Combined_RiskParity,2023-06-01,TMUS,0.024588
Combined_RiskParity,2023-06-01,TTWO,0.016943
Combined_RiskParity,2023-06-01,UPS,0.017267
Combined_RiskParity,2023-06-01,USB,0.013962
Combined_RiskParity,2023-06-01,V,0.017339
Combined_RiskParity,2023-06-01,WFC,0.015093
Combined_RiskParity,2023-06-01,WMT,0.028566
Combined_RiskParity,2023-06-01,XOM,0.017901
Combined_RiskParity,2023-06-01,ADA-USD,0.008242
Combined_RiskParity,2023-06-01,BCH-USD,0.008493
Combined_RiskParity,2023-06-01,BTC-USD,0.009358
Combined_RiskParity,2023-06-01,EOS-USD,0.007827
Combined_RiskParity,2023-06-01,ETC-USD,0.006083
Combined_RiskParity,2023-06-01,ETH-USD,0.007197
Combined_RiskParity,2023-06-01,LTC-USD,0.008826
Combined_RiskParity,2023-06-01,TRX-USD,0.012805
Combined_RiskParity,2023-06-01,XLM-USD,0.009372
Combined_RiskParity,2023-06-01,XRP-USD,0.008931
Combined_RiskParity,2023-07-03,ABBV,0.034947
Combined_RiskParity,2023-07-03,ABT,0.019526
Combined_RiskParity,2023-07-03,ADBE,0.011343
Combined_RiskParity,2023-07-03,AEP,0.020498
Combined_RiskParity,2023-07-03,AMD,0.009912
Combined_RiskParity,2023-07-03,AMGN,0.031182
Combined_RiskParity,2023-07-03,AMT,0.014948
Combined_RiskParity,2023-07-03,BA,0.014059
Combined_RiskParity,2023-07-03,CAT,0.013802
Combined_RiskParity,2023-07-03,CCI,0.01525
Combined_RiskParity,2023-07-03,CMCSA,0.016184
Combined_RiskParity,2023-07-03,COP,0.015311
Combined_RiskParity,2023-07-03,CVX,0.017927
Combined_RiskParity,2023-07-03,D,0.022053
Combined_RiskParity,2023-07-03,DD,0.013841
Combined_RiskParity,2023-07-03,DIS,0.011751
Combined_RiskParity,2023-07-03,DOW,0.014297
Combined_RiskParity,2023-07-03,DUK,0.023239
Combined_RiskParity,2023-07-03,EA,0.024066
Combined_RiskParity,2023-07-03,GE,0.015912
Combined_RiskParity,2023-07-03,GILD,0.023819
Combined_RiskParity,2023-07-03,GS,0.016088
Combined_RiskParity,2023-07-03,INTC,0.011685
Combined_RiskParity,2023-07-03,KO,0.028257
Combined_RiskParity,2023-07-03,MMM,0.014999
Combined_RiskParity,2023-07-03,MRK,0.044651
Combined_RiskParity,2023-07-03,MS,0.014497
Combined_RiskParity,2023-07-03,NEE,0.018919
Combined_RiskParity,2023-07-03,NEM,0.017172
Combined_RiskParity,2023-07-03,NKE,0.01153
Combined_RiskParity,2023-07-03,NUE,0.011816
Combined_RiskParity,2023-07-03,NVDA,0.00908
Combined_RiskParity,2023-07-03,O,0.023546
Combined_RiskParity,2023-07-03,OXY,0.01564
Combined_RiskParity,2023-07-03,PLD,0.013802
Combined_RiskParity,2023-07-03,PSA,0.019192
Combined_RiskParity,2023-07-03,QCOM,0.011394
Combined_RiskParity,2023-07-03,SBUX,0.016632
Combined_RiskParity,2023-07-03,SHW,0.014863
Combined_RiskParity,2023-07-03,SLB,0.014457
Combined_RiskParity,2023-07-03,SO,0.022095
Combined_RiskParity,2023-07-03,T,0.023883
Combined_RiskParity,2023-07-03,TMUS,0.027349
Combined_RiskParity,2023-07-03,TTWO,0.017192
Combined_RiskParity,2023-07-03,UPS,0.015938
Combined_RiskParity,2023-07-03,USB,0.013029
Combined_RiskParity,2023-07-03,V,0.018295
Combined_RiskParity,2023-07-03,WFC,0.015084
Combined_RiskParity,2023-07-03,WMT,0.027214
Combined_RiskParity,2023-07-03,XOM,0.01765
Combined_RiskParity,2023-07-03,ADA-USD,0.008167
Combined_RiskParity,2023-07-03,BCH-USD,0.008099
Combined_RiskParity,2023-07-03,BTC-USD,0.010023
Combined_RiskParity,2023-07-03,EOS-USD,0.007713
Combined_RiskParity,2023-07-03,ETC-USD,0.005896
Combined_RiskParity,2023-07-03,ETH-USD,0.007643
Combined_RiskParity,2023-07-03,LTC-USD,0.008651
Combined_RiskParity,2023-07-03,TRX-USD,0.014809
Combined_RiskParity,2023-07-03,XLM-USD,0.009714
Combined_RiskParity,2023-07-03,XRP-USD,0.00947
Combined_RiskParity,2023-08-01,ABBV,0.03478
Combined_RiskParity,2023-08-01,ABT,0.019951
Combined_RiskParity,2023-08-01,ADBE,0.011527
Combined_RiskParity,2023-08-01,AEP,0.019947
Combined_RiskParity,2023-08-01,AMD,0.010382
Combined_RiskParity,2023-08-01,AMGN,0.03047
Combined_RiskParity,2023-08-01,AMT,0.014973
Combined_RiskParity,2023-08-01,BA,0.014232
Combined_RiskParity,2023-08-01,CAT,0.014339
Combined_RiskParity,2023-08-01,CCI,0.015414
Combined_RiskParity,2023-08-01,CMCSA,0.015807
Combined_RiskParity,2023-08-01,COP,0.015386
Combined_RiskParity,2023-08-01,CVX,0.018267
Combined_RiskParity,2023-08-01,D,0.021153
Combined_RiskParity,2023-08-01,DD,0.014136
Combined_RiskParity,2023-08-01,DIS,0.011982
Combined_RiskParity,2023-08-01,DOW,0.01454
Combined_RiskParity,2023-08-01,DUK,0.02225
Combined_RiskParity,2023-08-01,EA,0.02436
Combined_RiskParity,2023-08-01,GE,0.016503
Combined_RiskParity,2023-08-01,GILD,0.023526
Combined_RiskParity,2023-08-01,GS,0.016731
Combined_RiskParity,2023-08-01,INTC,0.01168
Combined_RiskParity,2023-08-01,KO,0.028119
Combined_RiskParity,2023-08-01,MMM,0.01412
Combined_RiskParity,2023-08-01,MRK,0.043501
Combined_RiskParity,2023-08-01,MS,0.014833
Combined_RiskParity,2023-08-01,NEE,0.018857
Combined_RiskParity,2023-08-01,NEM,0.016911
Combined_RiskParity,2023-08-01,NKE,0.011883
Combined_RiskParity,2023-08-01,NUE,0.012279
Combined_RiskParity,2023-08-01,NVDA,0.00929
Combined_RiskParity,2023-08-01,O,0.023186
Combined_RiskParity,2023-08-01,OXY,0.015975
Combined_RiskParity,2023-08-01,PLD,0.014116
Combined_RiskParity,2023-08-01,PSA,0.019629
Combined_RiskParity,2023-08-01,QCOM,0.011152
Combined_RiskParity,2023-08-01,SBUX,0.017031
Combined_RiskParity,2023-08-01,SHW,0.014004
Combined_RiskParity,2023-08-01,SLB,0.01475
Combined_RiskParity,2023-08-01,SO,0.02178
Combined_RiskParity,2023-08-01,T,0.022618
Combined_RiskParity,2023-08-01,TMUS,0.028458
Combined_RiskParity,2023-08-01,TTWO,0.017123
Combined_RiskParity,2023-08-01,UPS,0.016247
Combined_RiskParity,2023-08-01,USB,0.012522
Combined_RiskParity,2023-08-01,V,0.018428
Combined_RiskParity,2023-08-01,WFC,0.015626
Combined_RiskParity,2023-08-01,WMT,0.028561
Combined_RiskParity,2023-08-01,XOM,0.018146
Combined_RiskParity,2023-08-01,ADA-USD,0.007869
Combined_RiskParity,2023-08-01,BCH-USD,0.009146
Combined_RiskParity,2023-08-01,BTC-USD,0.010437
Combined_RiskParity,2023-08-01,EOS-USD,0.007759
Combined_RiskParity,2023-08-01,ETC-USD,0.006517
Combined_RiskParity,2023-08-01,ETH-USD,0.007886
Combined_RiskParity,2023-08-01,LTC-USD,0.008682
Combined_RiskParity,2023-08-01,TRX-USD,0.014777
Combined_RiskParity,2023-08-01,XLM-USD,0.007923
Combined_RiskParity,2023-08-01,XRP-USD,0.007523
Combined_RiskParity,2023-09-01,ABBV,0.034797
Combined_RiskParity,2023-09-01,ABT,0.020231
Combined_RiskParity,2023-09-01,ADBE,0.011717
Combined_RiskParity,2023-09-01,AEP,0.019864
Combined_RiskParity,2023-09-01,AMD,0.010238
Combined_RiskParity,2023-09-01,AMGN,0.03107
Combined_RiskParity,2023-09-01,AMT,0.014757
Combined_RiskParity,2023-09-01,BA,0.01428
Combined_RiskParity,2023-09-01,CAT,0.014989
Combined_RiskParity,2023-09-01,CCI,0.015347
Combined_RiskParity,2023-09-01,CMCSA,0.015835
Combined_RiskParity,2023-09-01,COP,0.015181
Combined_RiskParity,2023-09-01,CVX,0.01826
Combined_RiskParity,2023-09-01,D,0.020579
Combined_RiskParity,2023-09-01,DD,0.014876
Combined_RiskParity,2023-09-01,DIS,0.012264
Combined_RiskParity,2023-09-01,DOW,0.014863
Combined_RiskParity,2023-09-01,DUK,0.021988
Combined_RiskParity,2023-09-01,EA,0.022122
Combined_RiskParity,2023-09-01,GE,0.017005
Combined_RiskParity,2023-09-01,GILD,0.022965
Combined_RiskParity,2023-09-01,GS,0.016824
Combined_RiskParity,2023-09-01,INTC,0.011501
Combined_RiskParity,2023-09-01,KO,0.02902
Combined_RiskParity,2023-09-01,MMM,0.014832
Combined_RiskParity,2023-09-01,MRK,0.041688
Combined_RiskParity,2023-09-01,MS,0.015165
Combined_RiskParity,2023-09-01,NEE,0.018518
Combined_RiskParity,2023-09-01,NEM,0.017021
Combined_RiskParity,2023-09-01,NKE,0.012194
Combined_RiskParity,2023-09-01,NUE,0.012541
Combined_RiskParity,2023-09-01,NVDA,0.009807
Combined_RiskParity,2023-09-01,O,0.022768
Combined_RiskParity,2023-09-01,OXY,0.015338
Combined_RiskParity,2023-09-01,PLD,0.014172
Combined_RiskParity,2023-09-01,PSA,0.01954
Combined_RiskParity,2023-09-01,QCOM,0.011322
Combined_RiskParity,2023-09-01,SBUX,0.017547
Combined_RiskParity,2023-09-01,SHW,0.014295
Combined_RiskParity,2023-09-01,SLB,0.014528
Combined_RiskParity,2023-09-01,SO,0.021296
Combined_RiskParity,2023-09-01,T,0.02212
Combined_RiskParity,2023-09-01,TMUS,0.028021
Combined_RiskParity,2023-09-01,TTWO,0.01672
Combined_RiskParity,2023-09-01,UPS,0.01612
Combined_RiskParity,2023-09-01,USB,0.012413
Combined_RiskParity,2023-09-01,V,0.018819
Combined_RiskParity,2023-09-01,WFC,0.015935
Combined_RiskParity,2023-09-01,WMT,0.029961
Combined_RiskParity,2023-09-01,XOM,0.018295
Combined_RiskParity,2023-09-01,ADA-USD,0.008
Combined_RiskParity,2023-09-01,BCH-USD,0.008827
Combined_RiskParity,2023-09-01,BTC-USD,0.010628
Combined_RiskParity,2023-09-01,EOS-USD,0.007687
Combined_RiskParity,2023-09-01,ETC-USD,0.006669
Combined_RiskParity,2023-09-01,ETH-USD,0.008416
Combined_RiskParity,2023-09-01,LTC-USD,0.008365
Combined_RiskParity,2023-09-01,TRX-USD,0.015053
Combined_RiskParity,2023-09-01,XLM-USD,0.007611
Combined_RiskParity,2023-09-01,XRP-USD,0.007196
Combined_RiskParity,2023-10-02,ABBV,0.033769
Combined_RiskParity,2023-10-02,ABT,0.01987
Combined_RiskParity,2023-10-02,ADBE,0.012532
Combined_RiskParity,2023-10-02,AEP,0.019913
Combined_RiskParity,2023-10-02,AMD,0.010145
Combined_RiskParity,2023-10-02,AMGN,0.032315
Combined_RiskParity,2023-10-02,AMT,0.014146
Combined_RiskParity,2023-10-02,BA,0.01503
Combined_RiskParity,2023-10-02,CAT,0.015091
Combined_RiskParity,2023-10-02,CCI,0.014902
Combined_RiskParity,2023-10-02,CMCSA,0.017054
Combined_RiskParity,2023-10-02,COP,0.015202
Combined_RiskParity,2023-10-02,CVX,0.018556
Combined_RiskParity,2023-10-02,D,0.019919
Combined_RiskParity,2023-10-02,DD,0.015319
Combined_RiskParity,2023-10-02,DIS,0.012342
Combined_RiskParity,2023-10-02,DOW,0.014808
Combined_RiskParity,2023-10-02,DUK,0.022281
Combined_RiskParity,2023-10-02,EA,0.022614
Combined_RiskParity,2023-10-02,GE,0.016981
Combined_RiskParity,2023-10-02,GILD,0.023976
Combined_RiskParity,2023-10-02,GS,0.016478
Combined_RiskParity,2023-10-02,INTC,0.011364
Combined_RiskParity,2023-10-02,KO,0.030079
Combined_RiskParity,2023-10-02,MMM,0.014486
Combined_RiskParity,2023-10-02,MRK,0.041577
Combined_RiskParity,2023-10-02,MS,0.014539
Combined_RiskParity,2023-10-02,NEE,0.01807
Combined_RiskParity,2023-10-02,NEM,0.017049
Combined_RiskParity,2023-10-02,NKE,0.012344
Combined_RiskParity,2023-10-02,NUE,0.011792
Combined_RiskParity,2023-10-02,NVDA,0.009645
Combined_RiskParity,2023-10-02,O,0.021776
Combined_RiskParity,2023-10-02,OXY,0.015066
Combined_RiskParity,2023-10-02,PLD,0.013596
Combined_RiskParity,2023-10-02,PSA,0.018988
Combined_RiskParity,2023-10-02,QCOM,0.010935
Combined_RiskParity,2023-10-02,SBUX,0.016917
Combined_RiskParity,2023-10-02,SHW,0.013941
Combined_RiskParity,2023-10-02,SLB,0.015254
Combined_RiskParity,2023-10-02,SO,0.02109
Combined_RiskParity,2023-10-02,T,0.022164
Combined_RiskParity,2023-10-02,TMUS,0.030963
Combined_RiskParity,2023-10-02,TTWO,0.016919
Combined_RiskParity,2023-10-02,UPS,0.015763
Combined_RiskParity,2023-10-02,USB,0.011755
Combined_RiskParity,2023-10-02,V,0.018915
Combined_RiskParity,2023-10-02,WFC,0.015725
Combined_RiskParity,2023-10-02,WMT,0.029963
Combined_RiskParity,2023-10-02,XOM,0.018293
Combined_RiskParity,2023-10-02,ADA-USD,0.007658
Combined_RiskParity,2023-10-02,BCH-USD,0.008565
Combined_RiskParity,2023-10-02,BTC-USD,0.011103
Combined_RiskParity,2023-10-02,EOS-USD,0.008295
Combined_RiskParity,2023-10-02,ETC-USD,0.006673
Combined_RiskParity,2023-10-02,ETH-USD,0.008543
Combined_RiskParity,2023-10-02,LTC-USD,0.008045
Combined_RiskParity,2023-10-02,TRX-USD,0.014555
Combined_RiskParity,2023-10-02,XLM-USD,0.007437
Combined_RiskParity,2023-10-02,XRP-USD,0.006918
Combined_RiskParity,2023-11-01,ABBV,0.035444
Combined_RiskParity,2023-11-01,ABT,0.021649
Combined_RiskParity,2023-11-01,ADBE,0.011815
Combined_RiskParity,2023-11-01,AEP,0.020747
Combined_RiskParity,2023-11-01,AMD,0.01058
Combined_RiskParity,2023-11-01,AMGN,0.031001
Combined_RiskParity,2023-11-01,AMT,0.014024
Combined_RiskParity,2023-11-01,BA,0.014785
Combined_RiskParity,2023-11-01,CAT,0.015035
Combined_RiskParity,2023-11-01,CCI,0.014339
Combined_RiskParity,2023-11-01,CMCSA,0.017131
Combined_RiskParity,2023-11-01,COP,0.015228
Combined_RiskParity,2023-11-01,CVX,0.018955
Combined_RiskParity,2023-11-01,D,0.020385
Combined_RiskParity,2023-11-01,DD,0.015751
Combined_RiskParity,2023-11-01,DIS,0.012273
Combined_RiskParity,2023-11-01,DOW,0.014511
Combined_RiskParity,2023-11-01,DUK,0.024146
Combined_RiskParity,2023-11-01,EA,0.022153
Combined_RiskParity,2023-11-01,GE,0.01721
Combined_RiskParity,2023-11-01,GILD,0.027893
Combined_RiskParity,2023-11-01,GS,0.016503
Combined_RiskParity,2023-11-01,INTC,0.012239
Combined_RiskParity,2023-11-01,KO,0.029199
Combined_RiskParity,2023-11-01,MMM,0.013651
Combined_RiskParity,2023-11-01,MRK,0.043642
Combined_RiskParity,2023-11-01,MS,0.014593
Combined_RiskParity,2023-11-01,NEE,0.017727
Combined_RiskParity,2023-11-01,NEM,0.015978
Combined_RiskParity,2023-11-01,NKE,0.0126
Combined_RiskParity,2023-11-01,NUE,0.011581
Combined_RiskParity,2023-11-01,NVDA,0.009984
Combined_RiskParity,2023-11-01,O,0.022244
Combined_RiskParity,2023-11-01,OXY,0.014069
Combined_RiskParity,2023-11-01,PLD,0.012744
Combined_RiskParity,2023-11-01,PSA,0.017536
Combined_RiskParity,2023-11-01,QCOM,0.010904
Combined_RiskParity,2023-11-01,SBUX,0.016835
Combined_RiskParity,2023-11-01,SHW,0.014541
Combined_RiskParity,2023-11-01,SLB,0.015386
Combined_RiskParity,2023-11-01,SO,0.022535
Combined_RiskParity,2023-11-01,T,0.02306
Combined_RiskParity,2023-11-01,TMUS,0.033584
Combined_RiskParity,2023-11-01,TTWO,0.015639
Combined_RiskParity,2023-11-01,UPS,0.014793
Combined_RiskParity,2023-11-01,USB,0.010503
Combined_RiskParity,2023-11-01,V,0.01888
Combined_RiskParity,2023-11-01,WFC,0.015224
Combined_RiskParity,2023-11-01,WMT,0.031574
Combined_RiskParity,2023-11-01,XOM,0.018549
Combined_RiskParity,2023-11-01,ADA-USD,0.007354
Combined_RiskParity,2023-11-01,BCH-USD,0.007689
Combined_RiskParity,2023-11-01,BTC-USD,0.01051
Combined_RiskParity,2023-11-01,EOS-USD,0.007483
Combined_RiskParity,2023-11-01,ETC-USD,0.005952
Combined_RiskParity,2023-11-01,ETH-USD,0.007938
Combined_RiskParity,2023-11-01,LTC-USD,0.007196
Combined_RiskParity,2023-11-01,TRX-USD,0.012273
Combined_RiskParity,2023-11-01,XLM-USD,0.006267
Combined_RiskParity,2023-11-01,XRP-USD,0.005989
Combined_RiskParity,2023-12-01,ABBV,0.037432
Combined_RiskParity,2023-12-01,ABT,0.022886
Combined_RiskParity,2023-12-01,ADBE,0.012586
Combined_RiskParity,2023-12-01,AEP,0.019835
Combined_RiskParity,2023-12-01,AMD,0.012399
Combined_RiskParity,2023-12-01,AMGN,0.025177
Combined_RiskParity,2023-12-01,AMT,0.014172
Combined_RiskParity,2023-12-01,BA,0.014062
Combined_RiskParity,2023-12-01,CAT,0.014026
Combined_RiskParity,2023-12-01,CCI,0.014356
Combined_RiskParity,2023-12-01,CMCSA,0.016772
Combined_RiskParity,2023-12-01,COP,0.015484
Combined_RiskParity,2023-12-01,CVX,0.019156
Combined_RiskParity,2023-12-01,D,0.018272
Combined_RiskParity,2023-12-01,DD,0.01451
Combined_RiskParity,2023-12-01,DIS,0.013708
Combined_RiskParity,2023-12-01,DOW,0.015265
Combined_RiskParity,2023-12-01,DUK,0.023518
Combined_RiskParity,2023-12-01,EA,0.021445
Combined_RiskParity,2023-12-01,GE,0.017349
Combined_RiskParity,2023-12-01,GILD,0.023757
Combined_RiskParity,2023-12-01,GS,0.015138
Combined_RiskParity,2023-12-01,INTC,0.013125
Combined_RiskParity,2023-12-01,KO,0.031945
Combined_RiskParity,2023-12-01,MMM,0.012931
Combined_RiskParity,2023-12-01,MRK,0.03804
Combined_RiskParity,2023-12-01,MS,0.013596
Combined_RiskParity,2023-12-01,NEE,0.017157
Combined_RiskParity,2023-12-01,NEM,0.017772
Combined_RiskParity,2023-12-01,NKE,0.01354
Combined_RiskParity,2023-12-01,NUE,0.01151
Combined_RiskParity,2023-12-01,NVDA,0.011884
Combined_RiskParity,2023-12-01,O,0.02105
Combined_RiskParity,2023-12-01,OXY,0.016203
Combined_RiskParity,2023-12-01,PLD,0.012359
Combined_RiskParity,2023-12-01,PSA,0.017958
Combined_RiskParity,2023-12-01,QCOM,0.011103
Combined_RiskParity,2023-12-01,SBUX,0.016307
Combined_RiskParity,2023-12-01,SHW,0.014792
Combined_RiskParity,2023-12-01,SLB,0.01408
Combined_RiskParity,2023-12-01,SO,0.021675
Combined_RiskParity,2023-12-01,T,0.0222
Combined_RiskParity,2023-12-01,TMUS,0.031672
Combined_RiskParity,2023-12-01,TTWO,0.014945
Combined_RiskParity,2023-12-01,UPS,0.015175
Combined_RiskParity,2023-12-01,USB,0.00915
Combined_RiskParity,2023-12-01,V,0.020956
Combined_RiskParity,2023-12-01,WFC,0.014183
Combined_RiskParity,2023-12-01,WMT,0.033708
Combined_RiskParity,2023-12-01,XOM,0.018778
Combined_RiskParity,2023-12-01,ADA-USD,0.00792
Combined_RiskParity,2023-12-01,BCH-USD,0.008932
Combined_RiskParity,2023-12-01,BTC-USD,0.012467
Combined_RiskParity,2023-12-01,EOS-USD,0.008207
Combined_RiskParity,2023-12-01,ETC-USD,0.007109
Combined_RiskParity,2023-12-01,ETH-USD,0.010936
Combined_RiskParity,2023-12-01,LTC-USD,0.008537
Combined_RiskParity,2023-12-01,TRX-USD,0.013023
Combined_RiskParity,2023-12-01,XLM-USD,0.006939
Combined_RiskParity,2023-12-01,XRP-USD,0.006827
Combined_TwoStage_MinVariance,2021-01-04,ABBV,0.162569
Combined_TwoStage_MinVariance,2021-01-04,ABT,0.0
Combined_TwoStage_MinVariance,2021-01-04,ADBE,0.0
Combined_TwoStage_MinVariance,2021-01-04,AEP,0.0
Combined_TwoStage_MinVariance,2021-01-04,AMD,0.0
Combined_TwoStage_MinVariance,2021-01-04,AMGN,0.0
Combined_TwoStage_MinVariance,2021-01-04,AMT,0.0
Combined_TwoStage_MinVariance,2021-01-04,BA,0.0
Combined_TwoStage_MinVariance,2021-01-04,CAT,0.0
Combined_TwoStage_MinVariance,2021-01-04,CCI,0.0
Combined_TwoStage_MinVariance,2021-01-04,CMCSA,0.0
Combined_TwoStage_MinVariance,2021-01-04,COP,0.0
Combined_TwoStage_MinVariance,2021-01-04,CVX,0.0
Combined_TwoStage_MinVariance,2021-01-04,D,0.0
Combined_TwoStage_MinVariance,2021-01-04,DD,0.0
Combined_TwoStage_MinVariance,2021-01-04,DIS,0.0
Combined_TwoStage_MinVariance,2021-01-04,DOW,0.0
Combined_TwoStage_MinVariance,2021-01-04,DUK,0.0
Combined_TwoStage_MinVariance,2021-01-04,EA,0.073241
Combined_TwoStage_MinVariance,2021-01-04,GE,0.0
Combined_TwoStage_MinVariance,2021-01-04,GILD,0.127372
Combined_TwoStage_MinVariance,2021-01-04,GS,0.0
Combined_TwoStage_MinVariance,2021-01-04,INTC,0.0
Combined_TwoStage_MinVariance,2021-01-04,KO,0.0
Combined_TwoStage_MinVariance,2021-01-04,MMM,0.078526
Combined_TwoStage_MinVariance,2021-01-04,MRK,0.058177
Combined_TwoStage_MinVariance,2021-01-04,MS,0.0
Combined_TwoStage_MinVariance,2021-01-04,NEE,0.0
Combined_TwoStage_MinVariance,2021-01-04,NEM,0.1372
Combined_TwoStage_MinVariance,2021-01-04,NKE,0.005322
Combined_TwoStage_MinVariance,2021-01-04,NUE,0.0
Combined_TwoStage_MinVariance,2021-01-04,NVDA,0.0
Combined_TwoStage_MinVariance,2021-01-04,O,0.0
Combined_TwoStage_MinVariance,2021-01-04,OXY,0.0
Combined_TwoStage_MinVariance,2021-01-04,PLD,0.0
Combined_TwoStage_MinVariance,2021-01-04,PSA,0.07534
Combined_TwoStage_MinVariance,2021-01-04,QCOM,0.0
Combined_TwoStage_MinVariance,2021-01-04,SBUX,0.0
Combined_TwoStage_MinVariance,2021-01-04,SHW,0.0
Combined_TwoStage_MinVariance,2021-01-04,SLB,0.0
Combined_TwoStage_MinVariance,2021-01-04,SO,0.0
Combined_TwoStage_MinVariance,2021-01-04,T,0.0
Combined_TwoStage_MinVariance,2021-01-04,TMUS,0.0
Combined_TwoStage_MinVariance,2021-01-04,TTWO,0.037309
Combined_TwoStage_MinVariance,2021-01-04,UPS,0.013935
Combined_TwoStage_MinVariance,2021-01-04,USB,0.0
Combined_TwoStage_MinVariance,2021-01-04,V,0.0
Combined_TwoStage_MinVariance,2021-01-04,WFC,0.0
Combined_TwoStage_MinVariance,2021-01-04,WMT,0.23101
Combined_TwoStage_MinVariance,2021-01-04,XOM,0.0
Combined_TwoStage_MinVariance,2021-01-04,ADA-USD,0.0
Combined_TwoStage_MinVariance,2021-01-04,BCH-USD,0.0
Combined_TwoStage_MinVariance,2021-01-04,BTC-USD,0.0
Combined_TwoStage_MinVariance,2021-01-04,EOS-USD,0.0
Combined_TwoStage_MinVariance,2021-01-04,ETC-USD,0.0
Combined_TwoStage_MinVariance,2021-01-04,ETH-USD,0.0
Combined_TwoStage_MinVariance,2021-01-04,LTC-USD,0.0
Combined_TwoStage_MinVariance,2021-01-04,TRX-USD,0.0
Combined_TwoStage_MinVariance,2021-01-04,XLM-USD,0.0
Combined_TwoStage_MinVariance,2021-01-04,XRP-USD,0.0
Combined_TwoStage_MinVariance,2021-02-01,ABBV,0.148371
Combined_TwoStage_MinVariance,2021-02-01,ABT,0.0
Combined_TwoStage_MinVariance,2021-02-01,ADBE,0.0
Combined_TwoStage_MinVariance,2021-02-01,AEP,0.0
Combined_TwoStage_MinVariance,2021-02-01,AMD,0.0
Combined_TwoStage_MinVariance,2021-02-01,AMGN,0.0
Combined_TwoStage_MinVariance,2021-02-01,AMT,0.0
Combined_TwoStage_MinVariance,2021-02-01,BA,0.0
Combined_TwoStage_MinVariance,2021-02-01,CAT,0.0
Combined_TwoStage_MinVariance,2021-02-01,CCI,0.0
Combined_TwoStage_MinVariance,2021-02-01,CMCSA,0.0
Combined_TwoStage_MinVariance,2021-02-01,COP,0.0
Combined_TwoStage_MinVariance,2021-02-01,CVX,0.0
Combined_TwoStage_MinVariance,2021-02-01,D,0.0
Combined_TwoStage_MinVariance,2021-02-01,DD,0.0
Combined_TwoStage_MinVariance,2021-02-01,DIS,0.0
Combined_TwoStage_MinVariance,2021-02-01,DOW,0.0
Combined_TwoStage_MinVariance,2021-02-01,DUK,0.0
Combined_TwoStage_MinVariance,2021-02-01,EA,0.087051
Combined_TwoStage_MinVariance,2021-02-01,GE,0.0
Combined_TwoStage_MinVariance,2021-02-01,GILD,0.119982
Combined_TwoStage_MinVariance,2021-02-01,GS,0.0
Combined_TwoStage_MinVariance,2021-02-01,INTC,0.0
Combined_TwoStage_MinVariance,2021-02-01,KO,0.0
Combined_TwoStage_MinVariance,2021-02-01,MMM,0.101397
Combined_TwoStage_MinVariance,2021-02-01,MRK,0.067553
Combined_TwoStage_MinVariance,2021-02-01,MS,0.0
Combined_TwoStage_MinVariance,2021-02-01,NEE,0.0
Combined_TwoStage_MinVariance,2021-02-01,NEM,0.1282
Combined_TwoStage_MinVariance,2021-02-01,NKE,0.0
Combined_TwoStage_MinVariance,2021-02-01,NUE,0.0
Combined_TwoStage_MinVariance,2021-02-01,NVDA,0.0
Combined_TwoStage_MinVariance,2021-02-01,O,0.0
Combined_TwoStage_MinVariance,2021-02-01,OXY,0.0
Combined_TwoStage_MinVariance,2021-02-01,PLD,0.0
Combined_TwoStage_MinVariance,2021-02-01,PSA,0.080806
Combined_TwoStage_MinVariance,2021-02-01,QCOM,0.0
Combined_TwoStage_MinVariance,2021-02-01,SBUX,0.0
Combined_TwoStage_MinVariance,2021-02-01,SHW,0.0
Combined_TwoStage_MinVariance,2021-02-01,SLB,0.0
Combined_TwoStage_MinVariance,2021-02-01,SO,0.0
Combined_TwoStage_MinVariance,2021-02-01,T,0.0
Combined_TwoStage_MinVariance,2021-02-01,TMUS,0.0
Combined_TwoStage_MinVariance,2021-02-01,TTWO,0.031613
Combined_TwoStage_MinVariance,2021-02-01,UPS,0.007047
Combined_TwoStage_MinVariance,2021-02-01,USB,0.0
Combined_TwoStage_MinVariance,2021-02-01,V,0.0
Combined_TwoStage_MinVariance,2021-02-01,WFC,0.0
Combined_TwoStage_MinVariance,2021-02-01,WMT,0.227979
Combined_TwoStage_MinVariance,2021-02-01,XOM,0.0
Combined_TwoStage_MinVariance,2021-02-01,ADA-USD,0.0
Combined_TwoStage_MinVariance,2021-02-01,BCH-USD,0.0
Combined_TwoStage_MinVariance,2021-02-01,BTC-USD,0.0
Combined_TwoStage_MinVariance,2021-02-01,EOS-USD,0.0
Combined_TwoStage_MinVariance,2021-02-01,ETC-USD,0.0
Combined_TwoStage_MinVariance,2021-02-01,ETH-USD,0.0
Combined_TwoStage_MinVariance,2021-02-01,LTC-USD,0.0
Combined_TwoStage_MinVariance,2021-02-01,TRX-USD,0.0
Combined_TwoStage_MinVariance,2021-02-01,XLM-USD,0.0
Combined_TwoStage_MinVariance,2021-02-01,XRP-USD,0.0
Combined_TwoStage_MinVariance,2021-03-01,ABBV,0.180072
Combined_TwoStage_MinVariance,2021-03-01,ABT,0.0
Combined_TwoStage_MinVariance,2021-03-01,ADBE,0.0
Combined_TwoStage_MinVariance,2021-03-01,AEP,0.0
Combined_TwoStage_MinVariance,2021-03-01,AMD,0.0
Combined_TwoStage_MinVariance,2021-03-01,AMGN,0.0
Combined_TwoStage_MinVariance,2021-03-01,AMT,0.0
Combined_TwoStage_MinVariance,2021-03-01,BA,0.0
Combined_TwoStage_MinVariance,2021-03-01,CAT,0.0
Combined_TwoStage_MinVariance,2021-03-01,CCI,0.0
Combined_TwoStage_MinVariance,2021-03-01,CMCSA,0.0
Combined_TwoStage_MinVariance,2021-03-01,COP,0.0
Combined_TwoStage_MinVariance,2021-03-01,CVX,0.0
Combined_TwoStage_MinVariance,2021-03-01,D,0.0
Combined_TwoStage_MinVariance,2021-03-01,DD,0.0
Combined_TwoStage_MinVariance,2021-03-01,DIS,0.0
Combined_TwoStage_MinVariance,2021-03-01,DOW,0.0
Combined_TwoStage_MinVariance,2021-03-01,DUK,0.0
Combined_TwoStage_MinVariance,2021-03-01,EA,0.09389
Combined_TwoStage_MinVariance,2021-03-01,GE,0.0
Combined_TwoStage_MinVariance,2021-03-01,GILD,0.131694
Combined_TwoStage_MinVariance,2021-03-01,GS,0.0
Combined_TwoStage_MinVariance,2021-03-01,INTC,0.0
Combined_TwoStage_MinVariance,2021-03-01,KO,0.0
Combined_TwoStage_MinVariance,2021-03-01,MMM,0.078136
Combined_TwoStage_MinVariance,2021-03-01,MRK,0.022255
Combined_TwoStage_MinVariance,2021-03-01,MS,0.0
Combined_TwoStage_MinVariance,2021-03-01,NEE,0.0
Combined_TwoStage_MinVariance,2021-03-01,NEM,0.132186
Combined_TwoStage_MinVariance,2021-03-01,NKE,0.0
Combined_TwoStage_MinVariance,2021-03-01,NUE,0.0
Combined_TwoStage_MinVariance,2021-03-01,NVDA,0.0
Combined_TwoStage_MinVariance,2021-03-01,O,0.0
Combined_TwoStage_MinVariance,2021-03-01,OXY,0.0
Combined_TwoStage_MinVariance,2021-03-01,PLD,0.0
Combined_TwoStage_MinVariance,2021-03-01,PSA,0.116807
Combined_TwoStage_MinVariance,2021-03-01,QCOM,0.0
Combined_TwoStage_MinVariance,2021-03-01,SBUX,0.0
Combined_TwoStage_MinVariance,2021-03-01,SHW,0.0
Combined_TwoStage_MinVariance,2021-03-01,SLB,0.0
Combined_TwoStage_MinVariance,2021-03-01,SO,0.0
Combined_TwoStage_MinVariance,2021-03-01,T,0.0
Combined_TwoStage_MinVariance,2021-03-01,TMUS,0.0
Combined_TwoStage_MinVariance,2021-03-01,TTWO,0.014058
Combined_TwoStage_MinVariance,2021-03-01,UPS,0.021443
Combined_TwoStage_MinVariance,2021-03-01,USB,0.0
Combined_TwoStage_MinVariance,2021-03-01,V,0.0
Combined_TwoStage_MinVariance,2021-03-01,WFC,0.0
Combined_TwoStage_MinVariance,2021-03-01,WMT,0.209459
Combined_TwoStage_MinVariance,2021-03-01,XOM,0.0
Combined_TwoStage_MinVariance,2021-03-01,ADA-USD,0.0
Combined_TwoStage_MinVariance,2021-03-01,BCH-USD,0.0
Combined_TwoStage_MinVariance,2021-03-01,BTC-USD,0.0
Combined_TwoStage_MinVariance,2021-03-01,EOS-USD,0.0
Combined_TwoStage_MinVariance,2021-03-01,ETC-USD,0.0
Combined_TwoStage_MinVariance,2021-03-01,ETH-USD,0.0
Combined_TwoStage_MinVariance,2021-03-01,LTC-USD,0.0
Combined_TwoStage_MinVariance,2021-03-01,TRX-USD,0.0
Combined_TwoStage_MinVariance,2021-03-01,XLM-USD,0.0
Combined_TwoStage_MinVariance,2021-03-01,XRP-USD,0.0
Combined_TwoStage_MinVariance,2021-04-01,ABBV,0.107283
Combined_TwoStage_MinVariance,2021-04-01,ABT,0.0
Combined_TwoStage_MinVariance,2021-04-01,ADBE,0.0
Combined_TwoStage_MinVariance,2021-04-01,AEP,0.0
Combined_TwoStage_MinVariance,2021-04-01,AMD,0.0
Combined_TwoStage_MinVariance,2021-04-01,AMGN,0.0
Combined_TwoStage_MinVariance,2021-04-01,AMT,0.0
Combined_TwoStage_MinVariance,2021-04-01,BA,0.0
Combined_TwoStage_MinVariance,2021-04-01,CAT,0.0
Combined_TwoStage_MinVariance,2021-04-01,CCI,0.0
Combined_TwoStage_MinVariance,2021-04-01,CMCSA,0.0
Combined_TwoStage_MinVariance,2021-04-01,COP,0.0
Combined_TwoStage_MinVariance,2021-04-01,CVX,0.0
Combined_TwoStage_MinVariance,2021-04-01,D,0.059384
Combined_TwoStage_MinVariance,2021-04-01,DD,0.0
Combined_TwoStage_MinVariance,2021-04-01,DIS,0.006829
Combined_TwoStage_MinVariance,2021-04-01,DOW,0.0
Combined_TwoStage_MinVariance,2021-04-01,DUK,0.0
Combined_TwoStage_MinVariance,2021-04-01,EA,0.088755
Combined_TwoStage_MinVariance,2021-04-01,GE,0.0
Combined_TwoStage_MinVariance,2021-04-01,GILD,0.053592
Combined_TwoStage_MinVariance,2021-04-01,GS,0.0
Combined_TwoStage_MinVariance,2021-04-01,INTC,0.0
Combined_TwoStage_MinVariance,2021-04-01,KO,0.0
Combined_TwoStage_MinVariance,2021-04-01,MMM,0.104074
Combined_TwoStage_MinVariance,2021-04-01,MRK,0.046726
Combined_TwoStage_MinVariance,2021-04-01,MS,0.0
Combined_TwoStage_MinVariance,2021-04-01,NEE,0.0
Combined_TwoStage_MinVariance,2021-04-01,NEM,0.000613
Combined_TwoStage_MinVariance,2021-04-01,NKE,0.0
Combined_TwoStage_MinVariance,2021-04-01,NUE,0.0
Combined_TwoStage_MinVariance,2021-04-01,NVDA,0.0
Combined_TwoStage_MinVariance,2021-04-01,O,0.0
Combined_TwoStage_MinVariance,2021-04-01,OXY,0.0
Combined_TwoStage_MinVariance,2021-04-01,PLD,0.0
Combined_TwoStage_MinVariance,2021-04-01,PSA,0.122277
Combined_TwoStage_MinVariance,2021-04-01,QCOM,0.0
Combined_TwoStage_MinVariance,2021-04-01,SBUX,0.0
Combined_TwoStage_MinVariance,2021-04-01,SHW,0.0
Combined_TwoStage_MinVariance,2021-04-01,SLB,0.0
Combined_TwoStage_MinVariance,2021-04-01,SO,0.0
Combined_TwoStage_MinVariance,2021-04-01,T,0.094613
Combined_TwoStage_MinVariance,2021-04-01,TMUS,0.0
Combined_TwoStage_MinVariance,2021-04-01,TTWO,0.076445
Combined_TwoStage_MinVariance,2021-04-01,UPS,0.0
Combined_TwoStage_MinVariance,2021-04-01,USB,0.0
Combined_TwoStage_MinVariance,2021-04-01,V,0.0
Combined_TwoStage_MinVariance,2021-04-01,WFC,0.0
Combined_TwoStage_MinVariance,2021-04-01,WMT,0.229135
Combined_TwoStage_MinVariance,2021-04-01,XOM,0.0
Combined_TwoStage_MinVariance,2021-04-01,ADA-USD,4.9e-05
Combined_TwoStage_MinVariance,2021-04-01,BCH-USD,0.0
Combined_TwoStage_MinVariance,2021-04-01,BTC-USD,0.007289
Combined_TwoStage_MinVariance,2021-04-01,EOS-USD,0.0
Combined_TwoStage_MinVariance,2021-04-01,ETC-USD,0.001566
Combined_TwoStage_MinVariance,2021-04-01,ETH-USD,0.0
Combined_TwoStage_MinVariance,2021-04-01,LTC-USD,0.0
Combined_TwoStage_MinVariance,2021-04-01,TRX-USD,0.001095
Combined_TwoStage_MinVariance,2021-04-01,XLM-USD,0.0
Combined_TwoStage_MinVariance,2021-04-01,XRP-USD,0.000274
Combined_TwoStage_MinVariance,2021-05-03,ABBV,0.085607
Combined_TwoStage_MinVariance,2021-05-03,ABT,0.0
Combined_TwoStage_MinVariance,2021-05-03,ADBE,0.0
Combined_TwoStage_MinVariance,2021-05-03,AEP,0.055747
Combined_TwoStage_MinVariance,2021-05-03,AMD,0.0
Combined_TwoStage_MinVariance,2021-05-03,AMGN,0.0
Combined_TwoStage_MinVariance,2021-05-03,AMT,0.0
Combined_TwoStage_MinVariance,2021-05-03,BA,0.0
Combined_TwoStage_MinVariance,2021-05-03,CAT,0.0
Combined_TwoStage_MinVariance,2021-05-03,CCI,0.0
Combined_TwoStage_MinVariance,2021-05-03,CMCSA,0.0
Combined_TwoStage_MinVariance,2021-05-03,COP,0.0
Combined_TwoStage_MinVariance,2021-05-03,CVX,0.0
Combined_TwoStage_MinVariance,2021-05-03,D,0.080835
Combined_TwoStage_MinVariance,2021-05-03,DD,0.0
Combined_TwoStage_MinVariance,2021-05-03,DIS,0.0
Combined_TwoStage_MinVariance,2021-05-03,DOW,0.0
Combined_TwoStage_MinVariance,2021-05-03,DUK,0.013948
Combined_TwoStage_MinVariance,2021-05-03,EA,0.061591
Combined_TwoStage_MinVariance,2021-05-03,GE,0.0
Combined_TwoStage_MinVariance,2021-05-03,GILD,0.043333
Combined_TwoStage_MinVariance,2021-05-03,GS,0.0
Combined_TwoStage_MinVariance,2021-05-03,INTC,0.0
Combined_TwoStage_MinVariance,2021-05-03,KO,0.0
Combined_TwoStage_MinVariance,2021-05-03,MMM,0.069924
Combined_TwoStage_MinVariance,2021-05-03,MRK,0.108118
Combined_TwoStage_MinVariance,2021-05-03,MS,0.0
Combined_TwoStage_MinVariance,2021-05-03,NEE,0.0
Combined_TwoStage_MinVariance,2021-05-03,NEM,0.001782
Combined_TwoStage_MinVariance,2021-05-03,NKE,0.027053
Combined_TwoStage_MinVariance,2021-05-03,NUE,0.0
Combined_TwoStage_MinVariance,2021-05-03,NVDA,0.0
Combined_TwoStage_MinVariance,2021-05-03,O,0.0
Combined_TwoStage_MinVariance,2021-05-03,OXY,0.0
Combined_TwoStage_MinVariance,2021-05-03,PLD,0.0
Combined_TwoStage_MinVariance,2021-05-03,PSA,0.064892
Combined_TwoStage_MinVariance,2021-05-03,QCOM,0.0
Combined_TwoStage_MinVariance,2021-05-03,SBUX,0.0
Combined_TwoStage_MinVariance,2021-05-03,SHW,0.0
Combined_TwoStage_MinVariance,2021-05-03,SLB,0.0
Combined_TwoStage_MinVariance,2021-05-03,SO,0.0
Combined_TwoStage_MinVariance,2021-05-03,T,0.112987
Combined_TwoStage_MinVariance,2021-05-03,TMUS,0.0
Combined_TwoStage_MinVariance,2021-05-03,TTWO,0.061515
Combined_TwoStage_MinVariance,2021-05-03,UPS,0.0
Combined_TwoStage_MinVariance,2021-05-03,USB,0.0
Combined_TwoStage_MinVariance,2021-05-03,V,0.0
Combined_TwoStage_MinVariance,2021-05-03,WFC,0.0
Combined_TwoStage_MinVariance,2021-05-03,WMT,0.202063
Combined_TwoStage_MinVariance,2021-05-03,XOM,0.0
Combined_TwoStage_MinVariance,2021-05-03,ADA-USD,0.000223
Combined_TwoStage_MinVariance,2021-05-03,BCH-USD,0.0
Combined_TwoStage_MinVariance,2021-05-03,BTC-USD,0.008054
Combined_TwoStage_MinVariance,2021-05-03,EOS-USD,0.0
Combined_TwoStage_MinVariance,2021-05-03,ETC-USD,0.001377
Combined_TwoStage_MinVariance,2021-05-03,ETH-USD,0.000323
Combined_TwoStage_MinVariance,2021-05-03,LTC-USD,0.0
Combined_TwoStage_MinVariance,2021-05-03,TRX-USD,0.000629
Combined_TwoStage_MinVariance,2021-05-03,XLM-USD,0.0
Combined_TwoStage_MinVariance,2021-05-03,XRP-USD,0.0
Combined_TwoStage_MinVariance,2021-06-01,ABBV,0.047747
Combined_TwoStage_MinVariance,2021-06-01,ABT,0.0
Combined_TwoStage_MinVariance,2021-06-01,ADBE,0.0
Combined_TwoStage_MinVariance,2021-06-01,AEP,0.09192
Combined_TwoStage_MinVariance,2021-06-01,AMD,0.0
Combined_TwoStage_MinVariance,2021-06-01,AMGN,0.0
Combined_TwoStage_MinVariance,2021-06-01,AMT,0.0
Combined_TwoStage_MinVariance,2021-06-01,BA,0.0
Combined_TwoStage_MinVariance,2021-06-01,CAT,0.0
Combined_TwoStage_MinVariance,2021-06-01,CCI,0.0
Combined_TwoStage_MinVariance,2021-06-01,CMCSA,0.0
Combined_TwoStage_MinVariance,2021-06-01,COP,0.0
Combined_TwoStage_MinVariance,2021-06-01,CVX,0.0
Combined_TwoStage_MinVariance,2021-06-01,D,0.050259
Combined_TwoStage_MinVariance,2021-06-01,DD,0.0
Combined_TwoStage_MinVariance,2021-06-01,DIS,0.009892
Combined_TwoStage_MinVariance,2021-06-01,DOW,0.0
Combined_TwoStage_MinVariance,2021-06-01,DUK,0.012713
Combined_TwoStage_MinVariance,2021-06-01,EA,0.062682
Combined_TwoStage_MinVariance,2021-06-01,GE,0.0
Combined_TwoStage_MinVariance,2021-06-01,GILD,0.058817
Combined_TwoStage_MinVariance,2021-06-01,GS,0.0
Combined_TwoStage_MinVariance,2021-06-01,INTC,0.0
Combined_TwoStage_MinVariance,2021-06-01,KO,0.0
Combined_TwoStage_MinVariance,2021-06-01,MMM,0.085091
Combined_TwoStage_MinVariance,2021-06-01,MRK,0.118399
Combined_TwoStage_MinVariance,2021-06-01,MS,0.0
Combined_TwoStage_MinVariance,2021-06-01,NEE,0.0
Combined_TwoStage_MinVariance,2021-06-01,NEM,0.0
Combined_TwoStage_MinVariance,2021-06-01,NKE,0.0259
Combined_TwoStage_MinVariance,2021-06-01,NUE,0.0
Combined_TwoStage_MinVariance,2021-06-01,NVDA,0.0
Combined_TwoStage_MinVariance,2021-06-01,O,0.0
Combined_TwoStage_MinVariance,2021-06-01,OXY,0.0
Combined_TwoStage_MinVariance,2021-06-01,PLD,0.0
Combined_TwoStage_MinVariance,2021-06-01,PSA,0.088387
Combined_TwoStage_MinVariance,2021-06-01,QCOM,0.0
Combined_TwoStage_MinVariance,2021-06-01,SBUX,0.0
Combined_TwoStage_MinVariance,2021-06-01,SHW,0.0
Combined_TwoStage_MinVariance,2021-06-01,SLB,0.0
Combined_TwoStage_MinVariance,2021-06-01,SO,0.0
Combined_TwoStage_MinVariance,2021-06-01,T,0.116535
Combined_TwoStage_MinVariance,2021-06-01,TMUS,0.0
Combined_TwoStage_MinVariance,2021-06-01,TTWO,0.0572
Combined_TwoStage_MinVariance,2021-06-01,UPS,0.0
Combined_TwoStage_MinVariance,2021-06-01,USB,0.0
Combined_TwoStage_MinVariance,2021-06-01,V,0.0
Combined_TwoStage_MinVariance,2021-06-01,WFC,0.0
Combined_TwoStage_MinVariance,2021-06-01,WMT,0.174459
Combined_TwoStage_MinVariance,2021-06-01,XOM,0.0
Combined_TwoStage_MinVariance,2021-06-01,ADA-USD,0.0
Combined_TwoStage_MinVariance,2021-06-01,BCH-USD,0.0
Combined_TwoStage_MinVariance,2021-06-01,BTC-USD,0.0
Combined_TwoStage_MinVariance,2021-06-01,EOS-USD,0.0
Combined_TwoStage_MinVariance,2021-06-01,ETC-USD,0.0
Combined_TwoStage_MinVariance,2021-06-01,ETH-USD,0.0
Combined_TwoStage_MinVariance,2021-06-01,LTC-USD,0.0
Combined_TwoStage_MinVariance,2021-06-01,TRX-USD,0.0
Combined_TwoStage_MinVariance,2021-06-01,XLM-USD,0.0
Combined_TwoStage_MinVariance,2021-06-01,XRP-USD,0.0
Combined_TwoStage_MinVariance,2021-07-01,ABBV,0.038041
Combined_TwoStage_MinVariance,2021-07-01,ABT,0.001602
Combined_TwoStage_MinVariance,2021-07-01,ADBE,0.0
Combined_TwoStage_MinVariance,2021-07-01,AEP,0.073069
Combined_TwoStage_MinVariance,2021-07-01,AMD,0.007322
Combined_TwoStage_MinVariance,2021-07-01,AMGN,0.0
Combined_TwoStage_MinVariance,2021-07-01,AMT,0.0
Combined_TwoStage_MinVariance,2021-07-01,BA,0.0
Combined_TwoStage_MinVariance,2021-07-01,CAT,8.8e-05
Combined_TwoStage_MinVariance,2021-07-01,CCI,0.053929
Combined_TwoStage_MinVariance,2021-07-01,CMCSA,0.0
Combined_TwoStage_MinVariance,2021-07-01,COP,0.0
Combined_TwoStage_MinVariance,2021-07-01,CVX,0.0
Combined_TwoStage_MinVariance,2021-07-01,D,0.023536
Combined_TwoStage_MinVariance,2021-07-01,DD,0.0
Combined_TwoStage_MinVariance,2021-07-01,DIS,0.01502
Combined_TwoStage_MinVariance,2021-07-01,DOW,0.0
Combined_TwoStage_MinVariance,2021-07-01,DUK,0.0
Combined_TwoStage_MinVariance,2021-07-01,EA,0.025501
Combined_TwoStage_MinVariance,2021-07-01,GE,0.0
Combined_TwoStage_MinVariance,2021-07-01,GILD,0.030809
Combined_TwoStage_MinVariance,2021-07-01,GS,0.020634
Combined_TwoStage_MinVariance,2021-07-01,INTC,0.0
Combined_TwoStage_MinVariance,2021-07-01,KO,0.0
Combined_TwoStage_MinVariance,2021-07-01,MMM,0.094412
Combined_TwoStage_MinVariance,2021-07-01,MRK,0.134498
Combined_TwoStage_MinVariance,2021-07-01,MS,0.0
Combined_TwoStage_MinVariance,2021-07-01,NEE,0.0
Combined_TwoStage_MinVariance,2021-07-01,NEM,0.0
Combined_TwoStage_MinVariance,2021-07-01,NKE,0.036323
Combined_TwoStage_MinVariance,2021-07-01,NUE,0.0
Combined_TwoStage_MinVariance,2021-07-01,NVDA,0.0
Combined_TwoStage_MinVariance,2021-07-01,O,0.0
Combined_TwoStage_MinVariance,2021-07-01,OXY,0.0
Combined_TwoStage_MinVariance,2021-07-01,PLD,0.0
Combined_TwoStage_MinVariance,2021-07-01,PSA,0.104105
Combined_TwoStage_MinVariance,2021-07-01,QCOM,0.0
Combined_TwoStage_MinVariance,2021-07-01,SBUX,0.021683
Combined_TwoStage_MinVariance,2021-07-01,SHW,0.0
Combined_TwoStage_MinVariance,2021-07-01,SLB,0.0
Combined_TwoStage_MinVariance,2021-07-01,SO,0.0
Combined_TwoStage_MinVariance,2021-07-01,T,0.164135
Combined_TwoStage_MinVariance,2021-07-01,TMUS,0.0
Combined_TwoStage_MinVariance,2021-07-01,TTWO,0.049169
Combined_TwoStage_MinVariance,2021-07-01,UPS,0.0
Combined_TwoStage_MinVariance,2021-07-01,USB,0.0
Combined_TwoStage_MinVariance,2021-07-01,V,0.0
Combined_TwoStage_MinVariance,2021-07-01,WFC,0.0
Combined_TwoStage_MinVariance,2021-07-01,WMT,0.106056
Combined_TwoStage_MinVariance,2021-07-01,XOM,0.0
Combined_TwoStage_MinVariance,2021-07-01,ADA-USD,1e-06
Combined_TwoStage_MinVariance,2021-07-01,BCH-USD,0.0
Combined_TwoStage_MinVariance,2021-07-01,BTC-USD,6.8e-05
Combined_TwoStage_MinVariance,2021-07-01,EOS-USD,0.0
Combined_TwoStage_MinVariance,2021-07-01,ETC-USD,0.0
Combined_TwoStage_MinVariance,2021-07-01,ETH-USD,0.0
Combined_TwoStage_MinVariance,2021-07-01,LTC-USD,0.0
Combined_TwoStage_MinVariance,2021-07-01,TRX-USD,1e-06
Combined_TwoStage_MinVariance,2021-07-01,XLM-USD,0.0
Combined_TwoStage_MinVariance,2021-07-01,XRP-USD,0.0
Combined_TwoStage_MinVariance,2021-08-02,ABBV,0.030086
Combined_TwoStage_MinVariance,2021-08-02,ABT,0.009447
Combined_TwoStage_MinVariance,2021-08-02,ADBE,0.0
Combined_TwoStage_MinVariance,2021-08-02,AEP,0.084302
Combined_TwoStage_MinVariance,2021-08-02,AMD,0.002145
Combined_TwoStage_MinVariance,2021-08-02,AMGN,0.0
Combined_TwoStage_MinVariance,2021-08-02,AMT,0.0
Combined_TwoStage_MinVariance,2021-08-02,BA,0.0
Combined_TwoStage_MinVariance,2021-08-02,CAT,0.006228
Combined_TwoStage_MinVariance,2021-08-02,CCI,0.06448
Combined_TwoStage_MinVariance,2021-08-02,CMCSA,0.0
Combined_TwoStage_MinVariance,2021-08-02,COP,0.0
Combined_TwoStage_MinVariance,2021-08-02,CVX,0.0
Combined_TwoStage_MinVariance,2021-08-02,D,0.0
Combined_TwoStage_MinVariance,2021-08-02,DD,0.0
Combined_TwoStage_MinVariance,2021-08-02,DIS,0.013807
Combined_TwoStage_MinVariance,2021-08-02,DOW,0.0
Combined_TwoStage_MinVariance,2021-08-02,DUK,0.007457
Combined_TwoStage_MinVariance,2021-08-02,EA,0.023127
Combined_TwoStage_MinVariance,2021-08-02,GE,0.0
Combined_TwoStage_MinVariance,2021-08-02,GILD,0.024736
Combined_TwoStage_MinVariance,2021-08-02,GS,0.0223
Combined_TwoStage_MinVariance,2021-08-02,INTC,0.0
Combined_TwoStage_MinVariance,2021-08-02,KO,0.0
Combined_TwoStage_MinVariance,2021-08-02,MMM,0.082111
Combined_TwoStage_MinVariance,2021-08-02,MRK,0.14534
Combined_TwoStage_MinVariance,2021-08-02,MS,0.0
Combined_TwoStage_MinVariance,2021-08-02,NEE,0.0
Combined_TwoStage_MinVariance,2021-08-02,NEM,0.0
Combined_TwoStage_MinVariance,2021-08-02,NKE,0.033454
Combined_TwoStage_MinVariance,2021-08-02,NUE,0.0
Combined_TwoStage_MinVariance,2021-08-02,NVDA,0.0
Combined_TwoStage_MinVariance,2021-08-02,O,0.0
Combined_TwoStage_MinVariance,2021-08-02,OXY,0.0
Combined_TwoStage_MinVariance,2021-08-02,PLD,0.0
Combined_TwoStage_MinVariance,2021-08-02,PSA,0.104868
Combined_TwoStage_MinVariance,2021-08-02,QCOM,0.0
Combined_TwoStage_MinVariance,2021-08-02,SBUX,0.014643
Combined_TwoStage_MinVariance,2021-08-02,SHW,0.0
Combined_TwoStage_MinVariance,2021-08-02,SLB,0.0
Combined_TwoStage_MinVariance,2021-08-02,SO,0.0
Combined_TwoStage_MinVariance,2021-08-02,T,0.1643
Combined_TwoStage_MinVariance,2021-08-02,TMUS,0.0
Combined_TwoStage_MinVariance,2021-08-02,TTWO,0.056302
Combined_TwoStage_MinVariance,2021-08-02,UPS,0.0
Combined_TwoStage_MinVariance,2021-08-02,USB,0.0
Combined_TwoStage_MinVariance,2021-08-02,V,0.0
Combined_TwoStage_MinVariance,2021-08-02,WFC,0.0
Combined_TwoStage_MinVariance,2021-08-02,WMT,0.110867
Combined_TwoStage_MinVariance,2021-08-02,XOM,0.0
Combined_TwoStage_MinVariance,2021-08-02,ADA-USD,0.0
Combined_TwoStage_MinVariance,2021-08-02,BCH-USD,0.0
Combined_TwoStage_MinVariance,2021-08-02,BTC-USD,0.0
Combined_TwoStage_MinVariance,2021-08-02,EOS-USD,0.0
Combined_TwoStage_MinVariance,2021-08-02,ETC-USD,0.0
Combined_TwoStage_MinVariance,2021-08-02,ETH-USD,0.0
Combined_TwoStage_MinVariance,2021-08-02,LTC-USD,0.0
Combined_TwoStage_MinVariance,2021-08-02,TRX-USD,0.0
Combined_TwoStage_MinVariance,2021-08-02,XLM-USD,0.0
Combined_TwoStage_MinVariance,2021-08-02,XRP-USD,0.0
Combined_TwoStage_MinVariance,2021-09-01,ABBV,0.019187
Combined_TwoStage_MinVariance,2021-09-01,ABT,0.01149
Combined_TwoStage_MinVariance,2021-09-01,ADBE,0.0
Combined_TwoStage_MinVariance,2021-09-01,AEP,0.093618
Combined_TwoStage_MinVariance,2021-09-01,AMD,0.011277
Combined_TwoStage_MinVariance,2021-09-01,AMGN,0.0
Combined_TwoStage_MinVariance,2021-09-01,AMT,0.0
Combined_TwoStage_MinVariance,2021-09-01,BA,0.0
Combined_TwoStage_MinVariance,2021-09-01,CAT,0.003963
Combined_TwoStage_MinVariance,2021-09-01,CCI,0.069478
Combined_TwoStage_MinVariance,2021-09-01,CMCSA,0.0
Combined_TwoStage_MinVariance,2021-09-01,COP,0.0
Combined_TwoStage_MinVariance,2021-09-01,CVX,0.0
Combined_TwoStage_MinVariance,2021-09-01,D,0.0
Combined_TwoStage_MinVariance,2021-09-01,DD,0.0
Combined_TwoStage_MinVariance,2021-09-01,DIS,0.013558
Combined_TwoStage_MinVariance,2021-09-01,DOW,0.0
Combined_TwoStage_MinVariance,2021-09-01,DUK,0.007791
Combined_TwoStage_MinVariance,2021-09-01,EA,0.022264
Combined_TwoStage_MinVariance,2021-09-01,GE,0.0
Combined_TwoStage_MinVariance,2021-09-01,GILD,0.01769
Combined_TwoStage_MinVariance,2021-09-01,GS,0.031461
Combined_TwoStage_MinVariance,2021-09-01,INTC,0.0
Combined_TwoStage_MinVariance,2021-09-01,KO,0.0
Combined_TwoStage_MinVariance,2021-09-01,MMM,0.074623
Combined_TwoStage_MinVariance,2021-09-01,MRK,0.131402
Combined_TwoStage_MinVariance,2021-09-01,MS,0.0
Combined_TwoStage_MinVariance,2021-09-01,NEE,0.0
Combined_TwoStage_MinVariance,2021-09-01,NEM,0.0
Combined_TwoStage_MinVariance,2021-09-01,NKE,0.028515
Combined_TwoStage_MinVariance,2021-09-01,NUE,0.0
Combined_TwoStage_MinVariance,2021-09-01,NVDA,0.0
Combined_TwoStage_MinVariance,2021-09-01,O,0.0
Combined_TwoStage_MinVariance,2021-09-01,OXY,0.0
Combined_TwoStage_MinVariance,2021-09-01,PLD,0.0
Combined_TwoStage_MinVariance,2021-09-01,PSA,0.115989
Combined_TwoStage_MinVariance,2021-09-01,QCOM,0.0
Combined_TwoStage_MinVariance,2021-09-01,SBUX,0.00399
Combined_TwoStage_MinVariance,2021-09-01,SHW,0.0
Combined_TwoStage_MinVariance,2021-09-01,SLB,0.0
Combined_TwoStage_MinVariance,2021-09-01,SO,0.0
Combined_TwoStage_MinVariance,2021-09-01,T,0.163775
Combined_TwoStage_MinVariance,2021-09-01,TMUS,0.0
Combined_TwoStage_MinVariance,2021-09-01,TTWO,0.057455
Combined_TwoStage_MinVariance,2021-09-01,UPS,0.0
Combined_TwoStage_MinVariance,2021-09-01,USB,0.0
Combined_TwoStage_MinVariance,2021-09-01,V,0.0
Combined_TwoStage_MinVariance,2021-09-01,WFC,0.0
Combined_TwoStage_MinVariance,2021-09-01,WMT,0.122475
Combined_TwoStage_MinVariance,2021-09-01,XOM,0.0
Combined_TwoStage_MinVariance,2021-09-01,ADA-USD,0.0
Combined_TwoStage_MinVariance,2021-09-01,BCH-USD,0.0
Combined_TwoStage_MinVariance,2021-09-01,BTC-USD,0.0
Combined_TwoStage_MinVariance,2021-09-01,EOS-USD,0.0
Combined_TwoStage_MinVariance,2021-09-01,ETC-USD,0.0
Combined_TwoStage_MinVariance,2021-09-01,ETH-USD,0.0
Combined_TwoStage_MinVariance,2021-09-01,LTC-USD,0.0
Combined_TwoStage_MinVariance,2021-09-01,TRX-USD,0.0
Combined_TwoStage_MinVariance,2021-09-01,XLM-USD,0.0
Combined_TwoStage_MinVariance,2021-09-01,XRP-USD,0.0
Combined_TwoStage_MinVariance,2021-10-01,ABBV,0.0
Combined_TwoStage_MinVariance,2021-10-01,ABT,0.033057
Combined_TwoStage_MinVariance,2021-10-01,ADBE,0.0
Combined_TwoStage_MinVariance,2021-10-01,AEP,0.053022
Combined_TwoStage_MinVariance,2021-10-01,AMD,0.02032
Combined_TwoStage_MinVariance,2021-10-01,AMGN,0.0
Combined_TwoStage_MinVariance,2021-10-01,AMT,0.0
Combined_TwoStage_MinVariance,2021-10-01,BA,0.0
Combined_TwoStage_MinVariance,2021-10-01,CAT,0.0
Combined_TwoStage_MinVariance,2021-10-01,CCI,0.090459
Combined_TwoStage_MinVariance,2021-10-01,CMCSA,0.0
Combined_TwoStage_MinVariance,2021-10-01,COP,0.0
Combined_TwoStage_MinVariance,2021-10-01,CVX,0.0
Combined_TwoStage_MinVariance,2021-10-01,D,0.0
Combined_TwoStage_MinVariance,2021-10-01,DD,0.00073
Combined_TwoStage_MinVariance,2021-10-01,DIS,0.007106
Combined_TwoStage_MinVariance,2021-10-01,DOW,0.0
Combined_TwoStage_MinVariance,2021-10-01,DUK,0.045071
Combined_TwoStage_MinVariance,2021-10-01,EA,0.045546
Combined_TwoStage_MinVariance,2021-10-01,GE,0.0
Combined_TwoStage_MinVariance,2021-10-01,GILD,0.005363
Combined_TwoStage_MinVariance,2021-10-01,GS,0.044243
Combined_TwoStage_MinVariance,2021-10-01,INTC,0.002025
Combined_TwoStage_MinVariance,2021-10-01,KO,0.000277
Combined_TwoStage_MinVariance,2021-10-01,MMM,0.083137
Combined_TwoStage_MinVariance,2021-10-01,MRK,0.147426
Combined_TwoStage_MinVariance,2021-10-01,MS,0.0
Combined_TwoStage_MinVariance,2021-10-01,NEE,0.0
Combined_TwoStage_MinVariance,2021-10-01,NEM,0.0
Combined_TwoStage_MinVariance,2021-10-01,NKE,0.0
Combined_TwoStage_MinVariance,2021-10-01,NUE,0.0
Combined_TwoStage_MinVariance,2021-10-01,NVDA,0.0
Combined_TwoStage_MinVariance,2021-10-01,O,0.0
Combined_TwoStage_MinVariance,2021-10-01,OXY,0.002425
Combined_TwoStage_MinVariance,2021-10-01,PLD,0.0
Combined_TwoStage_MinVariance,2021-10-01,PSA,0.09406
Combined_TwoStage_MinVariance,2021-10-01,QCOM,0.0
Combined_TwoStage_MinVariance,2021-10-01,SBUX,0.020137
Combined_TwoStage_MinVariance,2021-10-01,SHW,0.0
Combined_TwoStage_MinVariance,2021-10-01,SLB,0.002009
Combined_TwoStage_MinVariance,2021-10-01,SO,0.0
Combined_TwoStage_MinVariance,2021-10-01,T,0.134725
Combined_TwoStage_MinVariance,2021-10-01,TMUS,0.0
Combined_TwoStage_MinVariance,2021-10-01,TTWO,0.040309
Combined_TwoStage_MinVariance,2021-10-01,UPS,0.0
Combined_TwoStage_MinVariance,2021-10-01,USB,0.0
Combined_TwoStage_MinVariance,2021-10-01,V,0.0
Combined_TwoStage_MinVariance,2021-10-01,WFC,0.0
Combined_TwoStage_MinVariance,2021-10-01,WMT,0.128552
Combined_TwoStage_MinVariance,2021-10-01,XOM,0.0
Combined_TwoStage_MinVariance,2021-10-01,ADA-USD,0.0
Combined_TwoStage_MinVariance,2021-10-01,BCH-USD,0.0
Combined_TwoStage_MinVariance,2021-10-01,BTC-USD,0.0
Combined_TwoStage_MinVariance,2021-10-01,EOS-USD,0.0
Combined_TwoStage_MinVariance,2021-10-01,ETC-USD,0.0
Combined_TwoStage_MinVariance,2021-10-01,ETH-USD,0.0
Combined_TwoStage_MinVariance,2021-10-01,LTC-USD,0.0
Combined_TwoStage_MinVariance,2021-10-01,TRX-USD,0.0
Combined_TwoStage_MinVariance,2021-10-01,XLM-USD,0.0
Combined_TwoStage_MinVariance,2021-10-01,XRP-USD,0.0
Combined_TwoStage_MinVariance,2021-11-01,ABBV,0.016247
Combined_TwoStage_MinVariance,2021-11-01,ABT,0.055947
Combined_TwoStage_MinVariance,2021-11-01,ADBE,0.0
Combined_TwoStage_MinVariance,2021-11-01,AEP,0.047066
Combined_TwoStage_MinVariance,2021-11-01,AMD,0.035283
Combined_TwoStage_MinVariance,2021-11-01,AMGN,0.0
Combined_TwoStage_MinVariance,2021-11-01,AMT,0.0
Combined_TwoStage_MinVariance,2021-11-01,BA,0.0
Combined_TwoStage_MinVariance,2021-11-01,CAT,0.0
Combined_TwoStage_MinVariance,2021-11-01,CCI,0.055667
Combined_TwoStage_MinVariance,2021-11-01,CMCSA,0.0
Combined_TwoStage_MinVariance,2021-11-01,COP,0.000544
Combined_TwoStage_MinVariance,2021-11-01,CVX,0.0
Combined_TwoStage_MinVariance,2021-11-01,D,0.0
Combined_TwoStage_MinVariance,2021-11-01,DD,0.0
Combined_TwoStage_MinVariance,2021-11-01,DIS,0.0
Combined_TwoStage_MinVariance,2021-11-01,DOW,0.0
Combined_TwoStage_MinVariance,2021-11-01,DUK,0.054217
Combined_TwoStage_MinVariance,2021-11-01,EA,0.0527
Combined_TwoStage_MinVariance,2021-11-01,GE,0.0
Combined_TwoStage_MinVariance,2021-11-01,GILD,0.044412
Combined_TwoStage_MinVariance,2021-11-01,GS,0.063135
Combined_TwoStage_MinVariance,2021-11-01,INTC,7.9e-05
Combined_TwoStage_MinVariance,2021-11-01,KO,0.063062
Combined_TwoStage_MinVariance,2021-11-01,MMM,0.064089
Combined_TwoStage_MinVariance,2021-11-01,MRK,0.073521
Combined_TwoStage_MinVariance,2021-11-01,MS,0.0
Combined_TwoStage_MinVariance,2021-11-01,NEE,0.0
Combined_TwoStage_MinVariance,2021-11-01,NEM,0.001197
Combined_TwoStage_MinVariance,2021-11-01,NKE,0.0
Combined_TwoStage_MinVariance,2021-11-01,NUE,0.0
Combined_TwoStage_MinVariance,2021-11-01,NVDA,0.0
Combined_TwoStage_MinVariance,2021-11-01,O,0.0
Combined_TwoStage_MinVariance,2021-11-01,OXY,0.004281
Combined_TwoStage_MinVariance,2021-11-01,PLD,0.0
Combined_TwoStage_MinVariance,2021-11-01,PSA,0.102415
Combined_TwoStage_MinVariance,2021-11-01,QCOM,0.0
Combined_TwoStage_MinVariance,2021-11-01,SBUX,0.013183
Combined_TwoStage_MinVariance,2021-11-01,SHW,0.0
Combined_TwoStage_MinVariance,2021-11-01,SLB,0.0
Combined_TwoStage_MinVariance,2021-11-01,SO,0.0
Combined_TwoStage_MinVariance,2021-11-01,T,0.110741
Combined_TwoStage_MinVariance,2021-11-01,TMUS,0.00081
Combined_TwoStage_MinVariance,2021-11-01,TTWO,0.026865
Combined_TwoStage_MinVariance,2021-11-01,UPS,0.007318
Combined_TwoStage_MinVariance,2021-11-01,USB,0.0
Combined_TwoStage_MinVariance,2021-11-01,V,0.0
Combined_TwoStage_MinVariance,2021-11-01,WFC,0.0
Combined_TwoStage_MinVariance,2021-11-01,WMT,0.107219
Combined_TwoStage_MinVariance,2021-11-01,XOM,0.0
Combined_TwoStage_MinVariance,2021-11-01,ADA-USD,0.0
Combined_TwoStage_MinVariance,2021-11-01,BCH-USD,0.0
Combined_TwoStage_MinVariance,2021-11-01,BTC-USD,0.0
Combined_TwoStage_MinVariance,2021-11-01,EOS-USD,0.0
Combined_TwoStage_MinVariance,2021-11-01,ETC-USD,0.0
Combined_TwoStage_MinVariance,2021-11-01,ETH-USD,0.0
Combined_TwoStage_MinVariance,2021-11-01,LTC-USD,0.0
Combined_TwoStage_MinVariance,2021-11-01,TRX-USD,0.0
Combined_TwoStage_MinVariance,2021-11-01,XLM-USD,0.0
Combined_TwoStage_MinVariance,2021-11-01,XRP-USD,0.0
Combined_TwoStage_MinVariance,2021-12-01,ABBV,0.031549
Combined_TwoStage_MinVariance,2021-12-01,ABT,0.077031
Combined_TwoStage_MinVariance,2021-12-01,ADBE,0.0
Combined_TwoStage_MinVariance,2021-12-01,AEP,0.053563
Combined_TwoStage_MinVariance,2021-12-01,AMD,0.025932
Combined_TwoStage_MinVariance,2021-12-01,AMGN,0.0
Combined_TwoStage_MinVariance,2021-12-01,AMT,0.0
Combined_TwoStage_MinVariance,2021-12-01,BA,0.0
Combined_TwoStage_MinVariance,2021-12-01,CAT,0.0
Combined_TwoStage_MinVariance,2021-12-01,CCI,0.001272
Combined_TwoStage_MinVariance,2021-12-01,CMCSA,0.0
Combined_TwoStage_MinVariance,2021-12-01,COP,0.012194
Combined_TwoStage_MinVariance,2021-12-01,CVX,0.013235
Combined_TwoStage_MinVariance,2021-12-01,D,0.0
Combined_TwoStage_MinVariance,2021-12-01,DD,0.0
Combined_TwoStage_MinVariance,2021-12-01,DIS,0.004884
Combined_TwoStage_MinVariance,2021-12-01,DOW,0.0
Combined_TwoStage_MinVariance,2021-12-01,DUK,0.066607
Combined_TwoStage_MinVariance,2021-12-01,EA,0.06802
Combined_TwoStage_MinVariance,2021-12-01,GE,0.0
Combined_TwoStage_MinVariance,2021-12-01,GILD,0.039403
Combined_TwoStage_MinVariance,2021-12-01,GS,0.051777
Combined_TwoStage_MinVariance,2021-12-01,INTC,0.006448
Combined_TwoStage_MinVariance,2021-12-01,KO,0.033155
Combined_TwoStage_MinVariance,2021-12-01,MMM,0.063484
Combined_TwoStage_MinVariance,2021-12-01,MRK,0.033708
Combined_TwoStage_MinVariance,2021-12-01,MS,0.0
Combined_TwoStage_MinVariance,2021-12-01,NEE,0.0
Combined_TwoStage_MinVariance,2021-12-01,NEM,0.014689
Combined_TwoStage_MinVariance,2021-12-01,NKE,0.001289
Combined_TwoStage_MinVariance,2021-12-01,NUE,0.0
Combined_TwoStage_MinVariance,2021-12-01,NVDA,0.0
Combined_TwoStage_MinVariance,2021-12-01,O,0.003053
Combined_TwoStage_MinVariance,2021-12-01,OXY,0.0
Combined_TwoStage_MinVariance,2021-12-01,PLD,0.0
Combined_TwoStage_MinVariance,2021-12-01,PSA,0.127394
Combined_TwoStage_MinVariance,2021-12-01,QCOM,0.0
Combined_TwoStage_MinVariance,2021-12-01,SBUX,0.011603
Combined_TwoStage_MinVariance,2021-12-01,SHW,0.027224
Combined_TwoStage_MinVariance,2021-12-01,SLB,0.0
Combined_TwoStage_MinVariance,2021-12-01,SO,0.010062
Combined_TwoStage_MinVariance,2021-12-01,T,0.088593
Combined_TwoStage_MinVariance,2021-12-01,TMUS,0.0
Combined_TwoStage_MinVariance,2021-12-01,TTWO,0.021233
Combined_TwoStage_MinVariance,2021-12-01,UPS,0.000267
Combined_TwoStage_MinVariance,2021-12-01,USB,0.0
Combined_TwoStage_MinVariance,2021-12-01,V,0.0
Combined_TwoStage_MinVariance,2021-12-01,WFC,0.0
Combined_TwoStage_MinVariance,2021-12-01,WMT,0.112329
Combined_TwoStage_MinVariance,2021-12-01,XOM,0.0
Combined_TwoStage_MinVariance,2021-12-01,ADA-USD,0.0
Combined_TwoStage_MinVariance,2021-12-01,BCH-USD,0.0
Combined_TwoStage_MinVariance,2021-12-01,BTC-USD,0.0
Combined_TwoStage_MinVariance,2021-12-01,EOS-USD,0.0
Combined_TwoStage_MinVariance,2021-12-01,ETC-USD,0.0
Combined_TwoStage_MinVariance,2021-12-01,ETH-USD,0.0
Combined_TwoStage_MinVariance,2021-12-01,LTC-USD,0.0
Combined_TwoStage_MinVariance,2021-12-01,TRX-USD,0.0
Combined_TwoStage_MinVariance,2021-12-01,XLM-USD,0.0
Combined_TwoStage_MinVariance,2021-12-01,XRP-USD,0.0
Combined_TwoStage_MinVariance,2022-01-03,ABBV,0.021737
Combined_TwoStage_MinVariance,2022-01-03,ABT,0.068437
Combined_TwoStage_MinVariance,2022-01-03,ADBE,0.011068
Combined_TwoStage_MinVariance,2022-01-03,AEP,0.053734
Combined_TwoStage_MinVariance,2022-01-03,AMD,0.022663
Combined_TwoStage_MinVariance,2022-01-03,AMGN,0.0
Combined_TwoStage_MinVariance,2022-01-03,AMT,0.0
Combined_TwoStage_MinVariance,2022-01-03,BA,0.0
Combined_TwoStage_MinVariance,2022-01-03,CAT,0.0
Combined_TwoStage_MinVariance,2022-01-03,CCI,0.0
Combined_TwoStage_MinVariance,2022-01-03,CMCSA,0.0
Combined_TwoStage_MinVariance,2022-01-03,COP,0.0
Combined_TwoStage_MinVariance,2022-01-03,CVX,0.017011
Combined_TwoStage_MinVariance,2022-01-03,D,0.0
Combined_TwoStage_MinVariance,2022-01-03,DD,0.0
Combined_TwoStage_MinVariance,2022-01-03,DIS,0.024599
Combined_TwoStage_MinVariance,2022-01-03,DOW,0.0
Combined_TwoStage_MinVariance,2022-01-03,DUK,0.070495
Combined_TwoStage_MinVariance,2022-01-03,EA,0.059628
Combined_TwoStage_MinVariance,2022-01-03,GE,0.0
Combined_TwoStage_MinVariance,2022-01-03,GILD,0.069597
Combined_TwoStage_MinVariance,2022-01-03,GS,0.044613
Combined_TwoStage_MinVariance,2022-01-03,INTC,0.007928
Combined_TwoStage_MinVariance,2022-01-03,KO,0.02498
Combined_TwoStage_MinVariance,2022-01-03,MMM,0.076616
Combined_TwoStage_MinVariance,2022-01-03,MRK,0.048797
Combined_TwoStage_MinVariance,2022-01-03,MS,0.0
Combined_TwoStage_MinVariance,2022-01-03,NEE,0.0
Combined_TwoStage_MinVariance,2022-01-03,NEM,0.013529
Combined_TwoStage_MinVariance,2022-01-03,NKE,0.009252
Combined_TwoStage_MinVariance,2022-01-03,NUE,0.0
Combined_TwoStage_MinVariance,2022-01-03,NVDA,0.0
Combined_TwoStage_MinVariance,2022-01-03,O,0.005659
Combined_TwoStage_MinVariance,2022-01-03,OXY,0.004191
Combined_TwoStage_MinVariance,2022-01-03,PLD,0.0
Combined_TwoStage_MinVariance,2022-01-03,PSA,0.115581
Combined_TwoStage_MinVariance,2022-01-03,QCOM,0.0
Combined_TwoStage_MinVariance,2022-01-03,SBUX,0.0
Combined_TwoStage_MinVariance,2022-01-03,SHW,0.006184
Combined_TwoStage_MinVariance,2022-01-03,SLB,0.0
Combined_TwoStage_MinVariance,2022-01-03,SO,0.012276
Combined_TwoStage_MinVariance,2022-01-03,T,0.073941
Combined_TwoStage_MinVariance,2022-01-03,TMUS,0.0
Combined_TwoStage_MinVariance,2022-01-03,TTWO,0.019737
Combined_TwoStage_MinVariance,2022-01-03,UPS,0.003683
Combined_TwoStage_MinVariance,2022-01-03,USB,0.0
Combined_TwoStage_MinVariance,2022-01-03,V,0.0
Combined_TwoStage_MinVariance,2022-01-03,WFC,0.0
Combined_TwoStage_MinVariance,2022-01-03,WMT,0.114066
Combined_TwoStage_MinVariance,2022-01-03,XOM,0.0
Combined_TwoStage_MinVariance,2022-01-03,ADA-USD,0.0
Combined_TwoStage_MinVariance,2022-01-03,BCH-USD,0.0
Combined_TwoStage_MinVariance,2022-01-03,BTC-USD,0.0
Combined_TwoStage_MinVariance,2022-01-03,EOS-USD,0.0
Combined_TwoStage_MinVariance,2022-01-03,ETC-USD,0.0
Combined_TwoStage_MinVariance,2022-01-03,ETH-USD,0.0
Combined_TwoStage_MinVariance,2022-01-03,LTC-USD,0.0
Combined_TwoStage_MinVariance,2022-01-03,TRX-USD,0.0
Combined_TwoStage_MinVariance,2022-01-03,XLM-USD,0.0
Combined_TwoStage_MinVariance,2022-01-03,XRP-USD,0.0
Combined_TwoStage_MinVariance,2022-02-01,ABBV,0.047205
Combined_TwoStage_MinVariance,2022-02-01,ABT,0.035192
Combined_TwoStage_MinVariance,2022-02-01,ADBE,0.006999
Combined_TwoStage_MinVariance,2022-02-01,AEP,0.036526
Combined_TwoStage_MinVariance,2022-02-01,AMD,0.00867
Combined_TwoStage_MinVariance,2022-02-01,AMGN,0.0
Combined_TwoStage_MinVariance,2022-02-01,AMT,0.0
Combined_TwoStage_MinVariance,2022-02-01,BA,0.0
Combined_TwoStage_MinVariance,2022-02-01,CAT,0.017056
Combined_TwoStage_MinVariance,2022-02-01,CCI,0.0
Combined_TwoStage_MinVariance,2022-02-01,CMCSA,0.0
Combined_TwoStage_MinVariance,2022-02-01,COP,0.0
Combined_TwoStage_MinVariance,2022-02-01,CVX,0.076695
Combined_TwoStage_MinVariance,2022-02-01,D,0.0
Combined_TwoStage_MinVariance,2022-02-01,DD,0.0
Combined_TwoStage_MinVariance,2022-02-01,DIS,0.014599
Combined_TwoStage_MinVariance,2022-02-01,DOW,0.0
Combined_TwoStage_MinVariance,2022-02-01,DUK,0.057618
Combined_TwoStage_MinVariance,2022-02-01,EA,0.063259
Combined_TwoStage_MinVariance,2022-02-01,GE,0.0
Combined_TwoStage_MinVariance,2022-02-01,GILD,0.068599
Combined_TwoStage_MinVariance,2022-02-01,GS,0.002919
Combined_TwoStage_MinVariance,2022-02-01,INTC,0.013506
Combined_TwoStage_MinVariance,2022-02-01,KO,0.028546
Combined_TwoStage_MinVariance,2022-02-01,MMM,0.017006
Combined_TwoStage_MinVariance,2022-02-01,MRK,0.062665
Combined_TwoStage_MinVariance,2022-02-01,MS,0.020251
Combined_TwoStage_MinVariance,2022-02-01,NEE,0.0
Combined_TwoStage_MinVariance,2022-02-01,NEM,0.013049
Combined_TwoStage_MinVariance,2022-02-01,NKE,0.018179
Combined_TwoStage_MinVariance,2022-02-01,NUE,0.0
Combined_TwoStage_MinVariance,2022-02-01,NVDA,0.0
Combined_TwoStage_MinVariance,2022-02-01,O,0.006764
Combined_TwoStage_MinVariance,2022-02-01,OXY,0.0
Combined_TwoStage_MinVariance,2022-02-01,PLD,0.0
Combined_TwoStage_MinVariance,2022-02-01,PSA,0.105215
Combined_TwoStage_MinVariance,2022-02-01,QCOM,0.0
Combined_TwoStage_MinVariance,2022-02-01,SBUX,0.024652
Combined_TwoStage_MinVariance,2022-02-01,SHW,0.012108
Combined_TwoStage_MinVariance,2022-02-01,SLB,0.0
Combined_TwoStage_MinVariance,2022-02-01,SO,0.106203
Combined_TwoStage_MinVariance,2022-02-01,T,0.009694
Combined_TwoStage_MinVariance,2022-02-01,TMUS,0.0
Combined_TwoStage_MinVariance,2022-02-01,TTWO,0.031482
Combined_TwoStage_MinVariance,2022-02-01,UPS,0.0021
Combined_TwoStage_MinVariance,2022-02-01,USB,0.0
Combined_TwoStage_MinVariance,2022-02-01,V,0.0
Combined_TwoStage_MinVariance,2022-02-01,WFC,0.0
Combined_TwoStage_MinVariance,2022-02-01,WMT,0.093242
Combined_TwoStage_MinVariance,2022-02-01,XOM,0.0
Combined_TwoStage_MinVariance,2022-02-01,ADA-USD,0.0
Combined_TwoStage_MinVariance,2022-02-01,BCH-USD,0.0
Combined_TwoStage_MinVariance,2022-02-01,BTC-USD,0.0
Combined_TwoStage_MinVariance,2022-02-01,EOS-USD,0.0
Combined_TwoStage_MinVariance,2022-02-01,ETC-USD,0.0
Combined_TwoStage_MinVariance,2022-02-01,ETH-USD,0.0
Combined_TwoStage_MinVariance,2022-02-01,LTC-USD,0.0
Combined_TwoStage_MinVariance,2022-02-01,TRX-USD,0.0
Combined_TwoStage_MinVariance,2022-02-01,XLM-USD,0.0
Combined_TwoStage_MinVariance,2022-02-01,XRP-USD,0.0
Combined_TwoStage_MinVariance,2022-03-01,ABBV,0.033997
Combined_TwoStage_MinVariance,2022-03-01,ABT,0.01324
Combined_TwoStage_MinVariance,2022-03-01,ADBE,0.009982
Combined_TwoStage_MinVariance,2022-03-01,AEP,0.041257
Combined_TwoStage_MinVariance,2022-03-01,AMD,0.0
Combined_TwoStage_MinVariance,2022-03-01,AMGN,0.0
Combined_TwoStage_MinVariance,2022-03-01,AMT,0.0
Combined_TwoStage_MinVariance,2022-03-01,BA,0.0
Combined_TwoStage_MinVariance,2022-03-01,CAT,0.01264
Combined_TwoStage_MinVariance,2022-03-01,CCI,0.0
Combined_TwoStage_MinVariance,2022-03-01,CMCSA,0.0
Combined_TwoStage_MinVariance,2022-03-01,COP,0.0
Combined_TwoStage_MinVariance,2022-03-01,CVX,0.05982
Combined_TwoStage_MinVariance,2022-03-01,D,0.0
Combined_TwoStage_MinVariance,2022-03-01,DD,0.0
Combined_TwoStage_MinVariance,2022-03-01,DIS,0.067626
Combined_TwoStage_MinVariance,2022-03-01,DOW,0.0
Combined_TwoStage_MinVariance,2022-03-01,DUK,0.005027
Combined_TwoStage_MinVariance,2022-03-01,EA,0.068418
Combined_TwoStage_MinVariance,2022-03-01,GE,0.0
Combined_TwoStage_MinVariance,2022-03-01,GILD,0.140694
Combined_TwoStage_MinVariance,2022-03-01,GS,0.002683
Combined_TwoStage_MinVariance,2022-03-01,INTC,0.000126
Combined_TwoStage_MinVariance,2022-03-01,KO,0.091795
Combined_TwoStage_MinVariance,2022-03-01,MMM,0.0
Combined_TwoStage_MinVariance,2022-03-01,MRK,0.047246
Combined_TwoStage_MinVariance,2022-03-01,MS,0.00954
Combined_TwoStage_MinVariance,2022-03-01,NEE,0.0
Combined_TwoStage_MinVariance,2022-03-01,NEM,0.021562
Combined_TwoStage_MinVariance,2022-03-01,NKE,0.022786
Combined_TwoStage_MinVariance,2022-03-01,NUE,0.0
Combined_TwoStage_MinVariance,2022-03-01,NVDA,0.0
Combined_TwoStage_MinVariance,2022-03-01,O,0.004665
Combined_TwoStage_MinVariance,2022-03-01,OXY,0.003853
Combined_TwoStage_MinVariance,2022-03-01,PLD,0.0
Combined_TwoStage_MinVariance,2022-03-01,PSA,0.069661
Combined_TwoStage_MinVariance,2022-03-01,QCOM,0.0
Combined_TwoStage_MinVariance,2022-03-01,SBUX,0.0
Combined_TwoStage_MinVariance,2022-03-01,SHW,0.0
Combined_TwoStage_MinVariance,2022-03-01,SLB,0.0
Combined_TwoStage_MinVariance,2022-03-01,SO,0.090514
Combined_TwoStage_MinVariance,2022-03-01,T,0.0
Combined_TwoStage_MinVariance,2022-03-01,TMUS,0.0
Combined_TwoStage_MinVariance,2022-03-01,TTWO,0.040352
Combined_TwoStage_MinVariance,2022-03-01,UPS,0.011792
Combined_TwoStage_MinVariance,2022-03-01,USB,0.0
Combined_TwoStage_MinVariance,2022-03-01,V,0.0
Combined_TwoStage_MinVariance,2022-03-01,WFC,0.0
Combined_TwoStage_MinVariance,2022-03-01,WMT,0.130664
Combined_TwoStage_MinVariance,2022-03-01,XOM,0.0
Combined_TwoStage_MinVariance,2022-03-01,ADA-USD,0.0
Combined_TwoStage_MinVariance,2022-03-01,BCH-USD,0.0
Combined_TwoStage_MinVariance,2022-03-01,BTC-USD,5.9e-05
Combined_TwoStage_MinVariance,2022-03-01,EOS-USD,0.0
Combined_TwoStage_MinVariance,2022-03-01,ETC-USD,0.0
Combined_TwoStage_MinVariance,2022-03-01,ETH-USD,0.0
Combined_TwoStage_MinVariance,2022-03-01,LTC-USD,0.0
Combined_TwoStage_MinVariance,2022-03-01,TRX-USD,0.0
Combined_TwoStage_MinVariance,2022-03-01,XLM-USD,0.0
Combined_TwoStage_MinVariance,2022-03-01,XRP-USD,0.0
Combined_TwoStage_MinVariance,2022-04-01,ABBV,0.045093
Combined_TwoStage_MinVariance,2022-04-01,ABT,0.0
Combined_TwoStage_MinVariance,2022-04-01,ADBE,0.010695
Combined_TwoStage_MinVariance,2022-04-01,AEP,0.011702
Combined_TwoStage_MinVariance,2022-04-01,AMD,0.002772
Combined_TwoStage_MinVariance,2022-04-01,AMGN,0.0
Combined_TwoStage_MinVariance,2022-04-01,AMT,0.0
Combined_TwoStage_MinVariance,2022-04-01,BA,0.0
Combined_TwoStage_MinVariance,2022-04-01,CAT,0.028715
Combined_TwoStage_MinVariance,2022-04-01,CCI,0.0
Combined_TwoStage_MinVariance,2022-04-01,CMCSA,0.0
Combined_TwoStage_MinVariance,2022-04-01,COP,0.0
Combined_TwoStage_MinVariance,2022-04-01,CVX,0.085901
Combined_TwoStage_MinVariance,2022-04-01,D,0.0
Combined_TwoStage_MinVariance,2022-04-01,DD,0.0
Combined_TwoStage_MinVariance,2022-04-01,DIS,0.04933
Combined_TwoStage_MinVariance,2022-04-01,DOW,0.0
Combined_TwoStage_MinVariance,2022-04-01,DUK,0.014398
Combined_TwoStage_MinVariance,2022-04-01,EA,0.074375
Combined_TwoStage_MinVariance,2022-04-01,GE,0.0
Combined_TwoStage_MinVariance,2022-04-01,GILD,0.141868
Combined_TwoStage_MinVariance,2022-04-01,GS,0.0
Combined_TwoStage_MinVariance,2022-04-01,INTC,0.00142
Combined_TwoStage_MinVariance,2022-04-01,KO,0.089091
Combined_TwoStage_MinVariance,2022-04-01,MMM,0.0
Combined_TwoStage_MinVariance,2022-04-01,MRK,0.050673
Combined_TwoStage_MinVariance,2022-04-01,MS,0.0
Combined_TwoStage_MinVariance,2022-04-01,NEE,0.01907
Combined_TwoStage_MinVariance,2022-04-01,NEM,0.035133
Combined_TwoStage_MinVariance,2022-04-01,NKE,0.013796
Combined_TwoStage_MinVariance,2022-04-01,NUE,0.0
Combined_TwoStage_MinVariance,2022-04-01,NVDA,0.0
Combined_TwoStage_MinVariance,2022-04-01,O,0.007396
Combined_TwoStage_MinVariance,2022-04-01,OXY,0.0
Combined_TwoStage_MinVariance,2022-04-01,PLD,0.0
Combined_TwoStage_MinVariance,2022-04-01,PSA,0.049353
Combined_TwoStage_MinVariance,2022-04-01,QCOM,0.0
Combined_TwoStage_MinVariance,2022-04-01,SBUX,0.0
Combined_TwoStage_MinVariance,2022-04-01,SHW,0.007755
Combined_TwoStage_MinVariance,2022-04-01,SLB,0.0
Combined_TwoStage_MinVariance,2022-04-01,SO,0.097487
Combined_TwoStage_MinVariance,2022-04-01,T,0.0
Combined_TwoStage_MinVariance,2022-04-01,TMUS,0.014411
Combined_TwoStage_MinVariance,2022-04-01,TTWO,0.033441
Combined_TwoStage_MinVariance,2022-04-01,UPS,0.0
Combined_TwoStage_MinVariance,2022-04-01,USB,0.0
Combined_TwoStage_MinVariance,2022-04-01,V,0.0
Combined_TwoStage_MinVariance,2022-04-01,WFC,0.0
Combined_TwoStage_MinVariance,2022-04-01,WMT,0.115441
Combined_TwoStage_MinVariance,2022-04-01,XOM,0.0
Combined_TwoStage_MinVariance,2022-04-01,ADA-USD,0.0
Combined_TwoStage_MinVariance,2022-04-01,BCH-USD,0.0
Combined_TwoStage_MinVariance,2022-04-01,BTC-USD,0.000684
Combined_TwoStage_MinVariance,2022-04-01,EOS-USD,0.0
Combined_TwoStage_MinVariance,2022-04-01,ETC-USD,0.0
Combined_TwoStage_MinVariance,2022-04-01,ETH-USD,0.0
Combined_TwoStage_MinVariance,2022-04-01,LTC-USD,0.0
Combined_TwoStage_MinVariance,2022-04-01,TRX-USD,0.0
Combined_TwoStage_MinVariance,2022-04-01,XLM-USD,0.0
Combined_TwoStage_MinVariance,2022-04-01,XRP-USD,0.0
Combined_TwoStage_MinVariance,2022-05-02,ABBV,0.018679
Combined_TwoStage_MinVariance,2022-05-02,ABT,0.0
Combined_TwoStage_MinVariance,2022-05-02,ADBE,0.016268
Combined_TwoStage_MinVariance,2022-05-02,AEP,0.0
Combined_TwoStage_MinVariance,2022-05-02,AMD,0.0
Combined_TwoStage_MinVariance,2022-05-02,AMGN,0.009231
Combined_TwoStage_MinVariance,2022-05-02,AMT,0.0
Combined_TwoStage_MinVariance,2022-05-02,BA,0.0
Combined_TwoStage_MinVariance,2022-05-02,CAT,0.042988
Combined_TwoStage_MinVariance,2022-05-02,CCI,0.0
Combined_TwoStage_MinVariance,2022-05-02,CMCSA,0.0
Combined_TwoStage_MinVariance,2022-05-02,COP,0.0
Combined_TwoStage_MinVariance,2022-05-02,CVX,0.064606
Combined_TwoStage_MinVariance,2022-05-02,D,0.0
Combined_TwoStage_MinVariance,2022-05-02,DD,0.0
Combined_TwoStage_MinVariance,2022-05-02,DIS,0.039436
Combined_TwoStage_MinVariance,2022-05-02,DOW,0.0
Combined_TwoStage_MinVariance,2022-05-02,DUK,0.088804
Combined_TwoStage_MinVariance,2022-05-02,EA,0.094001
Combined_TwoStage_MinVariance,2022-05-02,GE,0.0
Combined_TwoStage_MinVariance,2022-05-02,GILD,0.128866
Combined_TwoStage_MinVariance,2022-05-02,GS,0.0
Combined_TwoStage_MinVariance,2022-05-02,INTC,0.0
Combined_TwoStage_MinVariance,2022-05-02,KO,0.110936
Combined_TwoStage_MinVariance,2022-05-02,MMM,0.0
Combined_TwoStage_MinVariance,2022-05-02,MRK,0.055249
Combined_TwoStage_MinVariance,2022-05-02,MS,0.0
Combined_TwoStage_MinVariance,2022-05-02,NEE,0.0
Combined_TwoStage_MinVariance,2022-05-02,NEM,0.047903
Combined_TwoStage_MinVariance,2022-05-02,NKE,0.0
Combined_TwoStage_MinVariance,2022-05-02,NUE,0.0
Combined_TwoStage_MinVariance,2022-05-02,NVDA,0.0
Combined_TwoStage_MinVariance,2022-05-02,O,0.0
Combined_TwoStage_MinVariance,2022-05-02,OXY,0.0
Combined_TwoStage_MinVariance,2022-05-02,PLD,0.0
Combined_TwoStage_MinVariance,2022-05-02,PSA,0.0
Combined_TwoStage_MinVariance,2022-05-02,QCOM,0.0
Combined_TwoStage_MinVariance,2022-05-02,SBUX,0.0
Combined_TwoStage_MinVariance,2022-05-02,SHW,0.068116
Combined_TwoStage_MinVariance,2022-05-02,SLB,0.0
Combined_TwoStage_MinVariance,2022-05-02,SO,0.068555
Combined_TwoStage_MinVariance,2022-05-02,T,0.0
Combined_TwoStage_MinVariance,2022-05-02,TMUS,0.0
Combined_TwoStage_MinVariance,2022-05-02,TTWO,0.038708
Combined_TwoStage_MinVariance,2022-05-02,UPS,0.0
Combined_TwoStage_MinVariance,2022-05-02,USB,0.0
Combined_TwoStage_MinVariance,2022-05-02,V,0.0
Combined_TwoStage_MinVariance,2022-05-02,WFC,0.0
Combined_TwoStage_MinVariance,2022-05-02,WMT,0.107653
Combined_TwoStage_MinVariance,2022-05-02,XOM,0.0
Combined_TwoStage_MinVariance,2022-05-02,ADA-USD,0.0
Combined_TwoStage_MinVariance,2022-05-02,BCH-USD,0.0
Combined_TwoStage_MinVariance,2022-05-02,BTC-USD,0.0
Combined_TwoStage_MinVariance,2022-05-02,EOS-USD,0.0
Combined_TwoStage_MinVariance,2022-05-02,ETC-USD,0.0
Combined_TwoStage_MinVariance,2022-05-02,ETH-USD,0.0
Combined_TwoStage_MinVariance,2022-05-02,LTC-USD,0.0
Combined_TwoStage_MinVariance,2022-05-02,TRX-USD,0.0
Combined_TwoStage_MinVariance,2022-05-02,XLM-USD,0.0
Combined_TwoStage_MinVariance,2022-05-02,XRP-USD,0.0
Combined_TwoStage_MinVariance,2022-06-01,ABBV,0.067339
Combined_TwoStage_MinVariance,2022-06-01,ABT,0.0
Combined_TwoStage_MinVariance,2022-06-01,ADBE,0.004414
Combined_TwoStage_MinVariance,2022-06-01,AEP,0.0
Combined_TwoStage_MinVariance,2022-06-01,AMD,0.0
Combined_TwoStage_MinVariance,2022-06-01,AMGN,0.034365
Combined_TwoStage_MinVariance,2022-06-01,AMT,0.0
Combined_TwoStage_MinVariance,2022-06-01,BA,0.0
Combined_TwoStage_MinVariance,2022-06-01,CAT,0.018422
Combined_TwoStage_MinVariance,2022-06-01,CCI,0.0
Combined_TwoStage_MinVariance,2022-06-01,CMCSA,0.0
Combined_TwoStage_MinVariance,2022-06-01,COP,0.0
Combined_TwoStage_MinVariance,2022-06-01,CVX,0.035159
Combined_TwoStage_MinVariance,2022-06-01,D,0.0
Combined_TwoStage_MinVariance,2022-06-01,DD,0.0
Combined_TwoStage_MinVariance,2022-06-01,DIS,0.057649
Combined_TwoStage_MinVariance,2022-06-01,DOW,0.0
Combined_TwoStage_MinVariance,2022-06-01,DUK,0.163483
Combined_TwoStage_MinVariance,2022-06-01,EA,0.09195
Combined_TwoStage_MinVariance,2022-06-01,GE,0.0
Combined_TwoStage_MinVariance,2022-06-01,GILD,0.168412
Combined_TwoStage_MinVariance,2022-06-01,GS,0.0
Combined_TwoStage_MinVariance,2022-06-01,INTC,0.0029
Combined_TwoStage_MinVariance,2022-06-01,KO,0.0
Combined_TwoStage_MinVariance,2022-06-01,MMM,0.0
Combined_TwoStage_MinVariance,2022-06-01,MRK,0.073033
Combined_TwoStage_MinVariance,2022-06-01,MS,0.0
Combined_TwoStage_MinVariance,2022-06-01,NEE,0.0
Combined_TwoStage_MinVariance,2022-06-01,NEM,0.061815
Combined_TwoStage_MinVariance,2022-06-01,NKE,0.0
Combined_TwoStage_MinVariance,2022-06-01,NUE,0.0
Combined_TwoStage_MinVariance,2022-06-01,NVDA,0.0
Combined_TwoStage_MinVariance,2022-06-01,O,0.0
Combined_TwoStage_MinVariance,2022-06-01,OXY,0.0
Combined_TwoStage_MinVariance,2022-06-01,PLD,0.0
Combined_TwoStage_MinVariance,2022-06-01,PSA,0.0
Combined_TwoStage_MinVariance,2022-06-01,QCOM,0.0
Combined_TwoStage_MinVariance,2022-06-01,SBUX,0.0
Combined_TwoStage_MinVariance,2022-06-01,SHW,0.052964
Combined_TwoStage_MinVariance,2022-06-01,SLB,0.0
Combined_TwoStage_MinVariance,2022-06-01,SO,0.050736
Combined_TwoStage_MinVariance,2022-06-01,T,0.0
Combined_TwoStage_MinVariance,2022-06-01,TMUS,0.0
Combined_TwoStage_MinVariance,2022-06-01,TTWO,0.026007
Combined_TwoStage_MinVariance,2022-06-01,UPS,0.0
Combined_TwoStage_MinVariance,2022-06-01,USB,0.0
Combined_TwoStage_MinVariance,2022-06-01,V,0.0
Combined_TwoStage_MinVariance,2022-06-01,WFC,0.0
Combined_TwoStage_MinVariance,2022-06-01,WMT,0.084803
Combined_TwoStage_MinVariance,2022-06-01,XOM,0.0
Combined_TwoStage_MinVariance,2022-06-01,ADA-USD,0.0
Combined_TwoStage_MinVariance,2022-06-01,BCH-USD,0.0
Combined_TwoStage_MinVariance,2022-06-01,BTC-USD,0.00574
Combined_TwoStage_MinVariance,2022-06-01,EOS-USD,0.0
Combined_TwoStage_MinVariance,2022-06-01,ETC-USD,0.0
Combined_TwoStage_MinVariance,2022-06-01,ETH-USD,0.0
Combined_TwoStage_MinVariance,2022-06-01,LTC-USD,0.0
Combined_TwoStage_MinVariance,2022-06-01,TRX-USD,0.00081
Combined_TwoStage_MinVariance,2022-06-01,XLM-USD,0.0
Combined_TwoStage_MinVariance,2022-06-01,XRP-USD,0.0
Combined_TwoStage_MinVariance,2022-07-01,ABBV,0.043929
Combined_TwoStage_MinVariance,2022-07-01,ABT,0.0
Combined_TwoStage_MinVariance,2022-07-01,ADBE,0.0
Combined_TwoStage_MinVariance,2022-07-01,AEP,0.0
Combined_TwoStage_MinVariance,2022-07-01,AMD,0.0
Combined_TwoStage_MinVariance,2022-07-01,AMGN,0.070164
Combined_TwoStage_MinVariance,2022-07-01,AMT,0.0
Combined_TwoStage_MinVariance,2022-07-01,BA,0.0
Combined_TwoStage_MinVariance,2022-07-01,CAT,0.009028
Combined_TwoStage_MinVariance,2022-07-01,CCI,0.0
Combined_TwoStage_MinVariance,2022-07-01,CMCSA,0.0
Combined_TwoStage_MinVariance,2022-07-01,COP,0.0
Combined_TwoStage_MinVariance,2022-07-01,CVX,0.046706
Combined_TwoStage_MinVariance,2022-07-01,D,0.0
Combined_TwoStage_MinVariance,2022-07-01,DD,0.0
Combined_TwoStage_MinVariance,2022-07-01,DIS,0.052051
Combined_TwoStage_MinVariance,2022-07-01,DOW,0.0
Combined_TwoStage_MinVariance,2022-07-01,DUK,0.177359
Combined_TwoStage_MinVariance,2022-07-01,EA,0.091719
Combined_TwoStage_MinVariance,2022-07-01,GE,0.0
Combined_TwoStage_MinVariance,2022-07-01,GILD,0.17566
Combined_TwoStage_MinVariance,2022-07-01,GS,0.0
Combined_TwoStage_MinVariance,2022-07-01,INTC,0.0
Combined_TwoStage_MinVariance,2022-07-01,KO,0.030649
Combined_TwoStage_MinVariance,2022-07-01,MMM,0.001487
Combined_TwoStage_MinVariance,2022-07-01,MRK,0.06066
Combined_TwoStage_MinVariance,2022-07-01,MS,0.0
Combined_TwoStage_MinVariance,2022-07-01,NEE,0.0
Combined_TwoStage_MinVariance,2022-07-01,NEM,0.062016
Combined_TwoStage_MinVariance,2022-07-01,NKE,0.0
Combined_TwoStage_MinVariance,2022-07-01,NUE,0.0
Combined_TwoStage_MinVariance,2022-07-01,NVDA,0.0
Combined_TwoStage_MinVariance,2022-07-01,O,0.0
Combined_TwoStage_MinVariance,2022-07-01,OXY,0.0
Combined_TwoStage_MinVariance,2022-07-01,PLD,0.0
Combined_TwoStage_MinVariance,2022-07-01,PSA,0.0
Combined_TwoStage_MinVariance,2022-07-01,QCOM,0.0
Combined_TwoStage_MinVariance,2022-07-01,SBUX,0.0
Combined_TwoStage_MinVariance,2022-07-01,SHW,0.027552
Combined_TwoStage_MinVariance,2022-07-01,SLB,0.0
Combined_TwoStage_MinVariance,2022-07-01,SO,0.004645
Combined_TwoStage_MinVariance,2022-07-01,T,0.0
Combined_TwoStage_MinVariance,2022-07-01,TMUS,0.0
Combined_TwoStage_MinVariance,2022-07-01,TTWO,0.02716
Combined_TwoStage_MinVariance,2022-07-01,UPS,0.008793
Combined_TwoStage_MinVariance,2022-07-01,USB,0.0
Combined_TwoStage_MinVariance,2022-07-01,V,0.0
Combined_TwoStage_MinVariance,2022-07-01,WFC,0.0
Combined_TwoStage_MinVariance,2022-07-01,WMT,0.110421
Combined_TwoStage_MinVariance,2022-07-01,XOM,0.0
Combined_TwoStage_MinVariance,2022-07-01,ADA-USD,0.0
Combined_TwoStage_MinVariance,2022-07-01,BCH-USD,0.0
Combined_TwoStage_MinVariance,2022-07-01,BTC-USD,0.0
Combined_TwoStage_MinVariance,2022-07-01,EOS-USD,0.0
Combined_TwoStage_MinVariance,2022-07-01,ETC-USD,0.0
Combined_TwoStage_MinVariance,2022-07-01,ETH-USD,0.0
Combined_TwoStage_MinVariance,2022-07-01,LTC-USD,0.0
Combined_TwoStage_MinVariance,2022-07-01,TRX-USD,0.0
Combined_TwoStage_MinVariance,2022-07-01,XLM-USD,0.0
Combined_TwoStage_MinVariance,2022-07-01,XRP-USD,0.0
Combined_TwoStage_MinVariance,2022-08-01,ABBV,0.05429
Combined_TwoStage_MinVariance,2022-08-01,ABT,0.0
Combined_TwoStage_MinVariance,2022-08-01,ADBE,0.0
Combined_TwoStage_MinVariance,2022-08-01,AEP,0.0
Combined_TwoStage_MinVariance,2022-08-01,AMD,0.0
Combined_TwoStage_MinVariance,2022-08-01,AMGN,0.07426
Combined_TwoStage_MinVariance,2022-08-01,AMT,0.0
Combined_TwoStage_MinVariance,2022-08-01,BA,0.0
Combined_TwoStage_MinVariance,2022-08-01,CAT,0.0
Combined_TwoStage_MinVariance,2022-08-01,CCI,0.0
Combined_TwoStage_MinVariance,2022-08-01,CMCSA,0.0
Combined_TwoStage_MinVariance,2022-08-01,COP,0.0
Combined_TwoStage_MinVariance,2022-08-01,CVX,0.048643
Combined_TwoStage_MinVariance,2022-08-01,D,0.0
Combined_TwoStage_MinVariance,2022-08-01,DD,0.0
Combined_TwoStage_MinVariance,2022-08-01,DIS,0.051537
Combined_TwoStage_MinVariance,2022-08-01,DOW,0.0
Combined_TwoStage_MinVariance,2022-08-01,DUK,0.163327
Combined_TwoStage_MinVariance,2022-08-01,EA,0.095649
Combined_TwoStage_MinVariance,2022-08-01,GE,0.0
Combined_TwoStage_MinVariance,2022-08-01,GILD,0.168762
Combined_TwoStage_MinVariance,2022-08-01,GS,0.0
Combined_TwoStage_MinVariance,2022-08-01,INTC,0.0
Combined_TwoStage_MinVariance,2022-08-01,KO,0.027625
Combined_TwoStage_MinVariance,2022-08-01,MMM,0.032378
Combined_TwoStage_MinVariance,2022-08-01,MRK,0.061943
Combined_TwoStage_MinVariance,2022-08-01,MS,0.0
Combined_TwoStage_MinVariance,2022-08-01,NEE,0.0
Combined_TwoStage_MinVariance,2022-08-01,NEM,0.059117
Combined_TwoStage_MinVariance,2022-08-01,NKE,0.0
Combined_TwoStage_MinVariance,2022-08-01,NUE,0.0
Combined_TwoStage_MinVariance,2022-08-01,NVDA,0.0
Combined_TwoStage_MinVariance,2022-08-01,O,0.0
Combined_TwoStage_MinVariance,2022-08-01,OXY,0.0
Combined_TwoStage_MinVariance,2022-08-01,PLD,0.0
Combined_TwoStage_MinVariance,2022-08-01,PSA,0.0
Combined_TwoStage_MinVariance,2022-08-01,QCOM,0.0
Combined_TwoStage_MinVariance,2022-08-01,SBUX,0.0
Combined_TwoStage_MinVariance,2022-08-01,SHW,0.023042
Combined_TwoStage_MinVariance,2022-08-01,SLB,0.0
Combined_TwoStage_MinVariance,2022-08-01,SO,0.003351
Combined_TwoStage_MinVariance,2022-08-01,T,0.0
Combined_TwoStage_MinVariance,2022-08-01,TMUS,0.0
Combined_TwoStage_MinVariance,2022-08-01,TTWO,0.02721
Combined_TwoStage_MinVariance,2022-08-01,UPS,0.0
Combined_TwoStage_MinVariance,2022-08-01,USB,0.0
Combined_TwoStage_MinVariance,2022-08-01,V,0.0
Combined_TwoStage_MinVariance,2022-08-01,WFC,0.0
Combined_TwoStage_MinVariance,2022-08-01,WMT,0.108868
Combined_TwoStage_MinVariance,2022-08-01,XOM,0.0
Combined_TwoStage_MinVariance,2022-08-01,ADA-USD,0.0
Combined_TwoStage_MinVariance,2022-08-01,BCH-USD,0.0
Combined_TwoStage_MinVariance,2022-08-01,BTC-USD,0.0
Combined_TwoStage_MinVariance,2022-08-01,EOS-USD,0.0
Combined_TwoStage_MinVariance,2022-08-01,ETC-USD,0.0
Combined_TwoStage_MinVariance,2022-08-01,ETH-USD,0.0
Combined_TwoStage_MinVariance,2022-08-01,LTC-USD,0.0
Combined_TwoStage_MinVariance,2022-08-01,TRX-USD,0.0
Combined_TwoStage_MinVariance,2022-08-01,XLM-USD,0.0
Combined_TwoStage_MinVariance,2022-08-01,XRP-USD,0.0
Combined_TwoStage_MinVariance,2022-09-01,ABBV,0.053775
Combined_TwoStage_MinVariance,2022-09-01,ABT,0.0
Combined_TwoStage_MinVariance,2022-09-01,ADBE,0.0
Combined_TwoStage_MinVariance,2022-09-01,AEP,0.0
Combined_TwoStage_MinVariance,2022-09-01,AMD,0.0
Combined_TwoStage_MinVariance,2022-09-01,AMGN,0.133752
Combined_TwoStage_MinVariance,2022-09-01,AMT,0.0
Combined_TwoStage_MinVariance,2022-09-01,BA,0.0
Combined_TwoStage_MinVariance,2022-09-01,CAT,0.0
Combined_TwoStage_MinVariance,2022-09-01,CCI,0.0
Combined_TwoStage_MinVariance,2022-09-01,CMCSA,0.0
Combined_TwoStage_MinVariance,2022-09-01,COP,0.0
Combined_TwoStage_MinVariance,2022-09-01,CVX,0.074047
Combined_TwoStage_MinVariance,2022-09-01,D,0.0
Combined_TwoStage_MinVariance,2022-09-01,DD,0.0
Combined_TwoStage_MinVariance,2022-09-01,DIS,0.029669
Combined_TwoStage_MinVariance,2022-09-01,DOW,0.0
Combined_TwoStage_MinVariance,2022-09-01,DUK,0.110233
Combined_TwoStage_MinVariance,2022-09-01,EA,0.101313
Combined_TwoStage_MinVariance,2022-09-01,GE,0.0
Combined_TwoStage_MinVariance,2022-09-01,GILD,0.141393
Combined_TwoStage_MinVariance,2022-09-01,GS,0.0
Combined_TwoStage_MinVariance,2022-09-01,INTC,0.0
Combined_TwoStage_MinVariance,2022-09-01,KO,0.033695
Combined_TwoStage_MinVariance,2022-09-01,MMM,0.0
Combined_TwoStage_MinVariance,2022-09-01,MRK,0.064887
Combined_TwoStage_MinVariance,2022-09-01,MS,0.0
Combined_TwoStage_MinVariance,2022-09-01,NEE,0.0
Combined_TwoStage_MinVariance,2022-09-01,NEM,0.059172
Combined_TwoStage_MinVariance,2022-09-01,NKE,0.0
Combined_TwoStage_MinVariance,2022-09-01,NUE,0.0
Combined_TwoStage_MinVariance,2022-09-01,NVDA,0.0
Combined_TwoStage_MinVariance,2022-09-01,O,0.018101
Combined_TwoStage_MinVariance,2022-09-01,OXY,0.0
Combined_TwoStage_MinVariance,2022-09-01,PLD,0.0
Combined_TwoStage_MinVariance,2022-09-01,PSA,0.0
Combined_TwoStage_MinVariance,2022-09-01,QCOM,0.0
Combined_TwoStage_MinVariance,2022-09-01,SBUX,0.0
Combined_TwoStage_MinVariance,2022-09-01,SHW,0.02578
Combined_TwoStage_MinVariance,2022-09-01,SLB,0.0
Combined_TwoStage_MinVariance,2022-09-01,SO,0.038355
Combined_TwoStage_MinVariance,2022-09-01,T,0.0
Combined_TwoStage_MinVariance,2022-09-01,TMUS,0.0
Combined_TwoStage_MinVariance,2022-09-01,TTWO,0.012211
Combined_TwoStage_MinVariance,2022-09-01,UPS,0.004721
Combined_TwoStage_MinVariance,2022-09-01,USB,0.0
Combined_TwoStage_MinVariance,2022-09-01,V,0.0
Combined_TwoStage_MinVariance,2022-09-01,WFC,0.0
Combined_TwoStage_MinVariance,2022-09-01,WMT,0.098895
Combined_TwoStage_MinVariance,2022-09-01,XOM,0.0
Combined_TwoStage_MinVariance,2022-09-01,ADA-USD,0.0
Combined_TwoStage_MinVariance,2022-09-01,BCH-USD,0.0
Combined_TwoStage_MinVariance,2022-09-01,BTC-USD,0.0
Combined_TwoStage_MinVariance,2022-09-01,EOS-USD,0.0
Combined_TwoStage_MinVariance,2022-09-01,ETC-USD,0.0
Combined_TwoStage_MinVariance,2022-09-01,ETH-USD,0.0
Combined_TwoStage_MinVariance,2022-09-01,LTC-USD,0.0
Combined_TwoStage_MinVariance,2022-09-01,TRX-USD,0.0
Combined_TwoStage_MinVariance,2022-09-01,XLM-USD,0.0
Combined_TwoStage_MinVariance,2022-09-01,XRP-USD,0.0
Combined_TwoStage_MinVariance,2022-10-03,ABBV,0.073358
Combined_TwoStage_MinVariance,2022-10-03,ABT,0.0
Combined_TwoStage_MinVariance,2022-10-03,ADBE,0.0
Combined_TwoStage_MinVariance,2022-10-03,AEP,0.0
Combined_TwoStage_MinVariance,2022-10-03,AMD,0.0
Combined_TwoStage_MinVariance,2022-10-03,AMGN,0.164305
Combined_TwoStage_MinVariance,2022-10-03,AMT,0.0
Combined_TwoStage_MinVariance,2022-10-03,BA,0.0
Combined_TwoStage_MinVariance,2022-10-03,CAT,0.0
Combined_TwoStage_MinVariance,2022-10-03,CCI,0.0
Combined_TwoStage_MinVariance,2022-10-03,CMCSA,0.0
Combined_TwoStage_MinVariance,2022-10-03,COP,0.0
Combined_TwoStage_MinVariance,2022-10-03,CVX,0.078008
Combined_TwoStage_MinVariance,2022-10-03,D,0.0
Combined_TwoStage_MinVariance,2022-10-03,DD,0.0
Combined_TwoStage_MinVariance,2022-10-03,DIS,0.0
Combined_TwoStage_MinVariance,2022-10-03,DOW,0.0
Combined_TwoStage_MinVariance,2022-10-03,DUK,0.056256
Combined_TwoStage_MinVariance,2022-10-03,EA,0.0943
Combined_TwoStage_MinVariance,2022-10-03,GE,0.0
Combined_TwoStage_MinVariance,2022-10-03,GILD,0.097162
Combined_TwoStage_MinVariance,2022-10-03,GS,0.0
Combined_TwoStage_MinVariance,2022-10-03,INTC,0.0
Combined_TwoStage_MinVariance,2022-10-03,KO,0.064308
Combined_TwoStage_MinVariance,2022-10-03,MMM,0.020692
Combined_TwoStage_MinVariance,2022-10-03,MRK,0.078964
Combined_TwoStage_MinVariance,2022-10-03,MS,0.0
Combined_TwoStage_MinVariance,2022-10-03,NEE,0.0
Combined_TwoStage_MinVariance,2022-10-03,NEM,0.055403
Combined_TwoStage_MinVariance,2022-10-03,NKE,0.0
Combined_TwoStage_MinVariance,2022-10-03,NUE,0.0
Combined_TwoStage_MinVariance,2022-10-03,NVDA,0.0
Combined_TwoStage_MinVariance,2022-10-03,O,0.073675
Combined_TwoStage_MinVariance,2022-10-03,OXY,0.0
Combined_TwoStage_MinVariance,2022-10-03,PLD,0.0
Combined_TwoStage_MinVariance,2022-10-03,PSA,0.0
Combined_TwoStage_MinVariance,2022-10-03,QCOM,0.0
Combined_TwoStage_MinVariance,2022-10-03,SBUX,0.0
Combined_TwoStage_MinVariance,2022-10-03,SHW,0.013674
Combined_TwoStage_MinVariance,2022-10-03,SLB,0.0
Combined_TwoStage_MinVariance,2022-10-03,SO,0.0
Combined_TwoStage_MinVariance,2022-10-03,T,0.0
Combined_TwoStage_MinVariance,2022-10-03,TMUS,0.0
Combined_TwoStage_MinVariance,2022-10-03,TTWO,0.013615
Combined_TwoStage_MinVariance,2022-10-03,UPS,0.000676
Combined_TwoStage_MinVariance,2022-10-03,USB,0.0
Combined_TwoStage_MinVariance,2022-10-03,V,0.0
Combined_TwoStage_MinVariance,2022-10-03,WFC,0.0
Combined_TwoStage_MinVariance,2022-10-03,WMT,0.115602
Combined_TwoStage_MinVariance,2022-10-03,XOM,0.0
Combined_TwoStage_MinVariance,2022-10-03,ADA-USD,0.0
Combined_TwoStage_MinVariance,2022-10-03,BCH-USD,0.0
Combined_TwoStage_MinVariance,2022-10-03,BTC-USD,0.0
Combined_TwoStage_MinVariance,2022-10-03,EOS-USD,0.0
Combined_TwoStage_MinVariance,2022-10-03,ETC-USD,0.0
Combined_TwoStage_MinVariance,2022-10-03,ETH-USD,0.0
Combined_TwoStage_MinVariance,2022-10-03,LTC-USD,0.0
Combined_TwoStage_MinVariance,2022-10-03,TRX-USD,0.0
Combined_TwoStage_MinVariance,2022-10-03,XLM-USD,0.0
Combined_TwoStage_MinVariance,2022-10-03,XRP-USD,0.0
Combined_TwoStage_MinVariance,2022-11-01,ABBV,0.089407
Combined_TwoStage_MinVariance,2022-11-01,ABT,0.0
Combined_TwoStage_MinVariance,2022-11-01,ADBE,0.0
Combined_TwoStage_MinVariance,2022-11-01,AEP,0.0
Combined_TwoStage_MinVariance,2022-11-01,AMD,0.0
Combined_TwoStage_MinVariance,2022-11-01,AMGN,0.175953
Combined_TwoStage_MinVariance,2022-11-01,AMT,0.0
Combined_TwoStage_MinVariance,2022-11-01,BA,0.0
Combined_TwoStage_MinVariance,2022-11-01,CAT,0.0
Combined_TwoStage_MinVariance,2022-11-01,CCI,0.0
Combined_TwoStage_MinVariance,2022-11-01,CMCSA,0.0
Combined_TwoStage_MinVariance,2022-11-01,COP,0.0
Combined_TwoStage_MinVariance,2022-11-01,CVX,0.071508
Combined_TwoStage_MinVariance,2022-11-01,D,0.0
Combined_TwoStage_MinVariance,2022-11-01,DD,0.0
Combined_TwoStage_MinVariance,2022-11-01,DIS,0.0
Combined_TwoStage_MinVariance,2022-11-01,DOW,0.0
Combined_TwoStage_MinVariance,2022-11-01,DUK,0.017513
Combined_TwoStage_MinVariance,2022-11-01,EA,0.10588
Combined_TwoStage_MinVariance,2022-11-01,GE,0.0
Combined_TwoStage_MinVariance,2022-11-01,GILD,0.038801
Combined_TwoStage_MinVariance,2022-11-01,GS,0.0
Combined_TwoStage_MinVariance,2022-11-01,INTC,0.0
Combined_TwoStage_MinVariance,2022-11-01,KO,0.081672
Combined_TwoStage_MinVariance,2022-11-01,MMM,0.0
Combined_TwoStage_MinVariance,2022-11-01,MRK,0.133766
Combined_TwoStage_MinVariance,2022-11-01,MS,0.0
Combined_TwoStage_MinVariance,2022-11-01,NEE,0.0
Combined_TwoStage_MinVariance,2022-11-01,NEM,0.055315
Combined_TwoStage_MinVariance,2022-11-01,NKE,0.0
Combined_TwoStage_MinVariance,2022-11-01,NUE,0.0
Combined_TwoStage_MinVariance,2022-11-01,NVDA,0.0
Combined_TwoStage_MinVariance,2022-11-01,O,0.083579
Combined_TwoStage_MinVariance,2022-11-01,OXY,0.0
Combined_TwoStage_MinVariance,2022-11-01,PLD,0.0
Combined_TwoStage_MinVariance,2022-11-01,PSA,0.0
Combined_TwoStage_MinVariance,2022-11-01,QCOM,0.0
Combined_TwoStage_MinVariance,2022-11-01,SBUX,0.0
Combined_TwoStage_MinVariance,2022-11-01,SHW,0.0
Combined_TwoStage_MinVariance,2022-11-01,SLB,0.0
Combined_TwoStage_MinVariance,2022-11-01,SO,0.000984
Combined_TwoStage_MinVariance,2022-11-01,T,0.0
Combined_TwoStage_MinVariance,2022-11-01,TMUS,0.0
Combined_TwoStage_MinVariance,2022-11-01,TTWO,0.019458
Combined_TwoStage_MinVariance,2022-11-01,UPS,0.015694
Combined_TwoStage_MinVariance,2022-11-01,USB,0.0
Combined_TwoStage_MinVariance,2022-11-01,V,0.0
Combined_TwoStage_MinVariance,2022-11-01,WFC,0.0
Combined_TwoStage_MinVariance,2022-11-01,WMT,0.11047
Combined_TwoStage_MinVariance,2022-11-01,XOM,0.0
Combined_TwoStage_MinVariance,2022-11-01,ADA-USD,0.0
Combined_TwoStage_MinVariance,2022-11-01,BCH-USD,0.0
Combined_TwoStage_MinVariance,2022-11-01,BTC-USD,0.0
Combined_TwoStage_MinVariance,2022-11-01,EOS-USD,0.0
Combined_TwoStage_MinVariance,2022-11-01,ETC-USD,0.0
Combined_TwoStage_MinVariance,2022-11-01,ETH-USD,0.0
Combined_TwoStage_MinVariance,2022-11-01,LTC-USD,0.0
Combined_TwoStage_MinVariance,2022-11-01,TRX-USD,0.0
Combined_TwoStage_MinVariance,2022-11-01,XLM-USD,0.0
Combined_TwoStage_MinVariance,2022-11-01,XRP-USD,0.0
Combined_TwoStage_MinVariance,2022-12-01,ABBV,0.063013
Combined_TwoStage_MinVariance,2022-12-01,ABT,0.0
Combined_TwoStage_MinVariance,2022-12-01,ADBE,0.0
Combined_TwoStage_MinVariance,2022-12-01,AEP,0.0
Combined_TwoStage_MinVariance,2022-12-01,AMD,0.0
Combined_TwoStage_MinVariance,2022-12-01,AMGN,0.171563
Combined_TwoStage_MinVariance,2022-12-01,AMT,0.0
Combined_TwoStage_MinVariance,2022-12-01,BA,0.0
Combined_TwoStage_MinVariance,2022-12-01,CAT,0.0
Combined_TwoStage_MinVariance,2022-12-01,CCI,0.0
Combined_TwoStage_MinVariance,2022-12-01,CMCSA,0.0
Combined_TwoStage_MinVariance,2022-12-01,COP,0.0
Combined_TwoStage_MinVariance,2022-12-01,CVX,0.058308
Combined_TwoStage_MinVariance,2022-12-01,D,0.007095
Combined_TwoStage_MinVariance,2022-12-01,DD,0.0
Combined_TwoStage_MinVariance,2022-12-01,DIS,0.0
Combined_TwoStage_MinVariance,2022-12-01,DOW,0.0
Combined_TwoStage_MinVariance,2022-12-01,DUK,0.009817
Combined_TwoStage_MinVariance,2022-12-01,EA,0.105435
Combined_TwoStage_MinVariance,2022-12-01,GE,0.0
Combined_TwoStage_MinVariance,2022-12-01,GILD,0.027397
Combined_TwoStage_MinVariance,2022-12-01,GS,0.0
Combined_TwoStage_MinVariance,2022-12-01,INTC,0.0
Combined_TwoStage_MinVariance,2022-12-01,KO,0.092503
Combined_TwoStage_MinVariance,2022-12-01,MMM,0.0
Combined_TwoStage_MinVariance,2022-12-01,MRK,0.239308
Combined_TwoStage_MinVariance,2022-12-01,MS,0.0
Combined_TwoStage_MinVariance,2022-12-01,NEE,0.0
Combined_TwoStage_MinVariance,2022-12-01,NEM,0.015396
Combined_TwoStage_MinVariance,2022-12-01,NKE,0.0
Combined_TwoStage_MinVariance,2022-12-01,NUE,0.0
Combined_TwoStage_MinVariance,2022-12-01,NVDA,0.0
Combined_TwoStage_MinVariance,2022-12-01,O,0.043236
Combined_TwoStage_MinVariance,2022-12-01,OXY,0.0
Combined_TwoStage_MinVariance,2022-12-01,PLD,0.0
Combined_TwoStage_MinVariance,2022-12-01,PSA,0.0
Combined_TwoStage_MinVariance,2022-12-01,QCOM,0.0
Combined_TwoStage_MinVariance,2022-12-01,SBUX,0.0
Combined_TwoStage_MinVariance,2022-12-01,SHW,0.0
Combined_TwoStage_MinVariance,2022-12-01,SLB,0.0
Combined_TwoStage_MinVariance,2022-12-01,SO,0.0
Combined_TwoStage_MinVariance,2022-12-01,T,0.0
Combined_TwoStage_MinVariance,2022-12-01,TMUS,0.0
Combined_TwoStage_MinVariance,2022-12-01,TTWO,0.036834
Combined_TwoStage_MinVariance,2022-12-01,UPS,0.0
Combined_TwoStage_MinVariance,2022-12-01,USB,0.0
Combined_TwoStage_MinVariance,2022-12-01,V,0.0
Combined_TwoStage_MinVariance,2022-12-01,WFC,0.0
Combined_TwoStage_MinVariance,2022-12-01,WMT,0.112529
Combined_TwoStage_MinVariance,2022-12-01,XOM,0.017567
Combined_TwoStage_MinVariance,2022-12-01,ADA-USD,0.0
Combined_TwoStage_MinVariance,2022-12-01,BCH-USD,0.0
Combined_TwoStage_MinVariance,2022-12-01,BTC-USD,0.0
Combined_TwoStage_MinVariance,2022-12-01,EOS-USD,0.0
Combined_TwoStage_MinVariance,2022-12-01,ETC-USD,0.0
Combined_TwoStage_MinVariance,2022-12-01,ETH-USD,0.0
Combined_TwoStage_MinVariance,2022-12-01,LTC-USD,0.0
Combined_TwoStage_MinVariance,2022-12-01,TRX-USD,0.0
Combined_TwoStage_MinVariance,2022-12-01,XLM-USD,0.0
Combined_TwoStage_MinVariance,2022-12-01,XRP-USD,0.0
Combined_TwoStage_MinVariance,2023-01-03,ABBV,0.077769
Combined_TwoStage_MinVariance,2023-01-03,ABT,0.0
Combined_TwoStage_MinVariance,2023-01-03,ADBE,0.0
Combined_TwoStage_MinVariance,2023-01-03,AEP,0.0
Combined_TwoStage_MinVariance,2023-01-03,AMD,0.0
Combined_TwoStage_MinVariance,2023-01-03,AMGN,0.176134
Combined_TwoStage_MinVariance,2023-01-03,AMT,0.0
Combined_TwoStage_MinVariance,2023-01-03,BA,0.0
Combined_TwoStage_MinVariance,2023-01-03,CAT,0.0
Combined_TwoStage_MinVariance,2023-01-03,CCI,0.0
Combined_TwoStage_MinVariance,2023-01-03,CMCSA,0.0
Combined_TwoStage_MinVariance,2023-01-03,COP,0.0
Combined_TwoStage_MinVariance,2023-01-03,CVX,0.051667
Combined_TwoStage_MinVariance,2023-01-03,D,0.015006
Combined_TwoStage_MinVariance,2023-01-03,DD,0.0
Combined_TwoStage_MinVariance,2023-01-03,DIS,0.0
Combined_TwoStage_MinVariance,2023-01-03,DOW,0.0
Combined_TwoStage_MinVariance,2023-01-03,DUK,0.020092
Combined_TwoStage_MinVariance,2023-01-03,EA,0.104634
Combined_TwoStage_MinVariance,2023-01-03,GE,0.0
Combined_TwoStage_MinVariance,2023-01-03,GILD,0.010051
Combined_TwoStage_MinVariance,2023-01-03,GS,0.0
Combined_TwoStage_MinVariance,2023-01-03,INTC,0.0
Combined_TwoStage_MinVariance,2023-01-03,KO,0.092237
Combined_TwoStage_MinVariance,2023-01-03,MMM,0.0
Combined_TwoStage_MinVariance,2023-01-03,MRK,0.221488
Combined_TwoStage_MinVariance,2023-01-03,MS,0.0
Combined_TwoStage_MinVariance,2023-01-03,NEE,0.0
Combined_TwoStage_MinVariance,2023-01-03,NEM,0.014677
Combined_TwoStage_MinVariance,2023-01-03,NKE,0.0
Combined_TwoStage_MinVariance,2023-01-03,NUE,0.0
Combined_TwoStage_MinVariance,2023-01-03,NVDA,0.0
Combined_TwoStage_MinVariance,2023-01-03,O,0.060769
Combined_TwoStage_MinVariance,2023-01-03,OXY,0.0
Combined_TwoStage_MinVariance,2023-01-03,PLD,0.0
Combined_TwoStage_MinVariance,2023-01-03,PSA,0.0
Combined_TwoStage_MinVariance,2023-01-03,QCOM,0.0
Combined_TwoStage_MinVariance,2023-01-03,SBUX,0.0
Combined_TwoStage_MinVariance,2023-01-03,SHW,0.0
Combined_TwoStage_MinVariance,2023-01-03,SLB,0.0
Combined_TwoStage_MinVariance,2023-01-03,SO,0.0
Combined_TwoStage_MinVariance,2023-01-03,T,0.003066
Combined_TwoStage_MinVariance,2023-01-03,TMUS,0.0
Combined_TwoStage_MinVariance,2023-01-03,TTWO,0.035619
Combined_TwoStage_MinVariance,2023-01-03,UPS,0.0
Combined_TwoStage_MinVariance,2023-01-03,USB,0.0
Combined_TwoStage_MinVariance,2023-01-03,V,0.0
Combined_TwoStage_MinVariance,2023-01-03,WFC,0.0
Combined_TwoStage_MinVariance,2023-01-03,WMT,0.107463
Combined_TwoStage_MinVariance,2023-01-03,XOM,0.009331
Combined_TwoStage_MinVariance,2023-01-03,ADA-USD,0.0
Combined_TwoStage_MinVariance,2023-01-03,BCH-USD,0.0
Combined_TwoStage_MinVariance,2023-01-03,BTC-USD,0.0
Combined_TwoStage_MinVariance,2023-01-03,EOS-USD,0.0
Combined_TwoStage_MinVariance,2023-01-03,ETC-USD,0.0
Combined_TwoStage_MinVariance,2023-01-03,ETH-USD,0.0
Combined_TwoStage_MinVariance,2023-01-03,LTC-USD,0.0
Combined_TwoStage_MinVariance,2023-01-03,TRX-USD,0.0
Combined_TwoStage_MinVariance,2023-01-03,XLM-USD,0.0
Combined_TwoStage_MinVariance,2023-01-03,XRP-USD,0.0
Combined_TwoStage_MinVariance,2023-02-01,ABBV,0.061067
Combined_TwoStage_MinVariance,2023-02-01,ABT,0.0
Combined_TwoStage_MinVariance,2023-02-01,ADBE,0.0
Combined_TwoStage_MinVariance,2023-02-01,AEP,0.0
Combined_TwoStage_MinVariance,2023-02-01,AMD,0.0
Combined_TwoStage_MinVariance,2023-02-01,AMGN,0.179881
Combined_TwoStage_MinVariance,2023-02-01,AMT,0.0
Combined_TwoStage_MinVariance,2023-02-01,BA,0.0
Combined_TwoStage_MinVariance,2023-02-01,CAT,0.0
Combined_TwoStage_MinVariance,2023-02-01,CCI,0.0
Combined_TwoStage_MinVariance,2023-02-01,CMCSA,0.0
Combined_TwoStage_MinVariance,2023-02-01,COP,0.0
Combined_TwoStage_MinVariance,2023-02-01,CVX,0.050619
Combined_TwoStage_MinVariance,2023-02-01,D,0.030296
Combined_TwoStage_MinVariance,2023-02-01,DD,0.0
Combined_TwoStage_MinVariance,2023-02-01,DIS,0.0
Combined_TwoStage_MinVariance,2023-02-01,DOW,0.0
Combined_TwoStage_MinVariance,2023-02-01,DUK,0.011306
Combined_TwoStage_MinVariance,2023-02-01,EA,0.132718
Combined_TwoStage_MinVariance,2023-02-01,GE,0.0
Combined_TwoStage_MinVariance,2023-02-01,GILD,0.0
Combined_TwoStage_MinVariance,2023-02-01,GS,0.0
Combined_TwoStage_MinVariance,2023-02-01,INTC,0.0
Combined_TwoStage_MinVariance,2023-02-01,KO,0.077838
Combined_TwoStage_MinVariance,2023-02-01,MMM,0.0
Combined_TwoStage_MinVariance,2023-02-01,MRK,0.21401
Combined_TwoStage_MinVariance,2023-02-01,MS,0.0
Combined_TwoStage_MinVariance,2023-02-01,NEE,0.0
Combined_TwoStage_MinVariance,2023-02-01,NEM,0.006838
Combined_TwoStage_MinVariance,2023-02-01,NKE,0.0
Combined_TwoStage_MinVariance,2023-02-01,NUE,0.0
Combined_TwoStage_MinVariance,2023-02-01,NVDA,0.0
Combined_TwoStage_MinVariance,2023-02-01,O,0.0722
Combined_TwoStage_MinVariance,2023-02-01,OXY,0.0
Combined_TwoStage_MinVariance,2023-02-01,PLD,0.0
Combined_TwoStage_MinVariance,2023-02-01,PSA,0.0
Combined_TwoStage_MinVariance,2023-02-01,QCOM,0.0
Combined_TwoStage_MinVariance,2023-02-01,SBUX,0.0
Combined_TwoStage_MinVariance,2023-02-01,SHW,0.0
Combined_TwoStage_MinVariance,2023-02-01,SLB,0.0
Combined_TwoStage_MinVariance,2023-02-01,SO,0.0
Combined_TwoStage_MinVariance,2023-02-01,T,0.030168
Combined_TwoStage_MinVariance,2023-02-01,TMUS,0.0
Combined_TwoStage_MinVariance,2023-02-01,TTWO,0.023394
Combined_TwoStage_MinVariance,2023-02-01,UPS,0.0
Combined_TwoStage_MinVariance,2023-02-01,USB,0.0
Combined_TwoStage_MinVariance,2023-02-01,V,0.0
Combined_TwoStage_MinVariance,2023-02-01,WFC,0.0
Combined_TwoStage_MinVariance,2023-02-01,WMT,0.10167
Combined_TwoStage_MinVariance,2023-02-01,XOM,0.007994
Combined_TwoStage_MinVariance,2023-02-01,ADA-USD,0.0
Combined_TwoStage_MinVariance,2023-02-01,BCH-USD,0.0
Combined_TwoStage_MinVariance,2023-02-01,BTC-USD,0.0
Combined_TwoStage_MinVariance,2023-02-01,EOS-USD,0.0
Combined_TwoStage_MinVariance,2023-02-01,ETC-USD,0.0
Combined_TwoStage_MinVariance,2023-02-01,ETH-USD,0.0
Combined_TwoStage_MinVariance,2023-02-01,LTC-USD,0.0
Combined_TwoStage_MinVariance,2023-02-01,TRX-USD,0.0
Combined_TwoStage_MinVariance,2023-02-01,XLM-USD,0.0
Combined_TwoStage_MinVariance,2023-02-01,XRP-USD,0.0
Combined_TwoStage_MinVariance,2023-03-01,ABBV,0.048195
Combined_TwoStage_MinVariance,2023-03-01,ABT,0.0
Combined_TwoStage_MinVariance,2023-03-01,ADBE,0.0
Combined_TwoStage_MinVariance,2023-03-01,AEP,0.0
Combined_TwoStage_MinVariance,2023-03-01,AMD,0.0
Combined_TwoStage_MinVariance,2023-03-01,AMGN,0.200747
Combined_TwoStage_MinVariance,2023-03-01,AMT,0.0
Combined_TwoStage_MinVariance,2023-03-01,BA,0.0
Combined_TwoStage_MinVariance,2023-03-01,CAT,0.0
Combined_TwoStage_MinVariance,2023-03-01,CCI,0.0
Combined_TwoStage_MinVariance,2023-03-01,CMCSA,0.0
Combined_TwoStage_MinVariance,2023-03-01,COP,0.0
Combined_TwoStage_MinVariance,2023-03-01,CVX,0.061349
Combined_TwoStage_MinVariance,2023-03-01,D,0.00652
Combined_TwoStage_MinVariance,2023-03-01,DD,0.0
Combined_TwoStage_MinVariance,2023-03-01,DIS,0.0
Combined_TwoStage_MinVariance,2023-03-01,DOW,0.0
Combined_TwoStage_MinVariance,2023-03-01,DUK,0.044496
Combined_TwoStage_MinVariance,2023-03-01,EA,0.094012
Combined_TwoStage_MinVariance,2023-03-01,GE,0.0
Combined_TwoStage_MinVariance,2023-03-01,GILD,0.0
Combined_TwoStage_MinVariance,2023-03-01,GS,0.0
Combined_TwoStage_MinVariance,2023-03-01,INTC,0.0
Combined_TwoStage_MinVariance,2023-03-01,KO,0.084032
Combined_TwoStage_MinVariance,2023-03-01,MMM,0.0
Combined_TwoStage_MinVariance,2023-03-01,MRK,0.205917
Combined_TwoStage_MinVariance,2023-03-01,MS,0.0
Combined_TwoStage_MinVariance,2023-03-01,NEE,0.0
Combined_TwoStage_MinVariance,2023-03-01,NEM,0.000978
Combined_TwoStage_MinVariance,2023-03-01,NKE,0.0
Combined_TwoStage_MinVariance,2023-03-01,NUE,0.0
Combined_TwoStage_MinVariance,2023-03-01,NVDA,0.0
Combined_TwoStage_MinVariance,2023-03-01,O,0.086996
Combined_TwoStage_MinVariance,2023-03-01,OXY,0.0
Combined_TwoStage_MinVariance,2023-03-01,PLD,0.0
Combined_TwoStage_MinVariance,2023-03-01,PSA,0.0
Combined_TwoStage_MinVariance,2023-03-01,QCOM,0.0
Combined_TwoStage_MinVariance,2023-03-01,SBUX,0.0
Combined_TwoStage_MinVariance,2023-03-01,SHW,0.0
Combined_TwoStage_MinVariance,2023-03-01,SLB,0.0
Combined_TwoStage_MinVariance,2023-03-01,SO,0.0
Combined_TwoStage_MinVariance,2023-03-01,T,0.043318
Combined_TwoStage_MinVariance,2023-03-01,TMUS,0.0
Combined_TwoStage_MinVariance,2023-03-01,TTWO,0.027621
Combined_TwoStage_MinVariance,2023-03-01,UPS,0.0
Combined_TwoStage_MinVariance,2023-03-01,USB,0.0
Combined_TwoStage_MinVariance,2023-03-01,V,0.0
Combined_TwoStage_MinVariance,2023-03-01,WFC,0.0
Combined_TwoStage_MinVariance,2023-03-01,WMT,0.095818
Combined_TwoStage_MinVariance,2023-03-01,XOM,0.0
Combined_TwoStage_MinVariance,2023-03-01,ADA-USD,0.0
Combined_TwoStage_MinVariance,2023-03-01,BCH-USD,0.0
Combined_TwoStage_MinVariance,2023-03-01,BTC-USD,0.0
Combined_TwoStage_MinVariance,2023-03-01,EOS-USD,0.0
Combined_TwoStage_MinVariance,2023-03-01,ETC-USD,0.0
Combined_TwoStage_MinVariance,2023-03-01,ETH-USD,0.0
Combined_TwoStage_MinVariance,2023-03-01,LTC-USD,0.0
Combined_TwoStage_MinVariance,2023-03-01,TRX-USD,0.0
Combined_TwoStage_MinVariance,2023-03-01,XLM-USD,0.0
Combined_TwoStage_MinVariance,2023-03-01,XRP-USD,0.0
Combined_TwoStage_MinVariance,2023-04-03,ABBV,0.055177
Combined_TwoStage_MinVariance,2023-04-03,ABT,0.0
Combined_TwoStage_MinVariance,2023-04-03,ADBE,0.0
Combined_TwoStage_MinVariance,2023-04-03,AEP,0.0
Combined_TwoStage_MinVariance,2023-04-03,AMD,0.0
Combined_TwoStage_MinVariance,2023-04-03,AMGN,0.191691
Combined_TwoStage_MinVariance,2023-04-03,AMT,0.0
Combined_TwoStage_MinVariance,2023-04-03,BA,0.0
Combined_TwoStage_MinVariance,2023-04-03,CAT,0.0
Combined_TwoStage_MinVariance,2023-04-03,CCI,0.0
Combined_TwoStage_MinVariance,2023-04-03,CMCSA,0.0
Combined_TwoStage_MinVariance,2023-04-03,COP,0.0
Combined_TwoStage_MinVariance,2023-04-03,CVX,0.032727
Combined_TwoStage_MinVariance,2023-04-03,D,0.014272
Combined_TwoStage_MinVariance,2023-04-03,DD,0.0
Combined_TwoStage_MinVariance,2023-04-03,DIS,0.0
Combined_TwoStage_MinVariance,2023-04-03,DOW,0.0
Combined_TwoStage_MinVariance,2023-04-03,DUK,0.010839
Combined_TwoStage_MinVariance,2023-04-03,EA,0.104934
Combined_TwoStage_MinVariance,2023-04-03,GE,0.0
Combined_TwoStage_MinVariance,2023-04-03,GILD,0.0
Combined_TwoStage_MinVariance,2023-04-03,GS,0.0
Combined_TwoStage_MinVariance,2023-04-03,INTC,0.0
Combined_TwoStage_MinVariance,2023-04-03,KO,0.135027
Combined_TwoStage_MinVariance,2023-04-03,MMM,0.0
Combined_TwoStage_MinVariance,2023-04-03,MRK,0.189203
Combined_TwoStage_MinVariance,2023-04-03,MS,0.0
Combined_TwoStage_MinVariance,2023-04-03,NEE,0.0
Combined_TwoStage_MinVariance,2023-04-03,NEM,0.005738
Combined_TwoStage_MinVariance,2023-04-03,NKE,0.0
Combined_TwoStage_MinVariance,2023-04-03,NUE,0.0
Combined_TwoStage_MinVariance,2023-04-03,NVDA,0.0
Combined_TwoStage_MinVariance,2023-04-03,O,0.07176
Combined_TwoStage_MinVariance,2023-04-03,OXY,0.0
Combined_TwoStage_MinVariance,2023-04-03,PLD,0.0
Combined_TwoStage_MinVariance,2023-04-03,PSA,0.0
Combined_TwoStage_MinVariance,2023-04-03,QCOM,0.0
Combined_TwoStage_MinVariance,2023-04-03,SBUX,0.0
Combined_TwoStage_MinVariance,2023-04-03,SHW,0.0
Combined_TwoStage_MinVariance,2023-04-03,SLB,0.0
Combined_TwoStage_MinVariance,2023-04-03,SO,0.0
Combined_TwoStage_MinVariance,2023-04-03,T,0.051173
Combined_TwoStage_MinVariance,2023-04-03,TMUS,0.0
Combined_TwoStage_MinVariance,2023-04-03,TTWO,0.023725
Combined_TwoStage_MinVariance,2023-04-03,UPS,0.0
Combined_TwoStage_MinVariance,2023-04-03,USB,0.0
Combined_TwoStage_MinVariance,2023-04-03,V,0.0
Combined_TwoStage_MinVariance,2023-04-03,WFC,0.0
Combined_TwoStage_MinVariance,2023-04-03,WMT,0.104283
Combined_TwoStage_MinVariance,2023-04-03,XOM,0.00945
Combined_TwoStage_MinVariance,2023-04-03,ADA-USD,0.0
Combined_TwoStage_MinVariance,2023-04-03,BCH-USD,0.0
Combined_TwoStage_MinVariance,2023-04-03,BTC-USD,0.0
Combined_TwoStage_MinVariance,2023-04-03,EOS-USD,0.0
Combined_TwoStage_MinVariance,2023-04-03,ETC-USD,0.0
Combined_TwoStage_MinVariance,2023-04-03,ETH-USD,0.0
Combined_TwoStage_MinVariance,2023-04-03,LTC-USD,0.0
Combined_TwoStage_MinVariance,2023-04-03,TRX-USD,0.0
Combined_TwoStage_MinVariance,2023-04-03,XLM-USD,0.0
Combined_TwoStage_MinVariance,2023-04-03,XRP-USD,0.0
Combined_TwoStage_MinVariance,2023-05-01,ABBV,0.076808
Combined_TwoStage_MinVariance,2023-05-01,ABT,0.0
Combined_TwoStage_MinVariance,2023-05-01,ADBE,0.0
Combined_TwoStage_MinVariance,2023-05-01,AEP,0.0
Combined_TwoStage_MinVariance,2023-05-01,AMD,0.0
Combined_TwoStage_MinVariance,2023-05-01,AMGN,0.179795
Combined_TwoStage_MinVariance,2023-05-01,AMT,0.0
Combined_TwoStage_MinVariance,2023-05-01,BA,0.0
Combined_TwoStage_MinVariance,2023-05-01,CAT,0.0
Combined_TwoStage_MinVariance,2023-05-01,CCI,0.0
Combined_TwoStage_MinVariance,2023-05-01,CMCSA,0.0
Combined_TwoStage_MinVariance,2023-05-01,COP,0.0
Combined_TwoStage_MinVariance,2023-05-01,CVX,0.04214
Combined_TwoStage_MinVariance,2023-05-01,D,0.007299
Combined_TwoStage_MinVariance,2023-05-01,DD,0.0
Combined_TwoStage_MinVariance,2023-05-01,DIS,0.0
Combined_TwoStage_MinVariance,2023-05-01,DOW,0.0
Combined_TwoStage_MinVariance,2023-05-01,DUK,0.0
Combined_TwoStage_MinVariance,2023-05-01,EA,0.078357
Combined_TwoStage_MinVariance,2023-05-01,GE,0.0
Combined_TwoStage_MinVariance,2023-05-01,GILD,0.0
Combined_TwoStage_MinVariance,2023-05-01,GS,0.0
Combined_TwoStage_MinVariance,2023-05-01,INTC,0.0
Combined_TwoStage_MinVariance,2023-05-01,KO,0.15165
Combined_TwoStage_MinVariance,2023-05-01,MMM,0.0
Combined_TwoStage_MinVariance,2023-05-01,MRK,0.177345
Combined_TwoStage_MinVariance,2023-05-01,MS,0.0
Combined_TwoStage_MinVariance,2023-05-01,NEE,0.0
Combined_TwoStage_MinVariance,2023-05-01,NEM,0.00431
Combined_TwoStage_MinVariance,2023-05-01,NKE,0.0
Combined_TwoStage_MinVariance,2023-05-01,NUE,0.0
Combined_TwoStage_MinVariance,2023-05-01,NVDA,0.0
Combined_TwoStage_MinVariance,2023-05-01,O,0.103621
Combined_TwoStage_MinVariance,2023-05-01,OXY,0.0
Combined_TwoStage_MinVariance,2023-05-01,PLD,0.0
Combined_TwoStage_MinVariance,2023-05-01,PSA,0.0
Combined_TwoStage_MinVariance,2023-05-01,QCOM,0.0
Combined_TwoStage_MinVariance,2023-05-01,SBUX,0.0
Combined_TwoStage_MinVariance,2023-05-01,SHW,0.0
Combined_TwoStage_MinVariance,2023-05-01,SLB,0.0
Combined_TwoStage_MinVariance,2023-05-01,SO,0.0
Combined_TwoStage_MinVariance,2023-05-01,T,0.036117
Combined_TwoStage_MinVariance,2023-05-01,TMUS,0.0
Combined_TwoStage_MinVariance,2023-05-01,TTWO,0.022754
Combined_TwoStage_MinVariance,2023-05-01,UPS,0.0
Combined_TwoStage_MinVariance,2023-05-01,USB,0.0
Combined_TwoStage_MinVariance,2023-05-01,V,0.0
Combined_TwoStage_MinVariance,2023-05-01,WFC,0.0
Combined_TwoStage_MinVariance,2023-05-01,WMT,0.119804
Combined_TwoStage_MinVariance,2023-05-01,XOM,0.0
Combined_TwoStage_MinVariance,2023-05-01,ADA-USD,0.0
Combined_TwoStage_MinVariance,2023-05-01,BCH-USD,0.0
Combined_TwoStage_MinVariance,2023-05-01,BTC-USD,0.0
Combined_TwoStage_MinVariance,2023-05-01,EOS-USD,0.0
Combined_TwoStage_MinVariance,2023-05-01,ETC-USD,0.0
Combined_TwoStage_MinVariance,2023-05-01,ETH-USD,0.0
Combined_TwoStage_MinVariance,2023-05-01,LTC-USD,0.0
Combined_TwoStage_MinVariance,2023-05-01,TRX-USD,0.0
Combined_TwoStage_MinVariance,2023-05-01,XLM-USD,0.0
Combined_TwoStage_MinVariance,2023-05-01,XRP-USD,0.0
Combined_TwoStage_MinVariance,2023-06-01,ABBV,0.049869
Combined_TwoStage_MinVariance,2023-06-01,ABT,0.0
Combined_TwoStage_MinVariance,2023-06-01,ADBE,0.0
Combined_TwoStage_MinVariance,2023-06-01,AEP,0.0
Combined_TwoStage_MinVariance,2023-06-01,AMD,0.0
Combined_TwoStage_MinVariance,2023-06-01,AMGN,0.080501
Combined_TwoStage_MinVariance,2023-06-01,AMT,0.0
Combined_TwoStage_MinVariance,2023-06-01,BA,0.0
Combined_TwoStage_MinVariance,2023-06-01,CAT,0.0
Combined_TwoStage_MinVariance,2023-06-01,CCI,0.0
Combined_TwoStage_MinVariance,2023-06-01,CMCSA,0.0
Combined_TwoStage_MinVariance,2023-06-01,COP,0.0
Combined_TwoStage_MinVariance,2023-06-01,CVX,0.03968
Combined_TwoStage_MinVariance,2023-06-01,D,0.0
Combined_TwoStage_MinVariance,2023-06-01,DD,0.0
Combined_TwoStage_MinVariance,2023-06-01,DIS,0.0
Combined_TwoStage_MinVariance,2023-06-01,DOW,0.0
Combined_TwoStage_MinVariance,2023-06-01,DUK,0.0
Combined_TwoStage_MinVariance,2023-06-01,EA,0.125131
Combined_TwoStage_MinVariance,2023-06-01,GE,0.0
Combined_TwoStage_MinVariance,2023-06-01,GILD,0.0
Combined_TwoStage_MinVariance,2023-06-01,GS,0.0
Combined_TwoStage_MinVariance,2023-06-01,INTC,0.0
Combined_TwoStage_MinVariance,2023-06-01,KO,0.28618
Combined_TwoStage_MinVariance,2023-06-01,MMM,0.0
Combined_TwoStage_MinVariance,2023-06-01,MRK,0.157153
Combined_TwoStage_MinVariance,2023-06-01,MS,0.0
Combined_TwoStage_MinVariance,2023-06-01,NEE,0.0
Combined_TwoStage_MinVariance,2023-06-01,NEM,0.0
Combined_TwoStage_MinVariance,2023-06-01,NKE,0.0
Combined_TwoStage_MinVariance,2023-06-01,NUE,0.0
Combined_TwoStage_MinVariance,2023-06-01,NVDA,0.0
Combined_TwoStage_MinVariance,2023-06-01,O,0.084359
Combined_TwoStage_MinVariance,2023-06-01,OXY,0.0
Combined_TwoStage_MinVariance,2023-06-01,PLD,0.0
Combined_TwoStage_MinVariance,2023-06-01,PSA,0.0
Combined_TwoStage_MinVariance,2023-06-01,QCOM,0.0
Combined_TwoStage_MinVariance,2023-06-01,SBUX,0.0
Combined_TwoStage_MinVariance,2023-06-01,SHW,0.0
Combined_TwoStage_MinVariance,2023-06-01,SLB,0.0
Combined_TwoStage_MinVariance,2023-06-01,SO,0.0
Combined_TwoStage_MinVariance,2023-06-01,T,0.023972
Combined_TwoStage_MinVariance,2023-06-01,TMUS,0.0
Combined_TwoStage_MinVariance,2023-06-01,TTWO,0.0
Combined_TwoStage_MinVariance,2023-06-01,UPS,0.0
Combined_TwoStage_MinVariance,2023-06-01,USB,0.0
Combined_TwoStage_MinVariance,2023-06-01,V,0.0
Combined_TwoStage_MinVariance,2023-06-01,WFC,0.0
Combined_TwoStage_MinVariance,2023-06-01,WMT,0.153155
Combined_TwoStage_MinVariance,2023-06-01,XOM,0.0
Combined_TwoStage_MinVariance,2023-06-01,ADA-USD,0.0
Combined_TwoStage_MinVariance,2023-06-01,BCH-USD,0.0
Combined_TwoStage_MinVariance,2023-06-01,BTC-USD,0.0
Combined_TwoStage_MinVariance,2023-06-01,EOS-USD,0.0
Combined_TwoStage_MinVariance,2023-06-01,ETC-USD,0.0
Combined_TwoStage_MinVariance,2023-06-01,ETH-USD,0.0
Combined_TwoStage_MinVariance,2023-06-01,LTC-USD,0.0
Combined_TwoStage_MinVariance,2023-06-01,TRX-USD,0.0
Combined_TwoStage_MinVariance,2023-06-01,XLM-USD,0.0
Combined_TwoStage_MinVariance,2023-06-01,XRP-USD,0.0
Combined_TwoStage_MinVariance,2023-07-03,ABBV,0.085219
Combined_TwoStage_MinVariance,2023-07-03,ABT,0.0
Combined_TwoStage_MinVariance,2023-07-03,ADBE,0.0
Combined_TwoStage_MinVariance,2023-07-03,AEP,0.0
Combined_TwoStage_MinVariance,2023-07-03,AMD,0.0
Combined_TwoStage_MinVariance,2023-07-03,AMGN,0.012195
Combined_TwoStage_MinVariance,2023-07-03,AMT,0.0
Combined_TwoStage_MinVariance,2023-07-03,BA,0.0
Combined_TwoStage_MinVariance,2023-07-03,CAT,0.0
Combined_TwoStage_MinVariance,2023-07-03,CCI,0.0
Combined_TwoStage_MinVariance,2023-07-03,CMCSA,0.0
Combined_TwoStage_MinVariance,2023-07-03,COP,0.0
Combined_TwoStage_MinVariance,2023-07-03,CVX,0.014397
Combined_TwoStage_MinVariance,2023-07-03,D,0.0
Combined_TwoStage_MinVariance,2023-07-03,DD,0.0
Combined_TwoStage_MinVariance,2023-07-03,DIS,0.0
Combined_TwoStage_MinVariance,2023-07-03,DOW,0.0
Combined_TwoStage_MinVariance,2023-07-03,DUK,0.0
Combined_TwoStage_MinVariance,2023-07-03,EA,0.123804
Combined_TwoStage_MinVariance,2023-07-03,GE,0.0
Combined_TwoStage_MinVariance,2023-07-03,GILD,0.0
Combined_TwoStage_MinVariance,2023-07-03,GS,0.0
Combined_TwoStage_MinVariance,2023-07-03,INTC,0.0
Combined_TwoStage_MinVariance,2023-07-03,KO,0.234018
Combined_TwoStage_MinVariance,2023-07-03,MMM,0.0
Combined_TwoStage_MinVariance,2023-07-03,MRK,0.173181
Combined_TwoStage_MinVariance,2023-07-03,MS,0.0
Combined_TwoStage_MinVariance,2023-07-03,NEE,0.0
Combined_TwoStage_MinVariance,2023-07-03,NEM,0.0
Combined_TwoStage_MinVariance,2023-07-03,NKE,0.0
Combined_TwoStage_MinVariance,2023-07-03,NUE,0.0
Combined_TwoStage_MinVariance,2023-07-03,NVDA,0.0
Combined_TwoStage_MinVariance,2023-07-03,O,0.114742
Combined_TwoStage_MinVariance,2023-07-03,OXY,0.004501
Combined_TwoStage_MinVariance,2023-07-03,PLD,0.0
Combined_TwoStage_MinVariance,2023-07-03,PSA,0.0
Combined_TwoStage_MinVariance,2023-07-03,QCOM,0.0
Combined_TwoStage_MinVariance,2023-07-03,SBUX,0.0
Combined_TwoStage_MinVariance,2023-07-03,SHW,0.0
Combined_TwoStage_MinVariance,2023-07-03,SLB,0.0
Combined_TwoStage_MinVariance,2023-07-03,SO,0.0
Combined_TwoStage_MinVariance,2023-07-03,T,0.043049
Combined_TwoStage_MinVariance,2023-07-03,TMUS,0.029629
Combined_TwoStage_MinVariance,2023-07-03,TTWO,0.000643
Combined_TwoStage_MinVariance,2023-07-03,UPS,0.0
Combined_TwoStage_MinVariance,2023-07-03,USB,0.0
Combined_TwoStage_MinVariance,2023-07-03,V,0.0
Combined_TwoStage_MinVariance,2023-07-03,WFC,0.0
Combined_TwoStage_MinVariance,2023-07-03,WMT,0.136909
Combined_TwoStage_MinVariance,2023-07-03,XOM,0.008833
Combined_TwoStage_MinVariance,2023-07-03,ADA-USD,0.0
Combined_TwoStage_MinVariance,2023-07-03,BCH-USD,0.0
Combined_TwoStage_MinVariance,2023-07-03,BTC-USD,0.003441
Combined_TwoStage_MinVariance,2023-07-03,EOS-USD,0.0
Combined_TwoStage_MinVariance,2023-07-03,ETC-USD,0.0
Combined_TwoStage_MinVariance,2023-07-03,ETH-USD,0.0
Combined_TwoStage_MinVariance,2023-07-03,LTC-USD,0.0
Combined_TwoStage_MinVariance,2023-07-03,TRX-USD,0.015412
Combined_TwoStage_MinVariance,2023-07-03,XLM-USD,2.7e-05
Combined_TwoStage_MinVariance,2023-07-03,XRP-USD,0.0
Combined_TwoStage_MinVariance,2023-08-01,ABBV,0.086084
Combined_TwoStage_MinVariance,2023-08-01,ABT,0.0
Combined_TwoStage_MinVariance,2023-08-01,ADBE,0.0
Combined_TwoStage_MinVariance,2023-08-01,AEP,0.0
Combined_TwoStage_MinVariance,2023-08-01,AMD,0.0
Combined_TwoStage_MinVariance,2023-08-01,AMGN,0.014414
Combined_TwoStage_MinVariance,2023-08-01,AMT,0.0
Combined_TwoStage_MinVariance,2023-08-01,BA,0.0
Combined_TwoStage_MinVariance,2023-08-01,CAT,0.0
Combined_TwoStage_MinVariance,2023-08-01,CCI,0.0
Combined_TwoStage_MinVariance,2023-08-01,CMCSA,0.0
Combined_TwoStage_MinVariance,2023-08-01,COP,0.0
Combined_TwoStage_MinVariance,2023-08-01,CVX,0.01334
Combined_TwoStage_MinVariance,2023-08-01,D,0.0
Combined_TwoStage_MinVariance,2023-08-01,DD,0.0
Combined_TwoStage_MinVariance,2023-08-01,DIS,0.0
Combined_TwoStage_MinVariance,2023-08-01,DOW,0.0
Combined_TwoStage_MinVariance,2023-08-01,DUK,0.0
Combined_TwoStage_MinVariance,2023-08-01,EA,0.113697
Combined_TwoStage_MinVariance,2023-08-01,GE,0.0
Combined_TwoStage_MinVariance,2023-08-01,GILD,0.0
Combined_TwoStage_MinVariance,2023-08-01,GS,0.0
Combined_TwoStage_MinVariance,2023-08-01,INTC,0.0
Combined_TwoStage_MinVariance,2023-08-01,KO,0.229175
Combined_TwoStage_MinVariance,2023-08-01,MMM,0.0
Combined_TwoStage_MinVariance,2023-08-01,MRK,0.158233
Combined_TwoStage_MinVariance,2023-08-01,MS,0.0
Combined_TwoStage_MinVariance,2023-08-01,NEE,0.0
Combined_TwoStage_MinVariance,2023-08-01,NEM,0.0
Combined_TwoStage_MinVariance,2023-08-01,NKE,0.0
Combined_TwoStage_MinVariance,2023-08-01,NUE,0.0
Combined_TwoStage_MinVariance,2023-08-01,NVDA,0.0
Combined_TwoStage_MinVariance,2023-08-01,O,0.119673
Combined_TwoStage_MinVariance,2023-08-01,OXY,0.012585
Combined_TwoStage_MinVariance,2023-08-01,PLD,0.0
Combined_TwoStage_MinVariance,2023-08-01,PSA,0.0
Combined_TwoStage_MinVariance,2023-08-01,QCOM,0.0
Combined_TwoStage_MinVariance,2023-08-01,SBUX,0.0
Combined_TwoStage_MinVariance,2023-08-01,SHW,0.0
Combined_TwoStage_MinVariance,2023-08-01,SLB,0.0
Combined_TwoStage_MinVariance,2023-08-01,SO,0.0
Combined_TwoStage_MinVariance,2023-08-01,T,0.026312
Combined_TwoStage_MinVariance,2023-08-01,TMUS,0.052258
Combined_TwoStage_MinVariance,2023-08-01,TTWO,0.001809
Combined_TwoStage_MinVariance,2023-08-01,UPS,0.0
Combined_TwoStage_MinVariance,2023-08-01,USB,0.0
Combined_TwoStage_MinVariance,2023-08-01,V,0.01367
Combined_TwoStage_MinVariance,2023-08-01,WFC,0.0
Combined_TwoStage_MinVariance,2023-08-01,WMT,0.137159
Combined_TwoStage_MinVariance,2023-08-01,XOM,0.007776
Combined_TwoStage_MinVariance,2023-08-01,ADA-USD,0.0
Combined_TwoStage_MinVariance,2023-08-01,BCH-USD,0.0
Combined_TwoStage_MinVariance,2023-08-01,BTC-USD,0.003332
Combined_TwoStage_MinVariance,2023-08-01,EOS-USD,0.0
Combined_TwoStage_MinVariance,2023-08-01,ETC-USD,0.0
Combined_TwoStage_MinVariance,2023-08-01,ETH-USD,0.0
Combined_TwoStage_MinVariance,2023-08-01,LTC-USD,0.0
Combined_TwoStage_MinVariance,2023-08-01,TRX-USD,0.010484
Combined_TwoStage_MinVariance,2023-08-01,XLM-USD,0.0
Combined_TwoStage_MinVariance,2023-08-01,XRP-USD,0.0
Combined_TwoStage_MinVariance,2023-09-01,ABBV,0.072866
Combined_TwoStage_MinVariance,2023-09-01,ABT,0.0
Combined_TwoStage_MinVariance,2023-09-01,ADBE,0.0
Combined_TwoStage_MinVariance,2023-09-01,AEP,0.0
Combined_TwoStage_MinVariance,2023-09-01,AMD,0.0
Combined_TwoStage_MinVariance,2023-09-01,AMGN,0.04063
Combined_TwoStage_MinVariance,2023-09-01,AMT,0.0
Combined_TwoStage_MinVariance,2023-09-01,BA,0.0
Combined_TwoStage_MinVariance,2023-09-01,CAT,0.0
Combined_TwoStage_MinVariance,2023-09-01,CCI,0.0
Combined_TwoStage_MinVariance,2023-09-01,CMCSA,0.0
Combined_TwoStage_MinVariance,2023-09-01,COP,0.0
Combined_TwoStage_MinVariance,2023-09-01,CVX,0.0
Combined_TwoStage_MinVariance,2023-09-01,D,0.0
Combined_TwoStage_MinVariance,2023-09-01,DD,0.0
Combined_TwoStage_MinVariance,2023-09-01,DIS,0.0
Combined_TwoStage_MinVariance,2023-09-01,DOW,0.0
Combined_TwoStage_MinVariance,2023-09-01,DUK,0.0
Combined_TwoStage_MinVariance,2023-09-01,EA,0.077218
Combined_TwoStage_MinVariance,2023-09-01,GE,0.0
Combined_TwoStage_MinVariance,2023-09-01,GILD,0.0
Combined_TwoStage_MinVariance,2023-09-01,GS,0.0
Combined_TwoStage_MinVariance,2023-09-01,INTC,0.0
Combined_TwoStage_MinVariance,2023-09-01,KO,0.253263
Combined_TwoStage_MinVariance,2023-09-01,MMM,0.0
Combined_TwoStage_MinVariance,2023-09-01,MRK,0.139752
Combined_TwoStage_MinVariance,2023-09-01,MS,0.0
Combined_TwoStage_MinVariance,2023-09-01,NEE,0.0
Combined_TwoStage_MinVariance,2023-09-01,NEM,0.0
Combined_TwoStage_MinVariance,2023-09-01,NKE,0.0
Combined_TwoStage_MinVariance,2023-09-01,NUE,0.0
Combined_TwoStage_MinVariance,2023-09-01,NVDA,0.0
Combined_TwoStage_MinVariance,2023-09-01,O,0.092895
Combined_TwoStage_MinVariance,2023-09-01,OXY,0.019229
Combined_TwoStage_MinVariance,2023-09-01,PLD,0.0
Combined_TwoStage_MinVariance,2023-09-01,PSA,0.0
Combined_TwoStage_MinVariance,2023-09-01,QCOM,0.0
Combined_TwoStage_MinVariance,2023-09-01,SBUX,0.0
Combined_TwoStage_MinVariance,2023-09-01,SHW,0.0
Combined_TwoStage_MinVariance,2023-09-01,SLB,0.0
Combined_TwoStage_MinVariance,2023-09-01,SO,0.0
Combined_TwoStage_MinVariance,2023-09-01,T,0.032391
Combined_TwoStage_MinVariance,2023-09-01,TMUS,0.034352
Combined_TwoStage_MinVariance,2023-09-01,TTWO,0.015676
Combined_TwoStage_MinVariance,2023-09-01,UPS,0.0
Combined_TwoStage_MinVariance,2023-09-01,USB,0.0
Combined_TwoStage_MinVariance,2023-09-01,V,0.018451
Combined_TwoStage_MinVariance,2023-09-01,WFC,0.0
Combined_TwoStage_MinVariance,2023-09-01,WMT,0.179289
Combined_TwoStage_MinVariance,2023-09-01,XOM,0.012939
Combined_TwoStage_MinVariance,2023-09-01,ADA-USD,0.0
Combined_TwoStage_MinVariance,2023-09-01,BCH-USD,0.0
Combined_TwoStage_MinVariance,2023-09-01,BTC-USD,0.002732
Combined_TwoStage_MinVariance,2023-09-01,EOS-USD,0.0
Combined_TwoStage_MinVariance,2023-09-01,ETC-USD,0.0
Combined_TwoStage_MinVariance,2023-09-01,ETH-USD,0.0
Combined_TwoStage_MinVariance,2023-09-01,LTC-USD,0.0
Combined_TwoStage_MinVariance,2023-09-01,TRX-USD,0.008316
Combined_TwoStage_MinVariance,2023-09-01,XLM-USD,0.0
Combined_TwoStage_MinVariance,2023-09-01,XRP-USD,0.0
Combined_TwoStage_MinVariance,2023-10-02,ABBV,0.059482
Combined_TwoStage_MinVariance,2023-10-02,ABT,0.0
Combined_TwoStage_MinVariance,2023-10-02,ADBE,0.0
Combined_TwoStage_MinVariance,2023-10-02,AEP,0.0
Combined_TwoStage_MinVariance,2023-10-02,AMD,0.0
Combined_TwoStage_MinVariance,2023-10-02,AMGN,0.045473
Combined_TwoStage_MinVariance,2023-10-02,AMT,0.0
Combined_TwoStage_MinVariance,2023-10-02,BA,0.0
Combined_TwoStage_MinVariance,2023-10-02,CAT,0.0
Combined_TwoStage_MinVariance,2023-10-02,CCI,0.0
Combined_TwoStage_MinVariance,2023-10-02,CMCSA,0.0
Combined_TwoStage_MinVariance,2023-10-02,COP,0.0
Combined_TwoStage_MinVariance,2023-10-02,CVX,0.027104
Combined_TwoStage_MinVariance,2023-10-02,D,0.0
Combined_TwoStage_MinVariance,2023-10-02,DD,0.0
Combined_TwoStage_MinVariance,2023-10-02,DIS,0.0
Combined_TwoStage_MinVariance,2023-10-02,DOW,0.0
Combined_TwoStage_MinVariance,2023-10-02,DUK,0.0
Combined_TwoStage_MinVariance,2023-10-02,EA,0.077406
Combined_TwoStage_MinVariance,2023-10-02,GE,0.007096
Combined_TwoStage_MinVariance,2023-10-02,GILD,0.0
Combined_TwoStage_MinVariance,2023-10-02,GS,0.0
Combined_TwoStage_MinVariance,2023-10-02,INTC,0.0
Combined_TwoStage_MinVariance,2023-10-02,KO,0.281522
Combined_TwoStage_MinVariance,2023-10-02,MMM,0.0
Combined_TwoStage_MinVariance,2023-10-02,MRK,0.115369
Combined_TwoStage_MinVariance,2023-10-02,MS,0.0
Combined_TwoStage_MinVariance,2023-10-02,NEE,0.0
Combined_TwoStage_MinVariance,2023-10-02,NEM,0.0
Combined_TwoStage_MinVariance,2023-10-02,NKE,0.0
Combined_TwoStage_MinVariance,2023-10-02,NUE,0.0
Combined_TwoStage_MinVariance,2023-10-02,NVDA,0.0
Combined_TwoStage_MinVariance,2023-10-02,O,0.061873
Combined_TwoStage_MinVariance,2023-10-02,OXY,0.018377
Combined_TwoStage_MinVariance,2023-10-02,PLD,0.0
Combined_TwoStage_MinVariance,2023-10-02,PSA,0.0
Combined_TwoStage_MinVariance,2023-10-02,QCOM,0.0
Combined_TwoStage_MinVariance,2023-10-02,SBUX,0.0
Combined_TwoStage_MinVariance,2023-10-02,SHW,0.0
Combined_TwoStage_MinVariance,2023-10-02,SLB,0.0
Combined_TwoStage_MinVariance,2023-10-02,SO,0.0
Combined_TwoStage_MinVariance,2023-10-02,T,0.026228
Combined_TwoStage_MinVariance,2023-10-02,TMUS,0.061687
Combined_TwoStage_MinVariance,2023-10-02,TTWO,0.016097
Combined_TwoStage_MinVariance,2023-10-02,UPS,0.0
Combined_TwoStage_MinVariance,2023-10-02,USB,0.0
Combined_TwoStage_MinVariance,2023-10-02,V,0.028226
Combined_TwoStage_MinVariance,2023-10-02,WFC,0.0
Combined_TwoStage_MinVariance,2023-10-02,WMT,0.157242
Combined_TwoStage_MinVariance,2023-10-02,XOM,0.0
Combined_TwoStage_MinVariance,2023-10-02,ADA-USD,0.0
Combined_TwoStage_MinVariance,2023-10-02,BCH-USD,0.0
Combined_TwoStage_MinVariance,2023-10-02,BTC-USD,0.005536
Combined_TwoStage_MinVariance,2023-10-02,EOS-USD,0.0
Combined_TwoStage_MinVariance,2023-10-02,ETC-USD,0.0
Combined_TwoStage_MinVariance,2023-10-02,ETH-USD,0.0
Combined_TwoStage_MinVariance,2023-10-02,LTC-USD,0.0
Combined_TwoStage_MinVariance,2023-10-02,TRX-USD,0.011284
Combined_TwoStage_MinVariance,2023-10-02,XLM-USD,0.0
Combined_TwoStage_MinVariance,2023-10-02,XRP-USD,0.0
Combined_TwoStage_MinVariance,2023-11-01,ABBV,0.075864
Combined_TwoStage_MinVariance,2023-11-01,ABT,0.0
Combined_TwoStage_MinVariance,2023-11-01,ADBE,0.0
Combined_TwoStage_MinVariance,2023-11-01,AEP,0.0
Combined_TwoStage_MinVariance,2023-11-01,AMD,0.0
Combined_TwoStage_MinVariance,2023-11-01,AMGN,0.032591
Combined_TwoStage_MinVariance,2023-11-01,AMT,0.0
Combined_TwoStage_MinVariance,2023-11-01,BA,0.0
Combined_TwoStage_MinVariance,2023-11-01,CAT,0.0
Combined_TwoStage_MinVariance,2023-11-01,CCI,0.0
Combined_TwoStage_MinVariance,2023-11-01,CMCSA,0.000247
Combined_TwoStage_MinVariance,2023-11-01,COP,0.0
Combined_TwoStage_MinVariance,2023-11-01,CVX,0.046991
Combined_TwoStage_MinVariance,2023-11-01,D,0.0
Combined_TwoStage_MinVariance,2023-11-01,DD,0.018631
Combined_TwoStage_MinVariance,2023-11-01,DIS,0.0
Combined_TwoStage_MinVariance,2023-11-01,DOW,0.0
Combined_TwoStage_MinVariance,2023-11-01,DUK,0.0
Combined_TwoStage_MinVariance,2023-11-01,EA,0.067027
Combined_TwoStage_MinVariance,2023-11-01,GE,0.008097
Combined_TwoStage_MinVariance,2023-11-01,GILD,0.0
Combined_TwoStage_MinVariance,2023-11-01,GS,0.005198
Combined_TwoStage_MinVariance,2023-11-01,INTC,0.0
Combined_TwoStage_MinVariance,2023-11-01,KO,0.17736
Combined_TwoStage_MinVariance,2023-11-01,MMM,0.0
Combined_TwoStage_MinVariance,2023-11-01,MRK,0.121667
Combined_TwoStage_MinVariance,2023-11-01,MS,0.0
Combined_TwoStage_MinVariance,2023-11-01,NEE,0.0
Combined_TwoStage_MinVariance,2023-11-01,NEM,0.0
Combined_TwoStage_MinVariance,2023-11-01,NKE,0.0
Combined_TwoStage_MinVariance,2023-11-01,NUE,0.0
Combined_TwoStage_MinVariance,2023-11-01,NVDA,0.004088
Combined_TwoStage_MinVariance,2023-11-01,O,0.100459
Combined_TwoStage_MinVariance,2023-11-01,OXY,0.0
Combined_TwoStage_MinVariance,2023-11-01,PLD,0.0
Combined_TwoStage_MinVariance,2023-11-01,PSA,0.0
Combined_TwoStage_MinVariance,2023-11-01,QCOM,0.0
Combined_TwoStage_MinVariance,2023-11-01,SBUX,0.0
Combined_TwoStage_MinVariance,2023-11-01,SHW,0.0
Combined_TwoStage_MinVariance,2023-11-01,SLB,0.0
Combined_TwoStage_MinVariance,2023-11-01,SO,0.0
Combined_TwoStage_MinVariance,2023-11-01,T,0.040892
Combined_TwoStage_MinVariance,2023-11-01,TMUS,0.061632
Combined_TwoStage_MinVariance,2023-11-01,TTWO,0.0
Combined_TwoStage_MinVariance,2023-11-01,UPS,0.0
Combined_TwoStage_MinVariance,2023-11-01,USB,0.0
Combined_TwoStage_MinVariance,2023-11-01,V,0.039336
Combined_TwoStage_MinVariance,2023-11-01,WFC,0.0
Combined_TwoStage_MinVariance,2023-11-01,WMT,0.196486
Combined_TwoStage_MinVariance,2023-11-01,XOM,0.0
Combined_TwoStage_MinVariance,2023-11-01,ADA-USD,0.0
Combined_TwoStage_MinVariance,2023-11-01,BCH-USD,0.0
Combined_TwoStage_MinVariance,2023-11-01,BTC-USD,0.001033
Combined_TwoStage_MinVariance,2023-11-01,EOS-USD,0.0
Combined_TwoStage_MinVariance,2023-11-01,ETC-USD,0.0
Combined_TwoStage_MinVariance,2023-11-01,ETH-USD,0.0
Combined_TwoStage_MinVariance,2023-11-01,LTC-USD,0.0
Combined_TwoStage_MinVariance,2023-11-01,TRX-USD,0.002401
Combined_TwoStage_MinVariance,2023-11-01,XLM-USD,0.0
Combined_TwoStage_MinVariance,2023-11-01,XRP-USD,0.0
Combined_TwoStage_MinVariance,2023-12-01,ABBV,0.085481
Combined_TwoStage_MinVariance,2023-12-01,ABT,0.019918
Combined_TwoStage_MinVariance,2023-12-01,ADBE,0.0
Combined_TwoStage_MinVariance,2023-12-01,AEP,0.0
Combined_TwoStage_MinVariance,2023-12-01,AMD,0.00893
Combined_TwoStage_MinVariance,2023-12-01,AMGN,0.009759
Combined_TwoStage_MinVariance,2023-12-01,AMT,0.0
Combined_TwoStage_MinVariance,2023-12-01,BA,0.0
Combined_TwoStage_MinVariance,2023-12-01,CAT,0.0
Combined_TwoStage_MinVariance,2023-12-01,CCI,0.0
Combined_TwoStage_MinVariance,2023-12-01,CMCSA,0.0
Combined_TwoStage_MinVariance,2023-12-01,COP,0.0
Combined_TwoStage_MinVariance,2023-12-01,CVX,0.024077
Combined_TwoStage_MinVariance,2023-12-01,D,0.0
Combined_TwoStage_MinVariance,2023-12-01,DD,0.007346
Combined_TwoStage_MinVariance,2023-12-01,DIS,0.0
Combined_TwoStage_MinVariance,2023-12-01,DOW,0.0
Combined_TwoStage_MinVariance,2023-12-01,DUK,0.0
Combined_TwoStage_MinVariance,2023-12-01,EA,0.041147
Combined_TwoStage_MinVariance,2023-12-01,GE,0.011313
Combined_TwoStage_MinVariance,2023-12-01,GILD,0.0
Combined_TwoStage_MinVariance,2023-12-01,GS,0.0
Combined_TwoStage_MinVariance,2023-12-01,INTC,0.002771
Combined_TwoStage_MinVariance,2023-12-01,KO,0.181248
Combined_TwoStage_MinVariance,2023-12-01,MMM,0.0
Combined_TwoStage_MinVariance,2023-12-01,MRK,0.102172
Combined_TwoStage_MinVariance,2023-12-01,MS,0.0
Combined_TwoStage_MinVariance,2023-12-01,NEE,0.0
Combined_TwoStage_MinVariance,2023-12-01,NEM,0.011027
Combined_TwoStage_MinVariance,2023-12-01,NKE,0.0
Combined_TwoStage_MinVariance,2023-12-01,NUE,0.0
Combined_TwoStage_MinVariance,2023-12-01,NVDA,0.011426
Combined_TwoStage_MinVariance,2023-12-01,O,0.082717
Combined_TwoStage_MinVariance,2023-12-01,OXY,0.027997
Combined_TwoStage_MinVariance,2023-12-01,PLD,0.0
Combined_TwoStage_MinVariance,2023-12-01,PSA,0.0
Combined_TwoStage_MinVariance,2023-12-01,QCOM,0.0
Combined_TwoStage_MinVariance,2023-12-01,SBUX,0.0
Combined_TwoStage_MinVariance,2023-12-01,SHW,0.0
Combined_TwoStage_MinVariance,2023-12-01,SLB,0.0
Combined_TwoStage_MinVariance,2023-12-01,SO,0.0
Combined_TwoStage_MinVariance,2023-12-01,T,0.035396
Combined_TwoStage_MinVariance,2023-12-01,TMUS,0.062141
Combined_TwoStage_MinVariance,2023-12-01,TTWO,0.0
Combined_TwoStage_MinVariance,2023-12-01,UPS,0.0
Combined_TwoStage_MinVariance,2023-12-01,USB,0.0
Combined_TwoStage_MinVariance,2023-12-01,V,0.077107
Combined_TwoStage_MinVariance,2023-12-01,WFC,0.0
Combined_TwoStage_MinVariance,2023-12-01,WMT,0.175121
Combined_TwoStage_MinVariance,2023-12-01,XOM,0.0
Combined_TwoStage_MinVariance,2023-12-01,ADA-USD,0.0
Combined_TwoStage_MinVariance,2023-12-01,BCH-USD,0.0
Combined_TwoStage_MinVariance,2023-12-01,BTC-USD,0.009362
Combined_TwoStage_MinVariance,2023-12-01,EOS-USD,0.0
Combined_TwoStage_MinVariance,2023-12-01,ETC-USD,0.0
Combined_TwoStage_MinVariance,2023-12-01,ETH-USD,0.000854
Combined_TwoStage_MinVariance,2023-12-01,LTC-USD,0.0
Combined_TwoStage_MinVariance,2023-12-01,TRX-USD,0.012688
Combined_TwoStage_MinVariance,2023-12-01,XLM-USD,0.0
Combined_TwoStage_MinVariance,2023-12-01,XRP-USD,0.0
Combined_TwoStage_MaxSharpe,2021-01-04,ABBV,0.0
Combined_TwoStage_MaxSharpe,2021-01-04,ABT,0.0
Combined_TwoStage_MaxSharpe,2021-01-04,ADBE,0.0
Combined_TwoStage_MaxSharpe,2021-01-04,AEP,0.0
Combined_TwoStage_MaxSharpe,2021-01-04,AMD,0.0
Combined_TwoStage_MaxSharpe,2021-01-04,AMGN,0.0
Combined_TwoStage_MaxSharpe,2021-01-04,AMT,0.0
Combined_TwoStage_MaxSharpe,2021-01-04,BA,0.0
Combined_TwoStage_MaxSharpe,2021-01-04,CAT,0.0
Combined_TwoStage_MaxSharpe,2021-01-04,CCI,0.0
Combined_TwoStage_MaxSharpe,2021-01-04,CMCSA,0.0
Combined_TwoStage_MaxSharpe,2021-01-04,COP,0.0
Combined_TwoStage_MaxSharpe,2021-01-04,CVX,0.0
Combined_TwoStage_MaxSharpe,2021-01-04,D,0.0
Combined_TwoStage_MaxSharpe,2021-01-04,DD,0.0
Combined_TwoStage_MaxSharpe,2021-01-04,DIS,0.0
Combined_TwoStage_MaxSharpe,2021-01-04,DOW,0.0
Combined_TwoStage_MaxSharpe,2021-01-04,DUK,0.0
Combined_TwoStage_MaxSharpe,2021-01-04,EA,0.0
Combined_TwoStage_MaxSharpe,2021-01-04,GE,0.0
Combined_TwoStage_MaxSharpe,2021-01-04,GILD,0.0
Combined_TwoStage_MaxSharpe,2021-01-04,GS,0.0
Combined_TwoStage_MaxSharpe,2021-01-04,INTC,0.0
Combined_TwoStage_MaxSharpe,2021-01-04,KO,0.0
Combined_TwoStage_MaxSharpe,2021-01-04,MMM,0.0
Combined_TwoStage_MaxSharpe,2021-01-04,MRK,0.0
Combined_TwoStage_MaxSharpe,2021-01-04,MS,0.0
Combined_TwoStage_MaxSharpe,2021-01-04,NEE,0.0
Combined_TwoStage_MaxSharpe,2021-01-04,NEM,0.05576
Combined_TwoStage_MaxSharpe,2021-01-04,NKE,0.0
Combined_TwoStage_MaxSharpe,2021-01-04,NUE,0.0
Combined_TwoStage_MaxSharpe,2021-01-04,NVDA,0.067907
Combined_TwoStage_MaxSharpe,2021-01-04,O,0.0
Combined_TwoStage_MaxSharpe,2021-01-04,OXY,0.0
Combined_TwoStage_MaxSharpe,2021-01-04,PLD,0.0
Combined_TwoStage_MaxSharpe,2021-01-04,PSA,0.0
Combined_TwoStage_MaxSharpe,2021-01-04,QCOM,0.000631
Combined_TwoStage_MaxSharpe,2021-01-04,SBUX,0.0
Combined_TwoStage_MaxSharpe,2021-01-04,SHW,0.0
Combined_TwoStage_MaxSharpe,2021-01-04,SLB,0.0
Combined_TwoStage_MaxSharpe,2021-01-04,SO,0.0
Combined_TwoStage_MaxSharpe,2021-01-04,T,0.0
Combined_TwoStage_MaxSharpe,2021-01-04,TMUS,0.100099
Combined_TwoStage_MaxSharpe,2021-01-04,TTWO,0.082373
Combined_TwoStage_MaxSharpe,2021-01-04,UPS,0.037015
Combined_TwoStage_MaxSharpe,2021-01-04,USB,0.0
Combined_TwoStage_MaxSharpe,2021-01-04,V,0.0
Combined_TwoStage_MaxSharpe,2021-01-04,WFC,0.0
Combined_TwoStage_MaxSharpe,2021-01-04,WMT,0.0
Combined_TwoStage_MaxSharpe,2021-01-04,XOM,0.0
Combined_TwoStage_MaxSharpe,2021-01-04,ADA-USD,0.0
Combined_TwoStage_MaxSharpe,2021-01-04,BCH-USD,0.0
Combined_TwoStage_MaxSharpe,2021-01-04,BTC-USD,0.5937
Combined_TwoStage_MaxSharpe,2021-01-04,EOS-USD,0.0
Combined_TwoStage_MaxSharpe,2021-01-04,ETC-USD,0.0
Combined_TwoStage_MaxSharpe,2021-01-04,ETH-USD,0.0
Combined_TwoStage_MaxSharpe,2021-01-04,LTC-USD,0.0
Combined_TwoStage_MaxSharpe,2021-01-04,TRX-USD,0.0
Combined_TwoStage_MaxSharpe,2021-01-04,XLM-USD,0.062514
Combined_TwoStage_MaxSharpe,2021-01-04,XRP-USD,0.0
Combined_TwoStage_MaxSharpe,2021-02-01,ABBV,0.000457
Combined_TwoStage_MaxSharpe,2021-02-01,ABT,0.0
Combined_TwoStage_MaxSharpe,2021-02-01,ADBE,0.0
Combined_TwoStage_MaxSharpe,2021-02-01,AEP,0.0
Combined_TwoStage_MaxSharpe,2021-02-01,AMD,0.0
Combined_TwoStage_MaxSharpe,2021-02-01,AMGN,0.0
Combined_TwoStage_MaxSharpe,2021-02-01,AMT,0.0
Combined_TwoStage_MaxSharpe,2021-02-01,BA,0.0
Combined_TwoStage_MaxSharpe,2021-02-01,CAT,0.0
Combined_TwoStage_MaxSharpe,2021-02-01,CCI,0.0
Combined_TwoStage_MaxSharpe,2021-02-01,CMCSA,0.0
Combined_TwoStage_MaxSharpe,2021-02-01,COP,0.0
Combined_TwoStage_MaxSharpe,2021-02-01,CVX,0.0
Combined_TwoStage_MaxSharpe,2021-02-01,D,0.0
Combined_TwoStage_MaxSharpe,2021-02-01,DD,0.046601
Combined_TwoStage_MaxSharpe,2021-02-01,DIS,0.0
Combined_TwoStage_MaxSharpe,2021-02-01,DOW,0.0
Combined_TwoStage_MaxSharpe,2021-02-01,DUK,0.0
Combined_TwoStage_MaxSharpe,2021-02-01,EA,0.0
Combined_TwoStage_MaxSharpe,2021-02-01,GE,0.0
Combined_TwoStage_MaxSharpe,2021-02-01,GILD,0.0
Combined_TwoStage_MaxSharpe,2021-02-01,GS,0.0
Combined_TwoStage_MaxSharpe,2021-02-01,INTC,0.0
Combined_TwoStage_MaxSharpe,2021-02-01,KO,0.0
Combined_TwoStage_MaxSharpe,2021-02-01,MMM,0.0
Combined_TwoStage_MaxSharpe,2021-02-01,MRK,0.0
Combined_TwoStage_MaxSharpe,2021-02-01,MS,0.0
Combined_TwoStage_MaxSharpe,2021-02-01,NEE,0.0
Combined_TwoStage_MaxSharpe,2021-02-01,NEM,0.060124
Combined_TwoStage_MaxSharpe,2021-02-01,NKE,0.0
Combined_TwoStage_MaxSharpe,2021-02-01,NUE,0.0
Combined_TwoStage_MaxSharpe,2021-02-01,NVDA,0.106127
Combined_TwoStage_MaxSharpe,2021-02-01,O,0.0
Combined_TwoStage_MaxSharpe,2021-02-01,OXY,0.0
Combined_TwoStage_MaxSharpe,2021-02-01,PLD,0.0
Combined_TwoStage_MaxSharpe,2021-02-01,PSA,0.0
Combined_TwoStage_MaxSharpe,2021-02-01,QCOM,0.048379
Combined_TwoStage_MaxSharpe,2021-02-01,SBUX,0.0
Combined_TwoStage_MaxSharpe,2021-02-01,SHW,0.0
Combined_TwoStage_MaxSharpe,2021-02-01,SLB,0.0
Combined_TwoStage_MaxSharpe,2021-02-01,SO,0.0
Combined_TwoStage_MaxSharpe,2021-02-01,T,0.0
Combined_TwoStage_MaxSharpe,2021-02-01,TMUS,0.031782
Combined_TwoStage_MaxSharpe,2021-02-01,TTWO,0.078002
Combined_TwoStage_MaxSharpe,2021-02-01,UPS,0.043806
Combined_TwoStage_MaxSharpe,2021-02-01,USB,0.0
Combined_TwoStage_MaxSharpe,2021-02-01,V,0.0
Combined_TwoStage_MaxSharpe,2021-02-01,WFC,0.0
Combined_TwoStage_MaxSharpe,2021-02-01,WMT,0.0
Combined_TwoStage_MaxSharpe,2021-02-01,XOM,0.0
Combined_TwoStage_MaxSharpe,2021-02-01,ADA-USD,0.0
Combined_TwoStage_MaxSharpe,2021-02-01,BCH-USD,0.0
Combined_TwoStage_MaxSharpe,2021-02-01,BTC-USD,0.450007
Combined_TwoStage_MaxSharpe,2021-02-01,EOS-USD,0.0
Combined_TwoStage_MaxSharpe,2021-02-01,ETC-USD,0.0
Combined_TwoStage_MaxSharpe,2021-02-01,ETH-USD,0.0
Combined_TwoStage_MaxSharpe,2021-02-01,LTC-USD,0.0
Combined_TwoStage_MaxSharpe,2021-02-01,TRX-USD,0.0
Combined_TwoStage_MaxSharpe,2021-02-01,XLM-USD,0.134716
Combined_TwoStage_MaxSharpe,2021-02-01,XRP-USD,0.0
Combined_TwoStage_MaxSharpe,2021-03-01,ABBV,0.0
Combined_TwoStage_MaxSharpe,2021-03-01,ABT,0.0
Combined_TwoStage_MaxSharpe,2021-03-01,ADBE,0.0
Combined_TwoStage_MaxSharpe,2021-03-01,AEP,0.0
Combined_TwoStage_MaxSharpe,2021-03-01,AMD,0.0
Combined_TwoStage_MaxSharpe,2021-03-01,AMGN,0.0
Combined_TwoStage_MaxSharpe,2021-03-01,AMT,0.0
Combined_TwoStage_MaxSharpe,2021-03-01,BA,0.0
Combined_TwoStage_MaxSharpe,2021-03-01,CAT,0.146114
Combined_TwoStage_MaxSharpe,2021-03-01,CCI,0.0
Combined_TwoStage_MaxSharpe,2021-03-01,CMCSA,0.0
Combined_TwoStage_MaxSharpe,2021-03-01,COP,0.0
Combined_TwoStage_MaxSharpe,2021-03-01,CVX,0.0
Combined_TwoStage_MaxSharpe,2021-03-01,D,0.0
Combined_TwoStage_MaxSharpe,2021-03-01,DD,0.0
Combined_TwoStage_MaxSharpe,2021-03-01,DIS,0.0
Combined_TwoStage_MaxSharpe,2021-03-01,DOW,0.0
Combined_TwoStage_MaxSharpe,2021-03-01,DUK,0.0
Combined_TwoStage_MaxSharpe,2021-03-01,EA,0.0
Combined_TwoStage_MaxSharpe,2021-03-01,GE,0.0
Combined_TwoStage_MaxSharpe,2021-03-01,GILD,0.0
Combined_TwoStage_MaxSharpe,2021-03-01,GS,0.0
Combined_TwoStage_MaxSharpe,2021-03-01,INTC,0.0
Combined_TwoStage_MaxSharpe,2021-03-01,KO,0.0
Combined_TwoStage_MaxSharpe,2021-03-01,MMM,0.0
Combined_TwoStage_MaxSharpe,2021-03-01,MRK,0.0
Combined_TwoStage_MaxSharpe,2021-03-01,MS,0.0
Combined_TwoStage_MaxSharpe,2021-03-01,NEE,0.0
Combined_TwoStage_MaxSharpe,2021-03-01,NEM,0.0
Combined_TwoStage_MaxSharpe,2021-03-01,NKE,0.0
Combined_TwoStage_MaxSharpe,2021-03-01,NUE,0.0
Combined_TwoStage_MaxSharpe,2021-03-01,NVDA,0.042605
Combined_TwoStage_MaxSharpe,2021-03-01,O,0.0
Combined_TwoStage_MaxSharpe,2021-03-01,OXY,0.0
Combined_TwoStage_MaxSharpe,2021-03-01,PLD,0.0
Combined_TwoStage_MaxSharpe,2021-03-01,PSA,0.0
Combined_TwoStage_MaxSharpe,2021-03-01,QCOM,0.0
Combined_TwoStage_MaxSharpe,2021-03-01,SBUX,0.0
Combined_TwoStage_MaxSharpe,2021-03-01,SHW,0.0
Combined_TwoStage_MaxSharpe,2021-03-01,SLB,0.0
Combined_TwoStage_MaxSharpe,2021-03-01,SO,0.0
Combined_TwoStage_MaxSharpe,2021-03-01,T,0.0
Combined_TwoStage_MaxSharpe,2021-03-01,TMUS,0.0
Combined_TwoStage_MaxSharpe,2021-03-01,TTWO,0.160062
Combined_TwoStage_MaxSharpe,2021-03-01,UPS,0.136674
Combined_TwoStage_MaxSharpe,2021-03-01,USB,0.0
Combined_TwoStage_MaxSharpe,2021-03-01,V,0.0
Combined_TwoStage_MaxSharpe,2021-03-01,WFC,0.0
Combined_TwoStage_MaxSharpe,2021-03-01,WMT,0.0
Combined_TwoStage_MaxSharpe,2021-03-01,XOM,0.0
Combined_TwoStage_MaxSharpe,2021-03-01,ADA-USD,0.123351
Combined_TwoStage_MaxSharpe,2021-03-01,BCH-USD,0.0
Combined_TwoStage_MaxSharpe,2021-03-01,BTC-USD,0.3459
Combined_TwoStage_MaxSharpe,2021-03-01,EOS-USD,0.0
Combined_TwoStage_MaxSharpe,2021-03-01,ETC-USD,0.0
Combined_TwoStage_MaxSharpe,2021-03-01,ETH-USD,0.0
Combined_TwoStage_MaxSharpe,2021-03-01,LTC-USD,0.0
Combined_TwoStage_MaxSharpe,2021-03-01,TRX-USD,0.0
Combined_TwoStage_MaxSharpe,2021-03-01,XLM-USD,0.045294
Combined_TwoStage_MaxSharpe,2021-03-01,XRP-USD,0.0
Combined_TwoStage_MaxSharpe,2021-04-01,ABBV,0.076657
Combined_TwoStage_MaxSharpe,2021-04-01,ABT,0.044631
Combined_TwoStage_MaxSharpe,2021-04-01,ADBE,0.0
Combined_TwoStage_MaxSharpe,2021-04-01,AEP,0.0
Combined_TwoStage_MaxSharpe,2021-04-01,AMD,0.0
Combined_TwoStage_MaxSharpe,2021-04-01,AMGN,0.0
Combined_TwoStage_MaxSharpe,2021-04-01,AMT,0.0
Combined_TwoStage_MaxSharpe,2021-04-01,BA,0.0
Combined_TwoStage_MaxSharpe,2021-04-01,CAT,0.018927
Combined_TwoStage_MaxSharpe,2021-04-01,CCI,0.0
Combined_TwoStage_MaxSharpe,2021-04-01,CMCSA,0.0
Combined_TwoStage_MaxSharpe,2021-04-01,COP,0.0
Combined_TwoStage_MaxSharpe,2021-04-01,CVX,0.0
Combined_TwoStage_MaxSharpe,2021-04-01,D,0.0
Combined_TwoStage_MaxSharpe,2021-04-01,DD,0.065644
Combined_TwoStage_MaxSharpe,2021-04-01,DIS,0.036321
Combined_TwoStage_MaxSharpe,2021-04-01,DOW,0.0
Combined_TwoStage_MaxSharpe,2021-04-01,DUK,0.0
Combined_TwoStage_MaxSharpe,2021-04-01,EA,0.045041
Combined_TwoStage_MaxSharpe,2021-04-01,GE,0.0
Combined_TwoStage_MaxSharpe,2021-04-01,GILD,0.0
Combined_TwoStage_MaxSharpe,2021-04-01,GS,0.072362
Combined_TwoStage_MaxSharpe,2021-04-01,INTC,0.0
Combined_TwoStage_MaxSharpe,2021-04-01,KO,0.0
Combined_TwoStage_MaxSharpe,2021-04-01,MMM,0.0
Combined_TwoStage_MaxSharpe,2021-04-01,MRK,0.0
Combined_TwoStage_MaxSharpe,2021-04-01,MS,0.019462
Combined_TwoStage_MaxSharpe,2021-04-01,NEE,0.0
Combined_TwoStage_MaxSharpe,2021-04-01,NEM,0.008555
Combined_TwoStage_MaxSharpe,2021-04-01,NKE,0.0
Combined_TwoStage_MaxSharpe,2021-04-01,NUE,0.096295
Combined_TwoStage_MaxSharpe,2021-04-01,NVDA,0.012079
Combined_TwoStage_MaxSharpe,2021-04-01,O,0.0
Combined_TwoStage_MaxSharpe,2021-04-01,OXY,0.0
Combined_TwoStage_MaxSharpe,2021-04-01,PLD,0.0
Combined_TwoStage_MaxSharpe,2021-04-01,PSA,0.00207
Combined_TwoStage_MaxSharpe,2021-04-01,QCOM,0.0
Combined_TwoStage_MaxSharpe,2021-04-01,SBUX,0.0
Combined_TwoStage_MaxSharpe,2021-04-01,SHW,0.0
Combined_TwoStage_MaxSharpe,2021-04-01,SLB,0.0
Combined_TwoStage_MaxSharpe,2021-04-01,SO,0.0
Combined_TwoStage_MaxSharpe,2021-04-01,T,0.0
Combined_TwoStage_MaxSharpe,2021-04-01,TMUS,0.0
Combined_TwoStage_MaxSharpe,2021-04-01,TTWO,0.118622
Combined_TwoStage_MaxSharpe,2021-04-01,UPS,0.059815
Combined_TwoStage_MaxSharpe,2021-04-01,USB,0.0
Combined_TwoStage_MaxSharpe,2021-04-01,V,0.0
Combined_TwoStage_MaxSharpe,2021-04-01,WFC,0.0
Combined_TwoStage_MaxSharpe,2021-04-01,WMT,0.0
Combined_TwoStage_MaxSharpe,2021-04-01,XOM,0.0
Combined_TwoStage_MaxSharpe,2021-04-01,ADA-USD,0.06026
Combined_TwoStage_MaxSharpe,2021-04-01,BCH-USD,0.0
Combined_TwoStage_MaxSharpe,2021-04-01,BTC-USD,0.231746
Combined_TwoStage_MaxSharpe,2021-04-01,EOS-USD,0.0
Combined_TwoStage_MaxSharpe,2021-04-01,ETC-USD,0.0
Combined_TwoStage_MaxSharpe,2021-04-01,ETH-USD,0.0
Combined_TwoStage_MaxSharpe,2021-04-01,LTC-USD,0.0
Combined_TwoStage_MaxSharpe,2021-04-01,TRX-USD,0.03151
Combined_TwoStage_MaxSharpe,2021-04-01,XLM-USD,0.0
Combined_TwoStage_MaxSharpe,2021-04-01,XRP-USD,0.0
Combined_TwoStage_MaxSharpe,2021-05-03,ABBV,0.105244
Combined_TwoStage_MaxSharpe,2021-05-03,ABT,0.0
Combined_TwoStage_MaxSharpe,2021-05-03,ADBE,0.0
Combined_TwoStage_MaxSharpe,2021-05-03,AEP,0.0
Combined_TwoStage_MaxSharpe,2021-05-03,AMD,0.0
Combined_TwoStage_MaxSharpe,2021-05-03,AMGN,0.0
Combined_TwoStage_MaxSharpe,2021-05-03,AMT,0.0
Combined_TwoStage_MaxSharpe,2021-05-03,BA,0.0
Combined_TwoStage_MaxSharpe,2021-05-03,CAT,0.119341
Combined_TwoStage_MaxSharpe,2021-05-03,CCI,0.0
Combined_TwoStage_MaxSharpe,2021-05-03,CMCSA,0.0
Combined_TwoStage_MaxSharpe,2021-05-03,COP,0.0
Combined_TwoStage_MaxSharpe,2021-05-03,CVX,0.0
Combined_TwoStage_MaxSharpe,2021-05-03,D,0.0
Combined_TwoStage_MaxSharpe,2021-05-03,DD,0.0
Combined_TwoStage_MaxSharpe,2021-05-03,DIS,0.0
Combined_TwoStage_MaxSharpe,2021-05-03,DOW,0.0
Combined_TwoStage_MaxSharpe,2021-05-03,DUK,0.0
Combined_TwoStage_MaxSharpe,2021-05-03,EA,0.0
Combined_TwoStage_MaxSharpe,2021-05-03,GE,0.004686
Combined_TwoStage_MaxSharpe,2021-05-03,GILD,0.0
Combined_TwoStage_MaxSharpe,2021-05-03,GS,0.0
Combined_TwoStage_MaxSharpe,2021-05-03,INTC,0.0
Combined_TwoStage_MaxSharpe,2021-05-03,KO,0.0
Combined_TwoStage_MaxSharpe,2021-05-03,MMM,0.0
Combined_TwoStage_MaxSharpe,2021-05-03,MRK,0.0
Combined_TwoStage_MaxSharpe,2021-05-03,MS,0.09591
Combined_TwoStage_MaxSharpe,2021-05-03,NEE,0.0
Combined_TwoStage_MaxSharpe,2021-05-03,NEM,0.0
Combined_TwoStage_MaxSharpe,2021-05-03,NKE,0.0
Combined_TwoStage_MaxSharpe,2021-05-03,NUE,0.002903
Combined_TwoStage_MaxSharpe,2021-05-03,NVDA,0.054318
Combined_TwoStage_MaxSharpe,2021-05-03,O,0.0
Combined_TwoStage_MaxSharpe,2021-05-03,OXY,0.0
Combined_TwoStage_MaxSharpe,2021-05-03,PLD,0.0
Combined_TwoStage_MaxSharpe,2021-05-03,PSA,0.158043
Combined_TwoStage_MaxSharpe,2021-05-03,QCOM,0.0
Combined_TwoStage_MaxSharpe,2021-05-03,SBUX,0.0
Combined_TwoStage_MaxSharpe,2021-05-03,SHW,0.023069
Combined_TwoStage_MaxSharpe,2021-05-03,SLB,0.0
Combined_TwoStage_MaxSharpe,2021-05-03,SO,0.0
Combined_TwoStage_MaxSharpe,2021-05-03,T,0.0
Combined_TwoStage_MaxSharpe,2021-05-03,TMUS,0.0
Combined_TwoStage_MaxSharpe,2021-05-03,TTWO,0.080837
Combined_TwoStage_MaxSharpe,2021-05-03,UPS,0.145985
Combined_TwoStage_MaxSharpe,2021-05-03,USB,0.0
Combined_TwoStage_MaxSharpe,2021-05-03,V,0.0
Combined_TwoStage_MaxSharpe,2021-05-03,WFC,0.0
Combined_TwoStage_MaxSharpe,2021-05-03,WMT,0.0
Combined_TwoStage_MaxSharpe,2021-05-03,XOM,0.0
Combined_TwoStage_MaxSharpe,2021-05-03,ADA-USD,0.046157
Combined_TwoStage_MaxSharpe,2021-05-03,BCH-USD,0.0
Combined_TwoStage_MaxSharpe,2021-05-03,BTC-USD,0.149249
Combined_TwoStage_MaxSharpe,2021-05-03,EOS-USD,0.0
Combined_TwoStage_MaxSharpe,2021-05-03,ETC-USD,0.0
Combined_TwoStage_MaxSharpe,2021-05-03,ETH-USD,0.0
Combined_TwoStage_MaxSharpe,2021-05-03,LTC-USD,0.0
Combined_TwoStage_MaxSharpe,2021-05-03,TRX-USD,0.014259
Combined_TwoStage_MaxSharpe,2021-05-03,XLM-USD,0.0
Combined_TwoStage_MaxSharpe,2021-05-03,XRP-USD,0.0
Combined_TwoStage_MaxSharpe,2021-06-01,ABBV,0.0
Combined_TwoStage_MaxSharpe,2021-06-01,ABT,0.0
Combined_TwoStage_MaxSharpe,2021-06-01,ADBE,0.0
Combined_TwoStage_MaxSharpe,2021-06-01,AEP,0.0
Combined_TwoStage_MaxSharpe,2021-06-01,AMD,0.0
Combined_TwoStage_MaxSharpe,2021-06-01,AMGN,0.0
Combined_TwoStage_MaxSharpe,2021-06-01,AMT,0.0
Combined_TwoStage_MaxSharpe,2021-06-01,BA,0.0
Combined_TwoStage_MaxSharpe,2021-06-01,CAT,0.1089
Combined_TwoStage_MaxSharpe,2021-06-01,CCI,0.0
Combined_TwoStage_MaxSharpe,2021-06-01,CMCSA,0.0
Combined_TwoStage_MaxSharpe,2021-06-01,COP,0.0
Combined_TwoStage_MaxSharpe,2021-06-01,CVX,0.0
Combined_TwoStage_MaxSharpe,2021-06-01,D,0.0
Combined_TwoStage_MaxSharpe,2021-06-01,DD,0.0
Combined_TwoStage_MaxSharpe,2021-06-01,DIS,0.0
Combined_TwoStage_MaxSharpe,2021-06-01,DOW,0.0
Combined_TwoStage_MaxSharpe,2021-06-01,DUK,0.0
Combined_TwoStage_MaxSharpe,2021-06-01,EA,0.0
Combined_TwoStage_MaxSharpe,2021-06-01,GE,0.062813
Combined_TwoStage_MaxSharpe,2021-06-01,GILD,0.0
Combined_TwoStage_MaxSharpe,2021-06-01,GS,0.0
Combined_TwoStage_MaxSharpe,2021-06-01,INTC,0.0
Combined_TwoStage_MaxSharpe,2021-06-01,KO,0.0
Combined_TwoStage_MaxSharpe,2021-06-01,MMM,0.0
Combined_TwoStage_MaxSharpe,2021-06-01,MRK,0.0
Combined_TwoStage_MaxSharpe,2021-06-01,MS,0.113765
Combined_TwoStage_MaxSharpe,2021-06-01,NEE,0.0
Combined_TwoStage_MaxSharpe,2021-06-01,NEM,0.0
Combined_TwoStage_MaxSharpe,2021-06-01,NKE,0.0
Combined_TwoStage_MaxSharpe,2021-06-01,NUE,0.084886
Combined_TwoStage_MaxSharpe,2021-06-01,NVDA,0.048763
Combined_TwoStage_MaxSharpe,2021-06-01,O,0.0
Combined_TwoStage_MaxSharpe,2021-06-01,OXY,0.0
Combined_TwoStage_MaxSharpe,2021-06-01,PLD,0.0
Combined_TwoStage_MaxSharpe,2021-06-01,PSA,0.185683
Combined_TwoStage_MaxSharpe,2021-06-01,QCOM,0.0
Combined_TwoStage_MaxSharpe,2021-06-01,SBUX,0.0
Combined_TwoStage_MaxSharpe,2021-06-01,SHW,0.0
Combined_TwoStage_MaxSharpe,2021-06-01,SLB,0.0
Combined_TwoStage_MaxSharpe,2021-06-01,SO,0.0
Combined_TwoStage_MaxSharpe,2021-06-01,T,0.0
Combined_TwoStage_MaxSharpe,2021-06-01,TMUS,0.0
Combined_TwoStage_MaxSharpe,2021-06-01,TTWO,0.102218
Combined_TwoStage_MaxSharpe,2021-06-01,UPS,0.188034
Combined_TwoStage_MaxSharpe,2021-06-01,USB,0.0
Combined_TwoStage_MaxSharpe,2021-06-01,V,0.0
Combined_TwoStage_MaxSharpe,2021-06-01,WFC,0.0
Combined_TwoStage_MaxSharpe,2021-06-01,WMT,0.0
Combined_TwoStage_MaxSharpe,2021-06-01,XOM,0.0
Combined_TwoStage_MaxSharpe,2021-06-01,ADA-USD,0.025288
Combined_TwoStage_MaxSharpe,2021-06-01,BCH-USD,0.0
Combined_TwoStage_MaxSharpe,2021-06-01,BTC-USD,0.054722
Combined_TwoStage_MaxSharpe,2021-06-01,EOS-USD,0.0
Combined_TwoStage_MaxSharpe,2021-06-01,ETC-USD,0.020138
Combined_TwoStage_MaxSharpe,2021-06-01,ETH-USD,0.004788
Combined_TwoStage_MaxSharpe,2021-06-01,LTC-USD,0.0
Combined_TwoStage_MaxSharpe,2021-06-01,TRX-USD,0.0
Combined_TwoStage_MaxSharpe,2021-06-01,XLM-USD,0.0
Combined_TwoStage_MaxSharpe,2021-06-01,XRP-USD,0.0
Combined_TwoStage_MaxSharpe,2021-07-01,ABBV,0.0
Combined_TwoStage_MaxSharpe,2021-07-01,ABT,0.01976
Combined_TwoStage_MaxSharpe,2021-07-01,ADBE,0.0
Combined_TwoStage_MaxSharpe,2021-07-01,AEP,0.0
Combined_TwoStage_MaxSharpe,2021-07-01,AMD,0.034199
Combined_TwoStage_MaxSharpe,2021-07-01,AMGN,0.0
Combined_TwoStage_MaxSharpe,2021-07-01,AMT,0.0
Combined_TwoStage_MaxSharpe,2021-07-01,BA,0.0
Combined_TwoStage_MaxSharpe,2021-07-01,CAT,0.0
Combined_TwoStage_MaxSharpe,2021-07-01,CCI,0.0
Combined_TwoStage_MaxSharpe,2021-07-01,CMCSA,0.0
Combined_TwoStage_MaxSharpe,2021-07-01,COP,0.0
Combined_TwoStage_MaxSharpe,2021-07-01,CVX,0.0
Combined_TwoStage_MaxSharpe,2021-07-01,D,0.0
Combined_TwoStage_MaxSharpe,2021-07-01,DD,0.0
Combined_TwoStage_MaxSharpe,2021-07-01,DIS,0.005369
Combined_TwoStage_MaxSharpe,2021-07-01,DOW,0.0
Combined_TwoStage_MaxSharpe,2021-07-01,DUK,0.0
Combined_TwoStage_MaxSharpe,2021-07-01,EA,0.0
Combined_TwoStage_MaxSharpe,2021-07-01,GE,0.074566
Combined_TwoStage_MaxSharpe,2021-07-01,GILD,0.0
Combined_TwoStage_MaxSharpe,2021-07-01,GS,0.164733
Combined_TwoStage_MaxSharpe,2021-07-01,INTC,0.0
Combined_TwoStage_MaxSharpe,2021-07-01,KO,0.0
Combined_TwoStage_MaxSharpe,2021-07-01,MMM,0.0
Combined_TwoStage_MaxSharpe,2021-07-01,MRK,0.0
Combined_TwoStage_MaxSharpe,2021-07-01,MS,0.0
Combined_TwoStage_MaxSharpe,2021-07-01,NEE,0.0
Combined_TwoStage_MaxSharpe,2021-07-01,NEM,0.0
Combined_TwoStage_MaxSharpe,2021-07-01,NKE,0.062643
Combined_TwoStage_MaxSharpe,2021-07-01,NUE,0.094089
Combined_TwoStage_MaxSharpe,2021-07-01,NVDA,0.08726
Combined_TwoStage_MaxSharpe,2021-07-01,O,0.0
Combined_TwoStage_MaxSharpe,2021-07-01,OXY,0.0
Combined_TwoStage_MaxSharpe,2021-07-01,PLD,0.0
Combined_TwoStage_MaxSharpe,2021-07-01,PSA,0.318339
Combined_TwoStage_MaxSharpe,2021-07-01,QCOM,0.0
Combined_TwoStage_MaxSharpe,2021-07-01,SBUX,0.0
Combined_TwoStage_MaxSharpe,2021-07-01,SHW,0.0
Combined_TwoStage_MaxSharpe,2021-07-01,SLB,0.0
Combined_TwoStage_MaxSharpe,2021-07-01,SO,0.0
Combined_TwoStage_MaxSharpe,2021-07-01,T,0.0
Combined_TwoStage_MaxSharpe,2021-07-01,TMUS,0.0
Combined_TwoStage_MaxSharpe,2021-07-01,TTWO,0.0
Combined_TwoStage_MaxSharpe,2021-07-01,UPS,0.082263
Combined_TwoStage_MaxSharpe,2021-07-01,USB,0.0
Combined_TwoStage_MaxSharpe,2021-07-01,V,0.0
Combined_TwoStage_MaxSharpe,2021-07-01,WFC,0.0
Combined_TwoStage_MaxSharpe,2021-07-01,WMT,0.0
Combined_TwoStage_MaxSharpe,2021-07-01,XOM,0.0
Combined_TwoStage_MaxSharpe,2021-07-01,ADA-USD,0.00827
Combined_TwoStage_MaxSharpe,2021-07-01,BCH-USD,0.0
Combined_TwoStage_MaxSharpe,2021-07-01,BTC-USD,0.03378
Combined_TwoStage_MaxSharpe,2021-07-01,EOS-USD,0.0
Combined_TwoStage_MaxSharpe,2021-07-01,ETC-USD,0.014729
Combined_TwoStage_MaxSharpe,2021-07-01,ETH-USD,0.0
Combined_TwoStage_MaxSharpe,2021-07-01,LTC-USD,0.0
Combined_TwoStage_MaxSharpe,2021-07-01,TRX-USD,0.0
Combined_TwoStage_MaxSharpe,2021-07-01,XLM-USD,0.0
Combined_TwoStage_MaxSharpe,2021-07-01,XRP-USD,0.0
Combined_TwoStage_MaxSharpe,2021-08-02,ABBV,0.002813
Combined_TwoStage_MaxSharpe,2021-08-02,ABT,0.0
Combined_TwoStage_MaxSharpe,2021-08-02,ADBE,0.006871
Combined_TwoStage_MaxSharpe,2021-08-02,AEP,0.0
Combined_TwoStage_MaxSharpe,2021-08-02,AMD,0.0
Combined_TwoStage_MaxSharpe,2021-08-02,AMGN,0.0
Combined_TwoStage_MaxSharpe,2021-08-02,AMT,0.0
Combined_TwoStage_MaxSharpe,2021-08-02,BA,0.0
Combined_TwoStage_MaxSharpe,2021-08-02,CAT,0.0
Combined_TwoStage_MaxSharpe,2021-08-02,CCI,0.0
Combined_TwoStage_MaxSharpe,2021-08-02,CMCSA,0.0
Combined_TwoStage_MaxSharpe,2021-08-02,COP,0.0
Combined_TwoStage_MaxSharpe,2021-08-02,CVX,0.0
Combined_TwoStage_MaxSharpe,2021-08-02,D,0.0
Combined_TwoStage_MaxSharpe,2021-08-02,DD,0.0
Combined_TwoStage_MaxSharpe,2021-08-02,DIS,0.0
Combined_TwoStage_MaxSharpe,2021-08-02,DOW,0.0
Combined_TwoStage_MaxSharpe,2021-08-02,DUK,0.004056
Combined_TwoStage_MaxSharpe,2021-08-02,EA,0.0
Combined_TwoStage_MaxSharpe,2021-08-02,GE,0.067555
Combined_TwoStage_MaxSharpe,2021-08-02,GILD,0.0
Combined_TwoStage_MaxSharpe,2021-08-02,GS,0.119649
Combined_TwoStage_MaxSharpe,2021-08-02,INTC,0.0
Combined_TwoStage_MaxSharpe,2021-08-02,KO,0.0
Combined_TwoStage_MaxSharpe,2021-08-02,MMM,0.0
Combined_TwoStage_MaxSharpe,2021-08-02,MRK,0.0
Combined_TwoStage_MaxSharpe,2021-08-02,MS,0.024848
Combined_TwoStage_MaxSharpe,2021-08-02,NEE,0.0
Combined_TwoStage_MaxSharpe,2021-08-02,NEM,0.0
Combined_TwoStage_MaxSharpe,2021-08-02,NKE,0.124616
Combined_TwoStage_MaxSharpe,2021-08-02,NUE,0.113365
Combined_TwoStage_MaxSharpe,2021-08-02,NVDA,0.086372
Combined_TwoStage_MaxSharpe,2021-08-02,O,0.0
Combined_TwoStage_MaxSharpe,2021-08-02,OXY,0.0
Combined_TwoStage_MaxSharpe,2021-08-02,PLD,0.0
Combined_TwoStage_MaxSharpe,2021-08-02,PSA,0.368556
Combined_TwoStage_MaxSharpe,2021-08-02,QCOM,0.0
Combined_TwoStage_MaxSharpe,2021-08-02,SBUX,0.029801
Combined_TwoStage_MaxSharpe,2021-08-02,SHW,0.0
Combined_TwoStage_MaxSharpe,2021-08-02,SLB,0.0
Combined_TwoStage_MaxSharpe,2021-08-02,SO,0.0
Combined_TwoStage_MaxSharpe,2021-08-02,T,0.0
Combined_TwoStage_MaxSharpe,2021-08-02,TMUS,0.0
Combined_TwoStage_MaxSharpe,2021-08-02,TTWO,0.0
Combined_TwoStage_MaxSharpe,2021-08-02,UPS,0.0
Combined_TwoStage_MaxSharpe,2021-08-02,USB,0.0
Combined_TwoStage_MaxSharpe,2021-08-02,V,0.0
Combined_TwoStage_MaxSharpe,2021-08-02,WFC,0.0
Combined_TwoStage_MaxSharpe,2021-08-02,WMT,0.0
Combined_TwoStage_MaxSharpe,2021-08-02,XOM,0.0
Combined_TwoStage_MaxSharpe,2021-08-02,ADA-USD,0.003108
Combined_TwoStage_MaxSharpe,2021-08-02,BCH-USD,0.0
Combined_TwoStage_MaxSharpe,2021-08-02,BTC-USD,0.037548
Combined_TwoStage_MaxSharpe,2021-08-02,EOS-USD,0.0
Combined_TwoStage_MaxSharpe,2021-08-02,ETC-USD,0.010842
Combined_TwoStage_MaxSharpe,2021-08-02,ETH-USD,0.0
Combined_TwoStage_MaxSharpe,2021-08-02,LTC-USD,0.0
Combined_TwoStage_MaxSharpe,2021-08-02,TRX-USD,0.0
Combined_TwoStage_MaxSharpe,2021-08-02,XLM-USD,0.0
Combined_TwoStage_MaxSharpe,2021-08-02,XRP-USD,0.0
Combined_TwoStage_MaxSharpe,2021-09-01,ABBV,0.02111
Combined_TwoStage_MaxSharpe,2021-09-01,ABT,0.0
Combined_TwoStage_MaxSharpe,2021-09-01,ADBE,0.0
Combined_TwoStage_MaxSharpe,2021-09-01,AEP,0.0
Combined_TwoStage_MaxSharpe,2021-09-01,AMD,0.0
Combined_TwoStage_MaxSharpe,2021-09-01,AMGN,0.0
Combined_TwoStage_MaxSharpe,2021-09-01,AMT,0.0
Combined_TwoStage_MaxSharpe,2021-09-01,BA,0.0
Combined_TwoStage_MaxSharpe,2021-09-01,CAT,0.0
Combined_TwoStage_MaxSharpe,2021-09-01,CCI,0.0
Combined_TwoStage_MaxSharpe,2021-09-01,CMCSA,0.0
Combined_TwoStage_MaxSharpe,2021-09-01,COP,0.0
Combined_TwoStage_MaxSharpe,2021-09-01,CVX,0.0
Combined_TwoStage_MaxSharpe,2021-09-01,D,0.0
Combined_TwoStage_MaxSharpe,2021-09-01,DD,0.0
Combined_TwoStage_MaxSharpe,2021-09-01,DIS,0.0
Combined_TwoStage_MaxSharpe,2021-09-01,DOW,0.0
Combined_TwoStage_MaxSharpe,2021-09-01,DUK,0.049434
Combined_TwoStage_MaxSharpe,2021-09-01,EA,0.0
Combined_TwoStage_MaxSharpe,2021-09-01,GE,0.060829
Combined_TwoStage_MaxSharpe,2021-09-01,GILD,0.0
Combined_TwoStage_MaxSharpe,2021-09-01,GS,0.187416
Combined_TwoStage_MaxSharpe,2021-09-01,INTC,0.0
Combined_TwoStage_MaxSharpe,2021-09-01,KO,0.0
Combined_TwoStage_MaxSharpe,2021-09-01,MMM,0.0
Combined_TwoStage_MaxSharpe,2021-09-01,MRK,0.0
Combined_TwoStage_MaxSharpe,2021-09-01,MS,0.0
Combined_TwoStage_MaxSharpe,2021-09-01,NEE,0.0
Combined_TwoStage_MaxSharpe,2021-09-01,NEM,0.0
Combined_TwoStage_MaxSharpe,2021-09-01,NKE,0.060874
Combined_TwoStage_MaxSharpe,2021-09-01,NUE,0.106232
Combined_TwoStage_MaxSharpe,2021-09-01,NVDA,0.082576
Combined_TwoStage_MaxSharpe,2021-09-01,O,0.0
Combined_TwoStage_MaxSharpe,2021-09-01,OXY,0.0
Combined_TwoStage_MaxSharpe,2021-09-01,PLD,0.0
Combined_TwoStage_MaxSharpe,2021-09-01,PSA,0.368772
Combined_TwoStage_MaxSharpe,2021-09-01,QCOM,0.0
Combined_TwoStage_MaxSharpe,2021-09-01,SBUX,0.0
Combined_TwoStage_MaxSharpe,2021-09-01,SHW,0.0
Combined_TwoStage_MaxSharpe,2021-09-01,SLB,0.0
Combined_TwoStage_MaxSharpe,2021-09-01,SO,0.0
Combined_TwoStage_MaxSharpe,2021-09-01,T,0.0
Combined_TwoStage_MaxSharpe,2021-09-01,TMUS,0.0
Combined_TwoStage_MaxSharpe,2021-09-01,TTWO,0.0
Combined_TwoStage_MaxSharpe,2021-09-01,UPS,0.0
Combined_TwoStage_MaxSharpe,2021-09-01,USB,0.0
Combined_TwoStage_MaxSharpe,2021-09-01,V,0.0
Combined_TwoStage_MaxSharpe,2021-09-01,WFC,0.0
Combined_TwoStage_MaxSharpe,2021-09-01,WMT,0.0
Combined_TwoStage_MaxSharpe,2021-09-01,XOM,0.0
Combined_TwoStage_MaxSharpe,2021-09-01,ADA-USD,0.022532
Combined_TwoStage_MaxSharpe,2021-09-01,BCH-USD,0.0
Combined_TwoStage_MaxSharpe,2021-09-01,BTC-USD,0.03206
Combined_TwoStage_MaxSharpe,2021-09-01,EOS-USD,0.0
Combined_TwoStage_MaxSharpe,2021-09-01,ETC-USD,0.008167
Combined_TwoStage_MaxSharpe,2021-09-01,ETH-USD,0.0
Combined_TwoStage_MaxSharpe,2021-09-01,LTC-USD,0.0
Combined_TwoStage_MaxSharpe,2021-09-01,TRX-USD,0.0
Combined_TwoStage_MaxSharpe,2021-09-01,XLM-USD,0.0
Combined_TwoStage_MaxSharpe,2021-09-01,XRP-USD,0.0
Combined_TwoStage_MaxSharpe,2021-10-01,ABBV,0.00832
Combined_TwoStage_MaxSharpe,2021-10-01,ABT,0.002205
Combined_TwoStage_MaxSharpe,2021-10-01,ADBE,0.0
Combined_TwoStage_MaxSharpe,2021-10-01,AEP,0.0
Combined_TwoStage_MaxSharpe,2021-10-01,AMD,0.0
Combined_TwoStage_MaxSharpe,2021-10-01,AMGN,0.0
Combined_TwoStage_MaxSharpe,2021-10-01,AMT,0.0
Combined_TwoStage_MaxSharpe,2021-10-01,BA,0.0
Combined_TwoStage_MaxSharpe,2021-10-01,CAT,0.0
Combined_TwoStage_MaxSharpe,2021-10-01,CCI,0.0
Combined_TwoStage_MaxSharpe,2021-10-01,CMCSA,0.0
Combined_TwoStage_MaxSharpe,2021-10-01,COP,0.0
Combined_TwoStage_MaxSharpe,2021-10-01,CVX,0.0
Combined_TwoStage_MaxSharpe,2021-10-01,D,0.0
Combined_TwoStage_MaxSharpe,2021-10-01,DD,0.0
Combined_TwoStage_MaxSharpe,2021-10-01,DIS,0.0
Combined_TwoStage_MaxSharpe,2021-10-01,DOW,0.0
Combined_TwoStage_MaxSharpe,2021-10-01,DUK,0.0
Combined_TwoStage_MaxSharpe,2021-10-01,EA,0.0
Combined_TwoStage_MaxSharpe,2021-10-01,GE,0.101543
Combined_TwoStage_MaxSharpe,2021-10-01,GILD,0.011261
Combined_TwoStage_MaxSharpe,2021-10-01,GS,0.040449
Combined_TwoStage_MaxSharpe,2021-10-01,INTC,0.0
Combined_TwoStage_MaxSharpe,2021-10-01,KO,0.0
Combined_TwoStage_MaxSharpe,2021-10-01,MMM,0.0
Combined_TwoStage_MaxSharpe,2021-10-01,MRK,0.0
Combined_TwoStage_MaxSharpe,2021-10-01,MS,0.150461
Combined_TwoStage_MaxSharpe,2021-10-01,NEE,0.0
Combined_TwoStage_MaxSharpe,2021-10-01,NEM,0.0
Combined_TwoStage_MaxSharpe,2021-10-01,NKE,0.0
Combined_TwoStage_MaxSharpe,2021-10-01,NUE,0.051122
Combined_TwoStage_MaxSharpe,2021-10-01,NVDA,0.109597
Combined_TwoStage_MaxSharpe,2021-10-01,O,0.0
Combined_TwoStage_MaxSharpe,2021-10-01,OXY,0.043612
Combined_TwoStage_MaxSharpe,2021-10-01,PLD,0.0
Combined_TwoStage_MaxSharpe,2021-10-01,PSA,0.407022
Combined_TwoStage_MaxSharpe,2021-10-01,QCOM,0.0
Combined_TwoStage_MaxSharpe,2021-10-01,SBUX,0.0
Combined_TwoStage_MaxSharpe,2021-10-01,SHW,0.0
Combined_TwoStage_MaxSharpe,2021-10-01,SLB,0.0
Combined_TwoStage_MaxSharpe,2021-10-01,SO,0.0
Combined_TwoStage_MaxSharpe,2021-10-01,T,0.0
Combined_TwoStage_MaxSharpe,2021-10-01,TMUS,0.0
Combined_TwoStage_MaxSharpe,2021-10-01,TTWO,0.0
Combined_TwoStage_MaxSharpe,2021-10-01,UPS,0.0
Combined_TwoStage_MaxSharpe,2021-10-01,USB,0.0
Combined_TwoStage_MaxSharpe,2021-10-01,V,0.0
Combined_TwoStage_MaxSharpe,2021-10-01,WFC,0.006053
Combined_TwoStage_MaxSharpe,2021-10-01,WMT,0.0
Combined_TwoStage_MaxSharpe,2021-10-01,XOM,0.0
Combined_TwoStage_MaxSharpe,2021-10-01,ADA-USD,0.027623
Combined_TwoStage_MaxSharpe,2021-10-01,BCH-USD,0.0
Combined_TwoStage_MaxSharpe,2021-10-01,BTC-USD,0.033186
Combined_TwoStage_MaxSharpe,2021-10-01,EOS-USD,0.0
Combined_TwoStage_MaxSharpe,2021-10-01,ETC-USD,0.007548
Combined_TwoStage_MaxSharpe,2021-10-01,ETH-USD,0.0
Combined_TwoStage_MaxSharpe,2021-10-01,LTC-USD,0.0
Combined_TwoStage_MaxSharpe,2021-10-01,TRX-USD,0.0
Combined_TwoStage_MaxSharpe,2021-10-01,XLM-USD,0.0
Combined_TwoStage_MaxSharpe,2021-10-01,XRP-USD,0.0
Combined_TwoStage_MaxSharpe,2021-11-01,ABBV,0.049044
Combined_TwoStage_MaxSharpe,2021-11-01,ABT,0.081939
Combined_TwoStage_MaxSharpe,2021-11-01,ADBE,0.0
Combined_TwoStage_MaxSharpe,2021-11-01,AEP,0.0
Combined_TwoStage_MaxSharpe,2021-11-01,AMD,0.011398
Combined_TwoStage_MaxSharpe,2021-11-01,AMGN,0.0
Combined_TwoStage_MaxSharpe,2021-11-01,AMT,0.0
Combined_TwoStage_MaxSharpe,2021-11-01,BA,0.0
Combined_TwoStage_MaxSharpe,2021-11-01,CAT,0.0
Combined_TwoStage_MaxSharpe,2021-11-01,CCI,0.0
Combined_TwoStage_MaxSharpe,2021-11-01,CMCSA,0.0
Combined_TwoStage_MaxSharpe,2021-11-01,COP,0.000771
Combined_TwoStage_MaxSharpe,2021-11-01,CVX,0.0
Combined_TwoStage_MaxSharpe,2021-11-01,D,0.0
Combined_TwoStage_MaxSharpe,2021-11-01,DD,0.0
Combined_TwoStage_MaxSharpe,2021-11-01,DIS,0.0
Combined_TwoStage_MaxSharpe,2021-11-01,DOW,0.0
Combined_TwoStage_MaxSharpe,2021-11-01,DUK,0.0
Combined_TwoStage_MaxSharpe,2021-11-01,EA,0.0
Combined_TwoStage_MaxSharpe,2021-11-01,GE,0.0
Combined_TwoStage_MaxSharpe,2021-11-01,GILD,0.0
Combined_TwoStage_MaxSharpe,2021-11-01,GS,0.167143
Combined_TwoStage_MaxSharpe,2021-11-01,INTC,0.0
Combined_TwoStage_MaxSharpe,2021-11-01,KO,0.0
Combined_TwoStage_MaxSharpe,2021-11-01,MMM,0.0
Combined_TwoStage_MaxSharpe,2021-11-01,MRK,0.031311
Combined_TwoStage_MaxSharpe,2021-11-01,MS,0.0
Combined_TwoStage_MaxSharpe,2021-11-01,NEE,0.0
Combined_TwoStage_MaxSharpe,2021-11-01,NEM,0.0
Combined_TwoStage_MaxSharpe,2021-11-01,NKE,0.0
Combined_TwoStage_MaxSharpe,2021-11-01,NUE,0.021862
Combined_TwoStage_MaxSharpe,2021-11-01,NVDA,0.082387
Combined_TwoStage_MaxSharpe,2021-11-01,O,0.0
Combined_TwoStage_MaxSharpe,2021-11-01,OXY,0.055061
Combined_TwoStage_MaxSharpe,2021-11-01,PLD,0.030927
Combined_TwoStage_MaxSharpe,2021-11-01,PSA,0.32335
Combined_TwoStage_MaxSharpe,2021-11-01,QCOM,0.0
Combined_TwoStage_MaxSharpe,2021-11-01,SBUX,0.0
Combined_TwoStage_MaxSharpe,2021-11-01,SHW,0.0248
Combined_TwoStage_MaxSharpe,2021-11-01,SLB,0.0
Combined_TwoStage_MaxSharpe,2021-11-01,SO,0.0
Combined_TwoStage_MaxSharpe,2021-11-01,T,0.0
Combined_TwoStage_MaxSharpe,2021-11-01,TMUS,0.0
Combined_TwoStage_MaxSharpe,2021-11-01,TTWO,0.0
Combined_TwoStage_MaxSharpe,2021-11-01,UPS,0.0
Combined_TwoStage_MaxSharpe,2021-11-01,USB,0.0
Combined_TwoStage_MaxSharpe,2021-11-01,V,0.0
Combined_TwoStage_MaxSharpe,2021-11-01,WFC,0.077329
Combined_TwoStage_MaxSharpe,2021-11-01,WMT,0.0
Combined_TwoStage_MaxSharpe,2021-11-01,XOM,0.0
Combined_TwoStage_MaxSharpe,2021-11-01,ADA-USD,0.016101
Combined_TwoStage_MaxSharpe,2021-11-01,BCH-USD,0.0
Combined_TwoStage_MaxSharpe,2021-11-01,BTC-USD,0.022486
Combined_TwoStage_MaxSharpe,2021-11-01,EOS-USD,0.0
Combined_TwoStage_MaxSharpe,2021-11-01,ETC-USD,0.00409
Combined_TwoStage_MaxSharpe,2021-11-01,ETH-USD,0.0
Combined_TwoStage_MaxSharpe,2021-11-01,LTC-USD,0.0
Combined_TwoStage_MaxSharpe,2021-11-01,TRX-USD,0.0
Combined_TwoStage_MaxSharpe,2021-11-01,XLM-USD,0.0
Combined_TwoStage_MaxSharpe,2021-11-01,XRP-USD,0.0
Combined_TwoStage_MaxSharpe,2021-12-01,ABBV,0.0
Combined_TwoStage_MaxSharpe,2021-12-01,ABT,0.019185
Combined_TwoStage_MaxSharpe,2021-12-01,ADBE,0.0
Combined_TwoStage_MaxSharpe,2021-12-01,AEP,0.0
Combined_TwoStage_MaxSharpe,2021-12-01,AMD,0.0
Combined_TwoStage_MaxSharpe,2021-12-01,AMGN,0.0
Combined_TwoStage_MaxSharpe,2021-12-01,AMT,0.0
Combined_TwoStage_MaxSharpe,2021-12-01,BA,0.0
Combined_TwoStage_MaxSharpe,2021-12-01,CAT,0.0
Combined_TwoStage_MaxSharpe,2021-12-01,CCI,0.0
Combined_TwoStage_MaxSharpe,2021-12-01,CMCSA,0.0
Combined_TwoStage_MaxSharpe,2021-12-01,COP,0.039583
Combined_TwoStage_MaxSharpe,2021-12-01,CVX,0.0
Combined_TwoStage_MaxSharpe,2021-12-01,D,0.0
Combined_TwoStage_MaxSharpe,2021-12-01,DD,0.0
Combined_TwoStage_MaxSharpe,2021-12-01,DIS,0.0
Combined_TwoStage_MaxSharpe,2021-12-01,DOW,0.0
Combined_TwoStage_MaxSharpe,2021-12-01,DUK,0.0
Combined_TwoStage_MaxSharpe,2021-12-01,EA,0.0
Combined_TwoStage_MaxSharpe,2021-12-01,GE,0.0
Combined_TwoStage_MaxSharpe,2021-12-01,GILD,0.087969
Combined_TwoStage_MaxSharpe,2021-12-01,GS,0.120251
Combined_TwoStage_MaxSharpe,2021-12-01,INTC,0.0
Combined_TwoStage_MaxSharpe,2021-12-01,KO,0.0
Combined_TwoStage_MaxSharpe,2021-12-01,MMM,0.0
Combined_TwoStage_MaxSharpe,2021-12-01,MRK,0.0
Combined_TwoStage_MaxSharpe,2021-12-01,MS,0.0
Combined_TwoStage_MaxSharpe,2021-12-01,NEE,0.0
Combined_TwoStage_MaxSharpe,2021-12-01,NEM,0.0
Combined_TwoStage_MaxSharpe,2021-12-01,NKE,0.0
Combined_TwoStage_MaxSharpe,2021-12-01,NUE,0.050875
Combined_TwoStage_MaxSharpe,2021-12-01,NVDA,0.145255
Combined_TwoStage_MaxSharpe,2021-12-01,O,0.0
Combined_TwoStage_MaxSharpe,2021-12-01,OXY,0.0
Combined_TwoStage_MaxSharpe,2021-12-01,PLD,0.033512
Combined_TwoStage_MaxSharpe,2021-12-01,PSA,0.363015
Combined_TwoStage_MaxSharpe,2021-12-01,QCOM,0.0
Combined_TwoStage_MaxSharpe,2021-12-01,SBUX,0.0
Combined_TwoStage_MaxSharpe,2021-12-01,SHW,0.025108
Combined_TwoStage_MaxSharpe,2021-12-01,SLB,0.0
Combined_TwoStage_MaxSharpe,2021-12-01,SO,0.0
Combined_TwoStage_MaxSharpe,2021-12-01,T,0.0
Combined_TwoStage_MaxSharpe,2021-12-01,TMUS,0.0
Combined_TwoStage_MaxSharpe,2021-12-01,TTWO,0.0
Combined_TwoStage_MaxSharpe,2021-12-01,UPS,0.0
Combined_TwoStage_MaxSharpe,2021-12-01,USB,0.0
Combined_TwoStage_MaxSharpe,2021-12-01,V,0.0
Combined_TwoStage_MaxSharpe,2021-12-01,WFC,0.059888
Combined_TwoStage_MaxSharpe,2021-12-01,WMT,0.0
Combined_TwoStage_MaxSharpe,2021-12-01,XOM,0.02907
Combined_TwoStage_MaxSharpe,2021-12-01,ADA-USD,0.01451
Combined_TwoStage_MaxSharpe,2021-12-01,BCH-USD,0.0
Combined_TwoStage_MaxSharpe,2021-12-01,BTC-USD,0.0
Combined_TwoStage_MaxSharpe,2021-12-01,EOS-USD,0.0
Combined_TwoStage_MaxSharpe,2021-12-01,ETC-USD,0.004597
Combined_TwoStage_MaxSharpe,2021-12-01,ETH-USD,0.007182
Combined_TwoStage_MaxSharpe,2021-12-01,LTC-USD,0.0
Combined_TwoStage_MaxSharpe,2021-12-01,TRX-USD,0.0
Combined_TwoStage_MaxSharpe,2021-12-01,XLM-USD,0.0
Combined_TwoStage_MaxSharpe,2021-12-01,XRP-USD,0.0
Combined_TwoStage_MaxSharpe,2022-01-03,ABBV,0.0
Combined_TwoStage_MaxSharpe,2022-01-03,ABT,0.071638
Combined_TwoStage_MaxSharpe,2022-01-03,ADBE,0.0
Combined_TwoStage_MaxSharpe,2022-01-03,AEP,0.0
Combined_TwoStage_MaxSharpe,2022-01-03,AMD,0.0
Combined_TwoStage_MaxSharpe,2022-01-03,AMGN,0.0
Combined_TwoStage_MaxSharpe,2022-01-03,AMT,0.0
Combined_TwoStage_MaxSharpe,2022-01-03,BA,0.0
Combined_TwoStage_MaxSharpe,2022-01-03,CAT,0.0
Combined_TwoStage_MaxSharpe,2022-01-03,CCI,0.0
Combined_TwoStage_MaxSharpe,2022-01-03,CMCSA,0.0
Combined_TwoStage_MaxSharpe,2022-01-03,COP,0.085167
Combined_TwoStage_MaxSharpe,2022-01-03,CVX,0.0
Combined_TwoStage_MaxSharpe,2022-01-03,D,0.0
Combined_TwoStage_MaxSharpe,2022-01-03,DD,0.0
Combined_TwoStage_MaxSharpe,2022-01-03,DIS,0.0
Combined_TwoStage_MaxSharpe,2022-01-03,DOW,0.0
Combined_TwoStage_MaxSharpe,2022-01-03,DUK,0.0
Combined_TwoStage_MaxSharpe,2022-01-03,EA,0.0
Combined_TwoStage_MaxSharpe,2022-01-03,GE,0.0
Combined_TwoStage_MaxSharpe,2022-01-03,GILD,0.113632
Combined_TwoStage_MaxSharpe,2022-01-03,GS,0.0
Combined_TwoStage_MaxSharpe,2022-01-03,INTC,0.0
Combined_TwoStage_MaxSharpe,2022-01-03,KO,0.0
Combined_TwoStage_MaxSharpe,2022-01-03,MMM,0.0
Combined_TwoStage_MaxSharpe,2022-01-03,MRK,0.0
Combined_TwoStage_MaxSharpe,2022-01-03,MS,0.0
Combined_TwoStage_MaxSharpe,2022-01-03,NEE,0.0
Combined_TwoStage_MaxSharpe,2022-01-03,NEM,0.0
Combined_TwoStage_MaxSharpe,2022-01-03,NKE,0.0
Combined_TwoStage_MaxSharpe,2022-01-03,NUE,0.103212
Combined_TwoStage_MaxSharpe,2022-01-03,NVDA,0.09212
Combined_TwoStage_MaxSharpe,2022-01-03,O,0.0
Combined_TwoStage_MaxSharpe,2022-01-03,OXY,0.0
Combined_TwoStage_MaxSharpe,2022-01-03,PLD,0.099619
Combined_TwoStage_MaxSharpe,2022-01-03,PSA,0.359865
Combined_TwoStage_MaxSharpe,2022-01-03,QCOM,0.0
Combined_TwoStage_MaxSharpe,2022-01-03,SBUX,0.0
Combined_TwoStage_MaxSharpe,2022-01-03,SHW,0.028277
Combined_TwoStage_MaxSharpe,2022-01-03,SLB,0.0
Combined_TwoStage_MaxSharpe,2022-01-03,SO,0.0
Combined_TwoStage_MaxSharpe,2022-01-03,T,0.0
Combined_TwoStage_MaxSharpe,2022-01-03,TMUS,0.0
Combined_TwoStage_MaxSharpe,2022-01-03,TTWO,0.0
Combined_TwoStage_MaxSharpe,2022-01-03,UPS,0.0
Combined_TwoStage_MaxSharpe,2022-01-03,USB,0.0
Combined_TwoStage_MaxSharpe,2022-01-03,V,0.0
Combined_TwoStage_MaxSharpe,2022-01-03,WFC,0.027058
Combined_TwoStage_MaxSharpe,2022-01-03,WMT,0.0
Combined_TwoStage_MaxSharpe,2022-01-03,XOM,0.0
Combined_TwoStage_MaxSharpe,2022-01-03,ADA-USD,0.012196
Combined_TwoStage_MaxSharpe,2022-01-03,BCH-USD,0.0
Combined_TwoStage_MaxSharpe,2022-01-03,BTC-USD,0.0
Combined_TwoStage_MaxSharpe,2022-01-03,EOS-USD,0.0
Combined_TwoStage_MaxSharpe,2022-01-03,ETC-USD,0.005686
Combined_TwoStage_MaxSharpe,2022-01-03,ETH-USD,0.0
Combined_TwoStage_MaxSharpe,2022-01-03,LTC-USD,0.0
Combined_TwoStage_MaxSharpe,2022-01-03,TRX-USD,0.0
Combined_TwoStage_MaxSharpe,2022-01-03,XLM-USD,0.0
Combined_TwoStage_MaxSharpe,2022-01-03,XRP-USD,0.001531
Combined_TwoStage_MaxSharpe,2022-02-01,ABBV,0.112096
Combined_TwoStage_MaxSharpe,2022-02-01,ABT,0.0
Combined_TwoStage_MaxSharpe,2022-02-01,ADBE,0.0
Combined_TwoStage_MaxSharpe,2022-02-01,AEP,0.0
Combined_TwoStage_MaxSharpe,2022-02-01,AMD,0.0
Combined_TwoStage_MaxSharpe,2022-02-01,AMGN,0.0
Combined_TwoStage_MaxSharpe,2022-02-01,AMT,0.0
Combined_TwoStage_MaxSharpe,2022-02-01,BA,0.0
Combined_TwoStage_MaxSharpe,2022-02-01,CAT,0.0
Combined_TwoStage_MaxSharpe,2022-02-01,CCI,0.0
Combined_TwoStage_MaxSharpe,2022-02-01,CMCSA,0.0
Combined_TwoStage_MaxSharpe,2022-02-01,COP,0.162268
Combined_TwoStage_MaxSharpe,2022-02-01,CVX,0.0
Combined_TwoStage_MaxSharpe,2022-02-01,D,0.0
Combined_TwoStage_MaxSharpe,2022-02-01,DD,0.0
Combined_TwoStage_MaxSharpe,2022-02-01,DIS,0.0
Combined_TwoStage_MaxSharpe,2022-02-01,DOW,0.0
Combined_TwoStage_MaxSharpe,2022-02-01,DUK,0.0
Combined_TwoStage_MaxSharpe,2022-02-01,EA,0.0
Combined_TwoStage_MaxSharpe,2022-02-01,GE,0.0
Combined_TwoStage_MaxSharpe,2022-02-01,GILD,0.0
Combined_TwoStage_MaxSharpe,2022-02-01,GS,0.0
Combined_TwoStage_MaxSharpe,2022-02-01,INTC,0.0
Combined_TwoStage_MaxSharpe,2022-02-01,KO,0.0
Combined_TwoStage_MaxSharpe,2022-02-01,MMM,0.0
Combined_TwoStage_MaxSharpe,2022-02-01,MRK,0.0
Combined_TwoStage_MaxSharpe,2022-02-01,MS,0.003962
Combined_TwoStage_MaxSharpe,2022-02-01,NEE,0.0
Combined_TwoStage_MaxSharpe,2022-02-01,NEM,0.0
Combined_TwoStage_MaxSharpe,2022-02-01,NKE,0.0
Combined_TwoStage_MaxSharpe,2022-02-01,NUE,0.072129
Combined_TwoStage_MaxSharpe,2022-02-01,NVDA,0.06614
Combined_TwoStage_MaxSharpe,2022-02-01,O,0.0
Combined_TwoStage_MaxSharpe,2022-02-01,OXY,0.0
Combined_TwoStage_MaxSharpe,2022-02-01,PLD,0.071162
Combined_TwoStage_MaxSharpe,2022-02-01,PSA,0.397327
Combined_TwoStage_MaxSharpe,2022-02-01,QCOM,0.0
Combined_TwoStage_MaxSharpe,2022-02-01,SBUX,0.0
Combined_TwoStage_MaxSharpe,2022-02-01,SHW,0.0
Combined_TwoStage_MaxSharpe,2022-02-01,SLB,0.0
Combined_TwoStage_MaxSharpe,2022-02-01,SO,0.037587
Combined_TwoStage_MaxSharpe,2022-02-01,T,0.0
Combined_TwoStage_MaxSharpe,2022-02-01,TMUS,0.0
Combined_TwoStage_MaxSharpe,2022-02-01,TTWO,0.0
Combined_TwoStage_MaxSharpe,2022-02-01,UPS,0.0
Combined_TwoStage_MaxSharpe,2022-02-01,USB,0.0
Combined_TwoStage_MaxSharpe,2022-02-01,V,0.0
Combined_TwoStage_MaxSharpe,2022-02-01,WFC,0.06062
Combined_TwoStage_MaxSharpe,2022-02-01,WMT,0.0
Combined_TwoStage_MaxSharpe,2022-02-01,XOM,0.0
Combined_TwoStage_MaxSharpe,2022-02-01,ADA-USD,0.0
Combined_TwoStage_MaxSharpe,2022-02-01,BCH-USD,0.0
Combined_TwoStage_MaxSharpe,2022-02-01,BTC-USD,0.0
Combined_TwoStage_MaxSharpe,2022-02-01,EOS-USD,0.0
Combined_TwoStage_MaxSharpe,2022-02-01,ETC-USD,0.012964
Combined_TwoStage_MaxSharpe,2022-02-01,ETH-USD,0.0
Combined_TwoStage_MaxSharpe,2022-02-01,LTC-USD,0.0
Combined_TwoStage_MaxSharpe,2022-02-01,TRX-USD,0.0
Combined_TwoStage_MaxSharpe,2022-02-01,XLM-USD,0.0
Combined_TwoStage_MaxSharpe,2022-02-01,XRP-USD,0.003745
Combined_TwoStage_MaxSharpe,2022-03-01,ABBV,0.177592
Combined_TwoStage_MaxSharpe,2022-03-01,ABT,0.0
Combined_TwoStage_MaxSharpe,2022-03-01,ADBE,0.0
Combined_TwoStage_MaxSharpe,2022-03-01,AEP,0.038752
Combined_TwoStage_MaxSharpe,2022-03-01,AMD,0.0
Combined_TwoStage_MaxSharpe,2022-03-01,AMGN,0.0
Combined_TwoStage_MaxSharpe,2022-03-01,AMT,0.0
Combined_TwoStage_MaxSharpe,2022-03-01,BA,0.0
Combined_TwoStage_MaxSharpe,2022-03-01,CAT,0.0
Combined_TwoStage_MaxSharpe,2022-03-01,CCI,0.0
Combined_TwoStage_MaxSharpe,2022-03-01,CMCSA,0.0
Combined_TwoStage_MaxSharpe,2022-03-01,COP,0.151698
Combined_TwoStage_MaxSharpe,2022-03-01,CVX,0.0
Combined_TwoStage_MaxSharpe,2022-03-01,D,0.0
Combined_TwoStage_MaxSharpe,2022-03-01,DD,0.0
Combined_TwoStage_MaxSharpe,2022-03-01,DIS,0.0
Combined_TwoStage_MaxSharpe,2022-03-01,DOW,0.0
Combined_TwoStage_MaxSharpe,2022-03-01,DUK,0.0
Combined_TwoStage_MaxSharpe,2022-03-01,EA,0.0
Combined_TwoStage_MaxSharpe,2022-03-01,GE,0.0
Combined_TwoStage_MaxSharpe,2022-03-01,GILD,0.0
Combined_TwoStage_MaxSharpe,2022-03-01,GS,0.0
Combined_TwoStage_MaxSharpe,2022-03-01,INTC,0.0
Combined_TwoStage_MaxSharpe,2022-03-01,KO,0.033646
Combined_TwoStage_MaxSharpe,2022-03-01,MMM,0.0
Combined_TwoStage_MaxSharpe,2022-03-01,MRK,0.0
Combined_TwoStage_MaxSharpe,2022-03-01,MS,0.0
Combined_TwoStage_MaxSharpe,2022-03-01,NEE,0.0
Combined_TwoStage_MaxSharpe,2022-03-01,NEM,0.02478
Combined_TwoStage_MaxSharpe,2022-03-01,NKE,0.0
Combined_TwoStage_MaxSharpe,2022-03-01,NUE,0.096927
Combined_TwoStage_MaxSharpe,2022-03-01,NVDA,0.06327
Combined_TwoStage_MaxSharpe,2022-03-01,O,0.0
Combined_TwoStage_MaxSharpe,2022-03-01,OXY,0.0
Combined_TwoStage_MaxSharpe,2022-03-01,PLD,0.0
Combined_TwoStage_MaxSharpe,2022-03-01,PSA,0.392952
Combined_TwoStage_MaxSharpe,2022-03-01,QCOM,0.0
Combined_TwoStage_MaxSharpe,2022-03-01,SBUX,0.0
Combined_TwoStage_MaxSharpe,2022-03-01,SHW,0.0
Combined_TwoStage_MaxSharpe,2022-03-01,SLB,0.0
Combined_TwoStage_MaxSharpe,2022-03-01,SO,0.0
Combined_TwoStage_MaxSharpe,2022-03-01,T,0.0
Combined_TwoStage_MaxSharpe,2022-03-01,TMUS,0.0
Combined_TwoStage_MaxSharpe,2022-03-01,TTWO,0.0
Combined_TwoStage_MaxSharpe,2022-03-01,UPS,0.0
Combined_TwoStage_MaxSharpe,2022-03-01,USB,0.0
Combined_TwoStage_MaxSharpe,2022-03-01,V,0.0
Combined_TwoStage_MaxSharpe,2022-03-01,WFC,0.0
Combined_TwoStage_MaxSharpe,2022-03-01,WMT,0.0
Combined_TwoStage_MaxSharpe,2022-03-01,XOM,0.0
Combined_TwoStage_MaxSharpe,2022-03-01,ADA-USD,0.0
Combined_TwoStage_MaxSharpe,2022-03-01,BCH-USD,0.0
Combined_TwoStage_MaxSharpe,2022-03-01,BTC-USD,0.0
Combined_TwoStage_MaxSharpe,2022-03-01,EOS-USD,0.0
Combined_TwoStage_MaxSharpe,2022-03-01,ETC-USD,0.019358
Combined_TwoStage_MaxSharpe,2022-03-01,ETH-USD,0.0
Combined_TwoStage_MaxSharpe,2022-03-01,LTC-USD,0.0
Combined_TwoStage_MaxSharpe,2022-03-01,TRX-USD,0.0
Combined_TwoStage_MaxSharpe,2022-03-01,XLM-USD,0.0
Combined_TwoStage_MaxSharpe,2022-03-01,XRP-USD,0.001026
Combined_TwoStage_MaxSharpe,2022-04-01,ABBV,0.293705
Combined_TwoStage_MaxSharpe,2022-04-01,ABT,0.0
Combined_TwoStage_MaxSharpe,2022-04-01,ADBE,0.0
Combined_TwoStage_MaxSharpe,2022-04-01,AEP,0.0
Combined_TwoStage_MaxSharpe,2022-04-01,AMD,0.0
Combined_TwoStage_MaxSharpe,2022-04-01,AMGN,0.0
Combined_TwoStage_MaxSharpe,2022-04-01,AMT,0.0
Combined_TwoStage_MaxSharpe,2022-04-01,BA,0.0
Combined_TwoStage_MaxSharpe,2022-04-01,CAT,0.0
Combined_TwoStage_MaxSharpe,2022-04-01,CCI,0.0
Combined_TwoStage_MaxSharpe,2022-04-01,CMCSA,0.0
Combined_TwoStage_MaxSharpe,2022-04-01,COP,0.076244
Combined_TwoStage_MaxSharpe,2022-04-01,CVX,0.104831
Combined_TwoStage_MaxSharpe,2022-04-01,D,0.0
Combined_TwoStage_MaxSharpe,2022-04-01,DD,0.0
Combined_TwoStage_MaxSharpe,2022-04-01,DIS,0.0
Combined_TwoStage_MaxSharpe,2022-04-01,DOW,0.0
Combined_TwoStage_MaxSharpe,2022-04-01,DUK,0.0
Combined_TwoStage_MaxSharpe,2022-04-01,EA,0.0
Combined_TwoStage_MaxSharpe,2022-04-01,GE,0.0
Combined_TwoStage_MaxSharpe,2022-04-01,GILD,0.0
Combined_TwoStage_MaxSharpe,2022-04-01,GS,0.0
Combined_TwoStage_MaxSharpe,2022-04-01,INTC,0.0
Combined_TwoStage_MaxSharpe,2022-04-01,KO,0.0
Combined_TwoStage_MaxSharpe,2022-04-01,MMM,0.0
Combined_TwoStage_MaxSharpe,2022-04-01,MRK,0.0
Combined_TwoStage_MaxSharpe,2022-04-01,MS,0.0
Combined_TwoStage_MaxSharpe,2022-04-01,NEE,0.0
Combined_TwoStage_MaxSharpe,2022-04-01,NEM,0.057436
Combined_TwoStage_MaxSharpe,2022-04-01,NKE,0.0
Combined_TwoStage_MaxSharpe,2022-04-01,NUE,0.035484
Combined_TwoStage_MaxSharpe,2022-04-01,NVDA,0.069695
Combined_TwoStage_MaxSharpe,2022-04-01,O,0.0
Combined_TwoStage_MaxSharpe,2022-04-01,OXY,0.004691
Combined_TwoStage_MaxSharpe,2022-04-01,PLD,0.025646
Combined_TwoStage_MaxSharpe,2022-04-01,PSA,0.314874
Combined_TwoStage_MaxSharpe,2022-04-01,QCOM,0.0
Combined_TwoStage_MaxSharpe,2022-04-01,SBUX,0.0
Combined_TwoStage_MaxSharpe,2022-04-01,SHW,0.0
Combined_TwoStage_MaxSharpe,2022-04-01,SLB,0.0
Combined_TwoStage_MaxSharpe,2022-04-01,SO,0.0
Combined_TwoStage_MaxSharpe,2022-04-01,T,0.0
Combined_TwoStage_MaxSharpe,2022-04-01,TMUS,0.0
Combined_TwoStage_MaxSharpe,2022-04-01,TTWO,0.0
Combined_TwoStage_MaxSharpe,2022-04-01,UPS,0.0
Combined_TwoStage_MaxSharpe,2022-04-01,USB,0.0
Combined_TwoStage_MaxSharpe,2022-04-01,V,0.0
Combined_TwoStage_MaxSharpe,2022-04-01,WFC,0.0
Combined_TwoStage_MaxSharpe,2022-04-01,WMT,0.0
Combined_TwoStage_MaxSharpe,2022-04-01,XOM,0.0
Combined_TwoStage_MaxSharpe,2022-04-01,ADA-USD,0.0
Combined_TwoStage_MaxSharpe,2022-04-01,BCH-USD,0.0
Combined_TwoStage_MaxSharpe,2022-04-01,BTC-USD,0.0
Combined_TwoStage_MaxSharpe,2022-04-01,EOS-USD,0.0
Combined_TwoStage_MaxSharpe,2022-04-01,ETC-USD,0.017394
Combined_TwoStage_MaxSharpe,2022-04-01,ETH-USD,0.0
Combined_TwoStage_MaxSharpe,2022-04-01,LTC-USD,0.0
Combined_TwoStage_MaxSharpe,2022-04-01,TRX-USD,0.0
Combined_TwoStage_MaxSharpe,2022-04-01,XLM-USD,0.0
Combined_TwoStage_MaxSharpe,2022-04-01,XRP-USD,0.0
Combined_TwoStage_MaxSharpe,2022-05-02,ABBV,0.197726
Combined_TwoStage_MaxSharpe,2022-05-02,ABT,0.0
Combined_TwoStage_MaxSharpe,2022-05-02,ADBE,0.0
Combined_TwoStage_MaxSharpe,2022-05-02,AEP,0.0
Combined_TwoStage_MaxSharpe,2022-05-02,AMD,0.0
Combined_TwoStage_MaxSharpe,2022-05-02,AMGN,0.0
Combined_TwoStage_MaxSharpe,2022-05-02,AMT,0.0
Combined_TwoStage_MaxSharpe,2022-05-02,BA,0.0
Combined_TwoStage_MaxSharpe,2022-05-02,CAT,0.0
Combined_TwoStage_MaxSharpe,2022-05-02,CCI,0.0
Combined_TwoStage_MaxSharpe,2022-05-02,CMCSA,0.0
Combined_TwoStage_MaxSharpe,2022-05-02,COP,0.174129
Combined_TwoStage_MaxSharpe,2022-05-02,CVX,0.084682
Combined_TwoStage_MaxSharpe,2022-05-02,D,0.0
Combined_TwoStage_MaxSharpe,2022-05-02,DD,0.0
Combined_TwoStage_MaxSharpe,2022-05-02,DIS,0.0
Combined_TwoStage_MaxSharpe,2022-05-02,DOW,0.0
Combined_TwoStage_MaxSharpe,2022-05-02,DUK,0.0
Combined_TwoStage_MaxSharpe,2022-05-02,EA,0.0
Combined_TwoStage_MaxSharpe,2022-05-02,GE,0.0
Combined_TwoStage_MaxSharpe,2022-05-02,GILD,0.0
Combined_TwoStage_MaxSharpe,2022-05-02,GS,0.0
Combined_TwoStage_MaxSharpe,2022-05-02,INTC,0.0
Combined_TwoStage_MaxSharpe,2022-05-02,KO,0.022721
Combined_TwoStage_MaxSharpe,2022-05-02,MMM,0.0
Combined_TwoStage_MaxSharpe,2022-05-02,MRK,0.080674
Combined_TwoStage_MaxSharpe,2022-05-02,MS,0.0
Combined_TwoStage_MaxSharpe,2022-05-02,NEE,0.0
Combined_TwoStage_MaxSharpe,2022-05-02,NEM,0.0
Combined_TwoStage_MaxSharpe,2022-05-02,NKE,0.0
Combined_TwoStage_MaxSharpe,2022-05-02,NUE,0.104815
Combined_TwoStage_MaxSharpe,2022-05-02,NVDA,0.0
Combined_TwoStage_MaxSharpe,2022-05-02,O,0.0
Combined_TwoStage_MaxSharpe,2022-05-02,OXY,0.012921
Combined_TwoStage_MaxSharpe,2022-05-02,PLD,0.22374
Combined_TwoStage_MaxSharpe,2022-05-02,PSA,0.098592
Combined_TwoStage_MaxSharpe,2022-05-02,QCOM,0.0
Combined_TwoStage_MaxSharpe,2022-05-02,SBUX,0.0
Combined_TwoStage_MaxSharpe,2022-05-02,SHW,0.0
Combined_TwoStage_MaxSharpe,2022-05-02,SLB,0.0
Combined_TwoStage_MaxSharpe,2022-05-02,SO,0.0
Combined_TwoStage_MaxSharpe,2022-05-02,T,0.0
Combined_TwoStage_MaxSharpe,2022-05-02,TMUS,0.0
Combined_TwoStage_MaxSharpe,2022-05-02,TTWO,0.0
Combined_TwoStage_MaxSharpe,2022-05-02,UPS,0.0
Combined_TwoStage_MaxSharpe,2022-05-02,USB,0.0
Combined_TwoStage_MaxSharpe,2022-05-02,V,0.0
Combined_TwoStage_MaxSharpe,2022-05-02,WFC,0.0
Combined_TwoStage_MaxSharpe,2022-05-02,WMT,0.0
Combined_TwoStage_MaxSharpe,2022-05-02,XOM,0.0
Combined_TwoStage_MaxSharpe,2022-05-02,ADA-USD,0.0
Combined_TwoStage_MaxSharpe,2022-05-02,BCH-USD,0.0
Combined_TwoStage_MaxSharpe,2022-05-02,BTC-USD,0.0
Combined_TwoStage_MaxSharpe,2022-05-02,EOS-USD,0.0
Combined_TwoStage_MaxSharpe,2022-05-02,ETC-USD,0.0
Combined_TwoStage_MaxSharpe,2022-05-02,ETH-USD,0.0
Combined_TwoStage_MaxSharpe,2022-05-02,LTC-USD,0.0
Combined_TwoStage_MaxSharpe,2022-05-02,TRX-USD,0.0
Combined_TwoStage_MaxSharpe,2022-05-02,XLM-USD,0.0
Combined_TwoStage_MaxSharpe,2022-05-02,XRP-USD,0.0
Combined_TwoStage_MaxSharpe,2022-06-01,ABBV,0.254139
Combined_TwoStage_MaxSharpe,2022-06-01,ABT,0.0
Combined_TwoStage_MaxSharpe,2022-06-01,ADBE,0.0
Combined_TwoStage_MaxSharpe,2022-06-01,AEP,0.110029
Combined_TwoStage_MaxSharpe,2022-06-01,AMD,0.040224
Combined_TwoStage_MaxSharpe,2022-06-01,AMGN,0.0
Combined_TwoStage_MaxSharpe,2022-06-01,AMT,0.0
Combined_TwoStage_MaxSharpe,2022-06-01,BA,0.0
Combined_TwoStage_MaxSharpe,2022-06-01,CAT,0.0
Combined_TwoStage_MaxSharpe,2022-06-01,CCI,0.0
Combined_TwoStage_MaxSharpe,2022-06-01,CMCSA,0.0
Combined_TwoStage_MaxSharpe,2022-06-01,COP,0.049923
Combined_TwoStage_MaxSharpe,2022-06-01,CVX,0.194322
Combined_TwoStage_MaxSharpe,2022-06-01,D,0.0
Combined_TwoStage_MaxSharpe,2022-06-01,DD,0.0
Combined_TwoStage_MaxSharpe,2022-06-01,DIS,0.0
Combined_TwoStage_MaxSharpe,2022-06-01,DOW,0.0
Combined_TwoStage_MaxSharpe,2022-06-01,DUK,0.0
Combined_TwoStage_MaxSharpe,2022-06-01,EA,0.0
Combined_TwoStage_MaxSharpe,2022-06-01,GE,0.0
Combined_TwoStage_MaxSharpe,2022-06-01,GILD,0.0
Combined_TwoStage_MaxSharpe,2022-06-01,GS,0.0
Combined_TwoStage_MaxSharpe,2022-06-01,INTC,0.0
Combined_TwoStage_MaxSharpe,2022-06-01,KO,0.0
Combined_TwoStage_MaxSharpe,2022-06-01,MMM,0.0
Combined_TwoStage_MaxSharpe,2022-06-01,MRK,0.133788
Combined_TwoStage_MaxSharpe,2022-06-01,MS,0.0
Combined_TwoStage_MaxSharpe,2022-06-01,NEE,0.0
Combined_TwoStage_MaxSharpe,2022-06-01,NEM,0.0
Combined_TwoStage_MaxSharpe,2022-06-01,NKE,0.0
Combined_TwoStage_MaxSharpe,2022-06-01,NUE,0.0
Combined_TwoStage_MaxSharpe,2022-06-01,NVDA,0.0
Combined_TwoStage_MaxSharpe,2022-06-01,O,0.0
Combined_TwoStage_MaxSharpe,2022-06-01,OXY,0.067606
Combined_TwoStage_MaxSharpe,2022-06-01,PLD,0.0
Combined_TwoStage_MaxSharpe,2022-06-01,PSA,0.0
Combined_TwoStage_MaxSharpe,2022-06-01,QCOM,0.0
Combined_TwoStage_MaxSharpe,2022-06-01,SBUX,0.0
Combined_TwoStage_MaxSharpe,2022-06-01,SHW,0.0
Combined_TwoStage_MaxSharpe,2022-06-01,SLB,0.0
Combined_TwoStage_MaxSharpe,2022-06-01,SO,0.149969
Combined_TwoStage_MaxSharpe,2022-06-01,T,0.0
Combined_TwoStage_MaxSharpe,2022-06-01,TMUS,0.0
Combined_TwoStage_MaxSharpe,2022-06-01,TTWO,0.0
Combined_TwoStage_MaxSharpe,2022-06-01,UPS,0.0
Combined_TwoStage_MaxSharpe,2022-06-01,USB,0.0
Combined_TwoStage_MaxSharpe,2022-06-01,V,0.0
Combined_TwoStage_MaxSharpe,2022-06-01,WFC,0.0
Combined_TwoStage_MaxSharpe,2022-06-01,WMT,0.0
Combined_TwoStage_MaxSharpe,2022-06-01,XOM,0.0
Combined_TwoStage_MaxSharpe,2022-06-01,ADA-USD,0.0
Combined_TwoStage_MaxSharpe,2022-06-01,BCH-USD,0.0
Combined_TwoStage_MaxSharpe,2022-06-01,BTC-USD,0.0
Combined_TwoStage_MaxSharpe,2022-06-01,EOS-USD,0.0
Combined_TwoStage_MaxSharpe,2022-06-01,ETC-USD,0.0
Combined_TwoStage_MaxSharpe,2022-06-01,ETH-USD,0.0
Combined_TwoStage_MaxSharpe,2022-06-01,LTC-USD,0.0
Combined_TwoStage_MaxSharpe,2022-06-01,TRX-USD,0.0
Combined_TwoStage_MaxSharpe,2022-06-01,XLM-USD,0.0
Combined_TwoStage_MaxSharpe,2022-06-01,XRP-USD,0.0
Combined_TwoStage_MaxSharpe,2022-07-01,ABBV,0.467933
Combined_TwoStage_MaxSharpe,2022-07-01,ABT,0.0
Combined_TwoStage_MaxSharpe,2022-07-01,ADBE,0.0
Combined_TwoStage_MaxSharpe,2022-07-01,AEP,0.0
Combined_TwoStage_MaxSharpe,2022-07-01,AMD,0.0
Combined_TwoStage_MaxSharpe,2022-07-01,AMGN,0.0
Combined_TwoStage_MaxSharpe,2022-07-01,AMT,0.0
Combined_TwoStage_MaxSharpe,2022-07-01,BA,0.0
Combined_TwoStage_MaxSharpe,2022-07-01,CAT,0.0
Combined_TwoStage_MaxSharpe,2022-07-01,CCI,0.0
Combined_TwoStage_MaxSharpe,2022-07-01,CMCSA,0.0
Combined_TwoStage_MaxSharpe,2022-07-01,COP,0.0
Combined_TwoStage_MaxSharpe,2022-07-01,CVX,0.114788
Combined_TwoStage_MaxSharpe,2022-07-01,D,0.0
Combined_TwoStage_MaxSharpe,2022-07-01,DD,0.0
Combined_TwoStage_MaxSharpe,2022-07-01,DIS,0.0
Combined_TwoStage_MaxSharpe,2022-07-01,DOW,0.0
Combined_TwoStage_MaxSharpe,2022-07-01,DUK,0.0
Combined_TwoStage_MaxSharpe,2022-07-01,EA,0.0
Combined_TwoStage_MaxSharpe,2022-07-01,GE,0.0
Combined_TwoStage_MaxSharpe,2022-07-01,GILD,0.0
Combined_TwoStage_MaxSharpe,2022-07-01,GS,0.0
Combined_TwoStage_MaxSharpe,2022-07-01,INTC,0.0
Combined_TwoStage_MaxSharpe,2022-07-01,KO,0.048943
Combined_TwoStage_MaxSharpe,2022-07-01,MMM,0.0
Combined_TwoStage_MaxSharpe,2022-07-01,MRK,0.032521
Combined_TwoStage_MaxSharpe,2022-07-01,MS,0.0
Combined_TwoStage_MaxSharpe,2022-07-01,NEE,0.0
Combined_TwoStage_MaxSharpe,2022-07-01,NEM,0.0
Combined_TwoStage_MaxSharpe,2022-07-01,NKE,0.0
Combined_TwoStage_MaxSharpe,2022-07-01,NUE,0.0
Combined_TwoStage_MaxSharpe,2022-07-01,NVDA,0.0
Combined_TwoStage_MaxSharpe,2022-07-01,O,0.0
Combined_TwoStage_MaxSharpe,2022-07-01,OXY,0.110486
Combined_TwoStage_MaxSharpe,2022-07-01,PLD,0.0
Combined_TwoStage_MaxSharpe,2022-07-01,PSA,0.0
Combined_TwoStage_MaxSharpe,2022-07-01,QCOM,0.0
Combined_TwoStage_MaxSharpe,2022-07-01,SBUX,0.0
Combined_TwoStage_MaxSharpe,2022-07-01,SHW,0.0
Combined_TwoStage_MaxSharpe,2022-07-01,SLB,0.0
Combined_TwoStage_MaxSharpe,2022-07-01,SO,0.225328
Combined_TwoStage_MaxSharpe,2022-07-01,T,0.0
Combined_TwoStage_MaxSharpe,2022-07-01,TMUS,0.0
Combined_TwoStage_MaxSharpe,2022-07-01,TTWO,0.0
Combined_TwoStage_MaxSharpe,2022-07-01,UPS,0.0
Combined_TwoStage_MaxSharpe,2022-07-01,USB,0.0
Combined_TwoStage_MaxSharpe,2022-07-01,V,0.0
Combined_TwoStage_MaxSharpe,2022-07-01,WFC,0.0
Combined_TwoStage_MaxSharpe,2022-07-01,WMT,0.0
Combined_TwoStage_MaxSharpe,2022-07-01,XOM,0.0
Combined_TwoStage_MaxSharpe,2022-07-01,ADA-USD,0.0
Combined_TwoStage_MaxSharpe,2022-07-01,BCH-USD,0.0
Combined_TwoStage_MaxSharpe,2022-07-01,BTC-USD,0.0
Combined_TwoStage_MaxSharpe,2022-07-01,EOS-USD,0.0
Combined_TwoStage_MaxSharpe,2022-07-01,ETC-USD,0.0
Combined_TwoStage_MaxSharpe,2022-07-01,ETH-USD,0.0
Combined_TwoStage_MaxSharpe,2022-07-01,LTC-USD,0.0
Combined_TwoStage_MaxSharpe,2022-07-01,TRX-USD,0.0
Combined_TwoStage_MaxSharpe,2022-07-01,XLM-USD,0.0
Combined_TwoStage_MaxSharpe,2022-07-01,XRP-USD,0.0
Combined_TwoStage_MaxSharpe,2022-08-01,ABBV,0.240163
Combined_TwoStage_MaxSharpe,2022-08-01,ABT,0.0
Combined_TwoStage_MaxSharpe,2022-08-01,ADBE,0.0
Combined_TwoStage_MaxSharpe,2022-08-01,AEP,0.0
Combined_TwoStage_MaxSharpe,2022-08-01,AMD,0.0
Combined_TwoStage_MaxSharpe,2022-08-01,AMGN,0.0
Combined_TwoStage_MaxSharpe,2022-08-01,AMT,0.0
Combined_TwoStage_MaxSharpe,2022-08-01,BA,0.0
Combined_TwoStage_MaxSharpe,2022-08-01,CAT,0.0
Combined_TwoStage_MaxSharpe,2022-08-01,CCI,0.0
Combined_TwoStage_MaxSharpe,2022-08-01,CMCSA,0.0
Combined_TwoStage_MaxSharpe,2022-08-01,COP,0.0
Combined_TwoStage_MaxSharpe,2022-08-01,CVX,0.210308
Combined_TwoStage_MaxSharpe,2022-08-01,D,0.0
Combined_TwoStage_MaxSharpe,2022-08-01,DD,0.0
Combined_TwoStage_MaxSharpe,2022-08-01,DIS,0.0
Combined_TwoStage_MaxSharpe,2022-08-01,DOW,0.0
Combined_TwoStage_MaxSharpe,2022-08-01,DUK,0.0
Combined_TwoStage_MaxSharpe,2022-08-01,EA,0.0
Combined_TwoStage_MaxSharpe,2022-08-01,GE,0.0
Combined_TwoStage_MaxSharpe,2022-08-01,GILD,0.0
Combined_TwoStage_MaxSharpe,2022-08-01,GS,0.0
Combined_TwoStage_MaxSharpe,2022-08-01,INTC,0.0
Combined_TwoStage_MaxSharpe,2022-08-01,KO,0.0
Combined_TwoStage_MaxSharpe,2022-08-01,MMM,0.0
Combined_TwoStage_MaxSharpe,2022-08-01,MRK,0.05759
Combined_TwoStage_MaxSharpe,2022-08-01,MS,0.0
Combined_TwoStage_MaxSharpe,2022-08-01,NEE,0.0
Combined_TwoStage_MaxSharpe,2022-08-01,NEM,0.0
Combined_TwoStage_MaxSharpe,2022-08-01,NKE,0.0
Combined_TwoStage_MaxSharpe,2022-08-01,NUE,0.022232
Combined_TwoStage_MaxSharpe,2022-08-01,NVDA,0.0
Combined_TwoStage_MaxSharpe,2022-08-01,O,0.0
Combined_TwoStage_MaxSharpe,2022-08-01,OXY,0.167223
Combined_TwoStage_MaxSharpe,2022-08-01,PLD,0.0
Combined_TwoStage_MaxSharpe,2022-08-01,PSA,0.0
Combined_TwoStage_MaxSharpe,2022-08-01,QCOM,0.0
Combined_TwoStage_MaxSharpe,2022-08-01,SBUX,0.0
Combined_TwoStage_MaxSharpe,2022-08-01,SHW,0.0
Combined_TwoStage_MaxSharpe,2022-08-01,SLB,0.0
Combined_TwoStage_MaxSharpe,2022-08-01,SO,0.302484
Combined_TwoStage_MaxSharpe,2022-08-01,T,0.0
Combined_TwoStage_MaxSharpe,2022-08-01,TMUS,0.0
Combined_TwoStage_MaxSharpe,2022-08-01,TTWO,0.0
Combined_TwoStage_MaxSharpe,2022-08-01,UPS,0.0
Combined_TwoStage_MaxSharpe,2022-08-01,USB,0.0
Combined_TwoStage_MaxSharpe,2022-08-01,V,0.0
Combined_TwoStage_MaxSharpe,2022-08-01,WFC,0.0
Combined_TwoStage_MaxSharpe,2022-08-01,WMT,0.0
Combined_TwoStage_MaxSharpe,2022-08-01,XOM,0.0
Combined_TwoStage_MaxSharpe,2022-08-01,ADA-USD,0.0
Combined_TwoStage_MaxSharpe,2022-08-01,BCH-USD,0.0
Combined_TwoStage_MaxSharpe,2022-08-01,BTC-USD,0.0
Combined_TwoStage_MaxSharpe,2022-08-01,EOS-USD,0.0
Combined_TwoStage_MaxSharpe,2022-08-01,ETC-USD,0.0
Combined_TwoStage_MaxSharpe,2022-08-01,ETH-USD,0.0
Combined_TwoStage_MaxSharpe,2022-08-01,LTC-USD,0.0
Combined_TwoStage_MaxSharpe,2022-08-01,TRX-USD,0.0
Combined_TwoStage_MaxSharpe,2022-08-01,XLM-USD,0.0
Combined_TwoStage_MaxSharpe,2022-08-01,XRP-USD,0.0
Combined_TwoStage_MaxSharpe,2022-09-01,ABBV,0.081644
Combined_TwoStage_MaxSharpe,2022-09-01,ABT,0.0
Combined_TwoStage_MaxSharpe,2022-09-01,ADBE,0.0
Combined_TwoStage_MaxSharpe,2022-09-01,AEP,0.0
Combined_TwoStage_MaxSharpe,2022-09-01,AMD,0.0
Combined_TwoStage_MaxSharpe,2022-09-01,AMGN,0.06191
Combined_TwoStage_MaxSharpe,2022-09-01,AMT,0.0
Combined_TwoStage_MaxSharpe,2022-09-01,BA,0.0
Combined_TwoStage_MaxSharpe,2022-09-01,CAT,0.0
Combined_TwoStage_MaxSharpe,2022-09-01,CCI,0.0
Combined_TwoStage_MaxSharpe,2022-09-01,CMCSA,0.0
Combined_TwoStage_MaxSharpe,2022-09-01,COP,0.063342
Combined_TwoStage_MaxSharpe,2022-09-01,CVX,0.1311
Combined_TwoStage_MaxSharpe,2022-09-01,D,0.0
Combined_TwoStage_MaxSharpe,2022-09-01,DD,0.0
Combined_TwoStage_MaxSharpe,2022-09-01,DIS,0.0
Combined_TwoStage_MaxSharpe,2022-09-01,DOW,0.0
Combined_TwoStage_MaxSharpe,2022-09-01,DUK,0.0
Combined_TwoStage_MaxSharpe,2022-09-01,EA,0.0
Combined_TwoStage_MaxSharpe,2022-09-01,GE,0.0
Combined_TwoStage_MaxSharpe,2022-09-01,GILD,0.0
Combined_TwoStage_MaxSharpe,2022-09-01,GS,0.0
Combined_TwoStage_MaxSharpe,2022-09-01,INTC,0.0
Combined_TwoStage_MaxSharpe,2022-09-01,KO,0.0
Combined_TwoStage_MaxSharpe,2022-09-01,MMM,0.0
Combined_TwoStage_MaxSharpe,2022-09-01,MRK,0.032637
Combined_TwoStage_MaxSharpe,2022-09-01,MS,0.0
Combined_TwoStage_MaxSharpe,2022-09-01,NEE,0.0
Combined_TwoStage_MaxSharpe,2022-09-01,NEM,0.0
Combined_TwoStage_MaxSharpe,2022-09-01,NKE,0.0
Combined_TwoStage_MaxSharpe,2022-09-01,NUE,0.0
Combined_TwoStage_MaxSharpe,2022-09-01,NVDA,0.0
Combined_TwoStage_MaxSharpe,2022-09-01,O,0.0
Combined_TwoStage_MaxSharpe,2022-09-01,OXY,0.228879
Combined_TwoStage_MaxSharpe,2022-09-01,PLD,0.0
Combined_TwoStage_MaxSharpe,2022-09-01,PSA,0.0
Combined_TwoStage_MaxSharpe,2022-09-01,QCOM,0.0
Combined_TwoStage_MaxSharpe,2022-09-01,SBUX,0.0
Combined_TwoStage_MaxSharpe,2022-09-01,SHW,0.0
Combined_TwoStage_MaxSharpe,2022-09-01,SLB,0.0
Combined_TwoStage_MaxSharpe,2022-09-01,SO,0.337335
Combined_TwoStage_MaxSharpe,2022-09-01,T,0.0
Combined_TwoStage_MaxSharpe,2022-09-01,TMUS,0.0
Combined_TwoStage_MaxSharpe,2022-09-01,TTWO,0.0
Combined_TwoStage_MaxSharpe,2022-09-01,UPS,0.0
Combined_TwoStage_MaxSharpe,2022-09-01,USB,0.0
Combined_TwoStage_MaxSharpe,2022-09-01,V,0.0
Combined_TwoStage_MaxSharpe,2022-09-01,WFC,0.0
Combined_TwoStage_MaxSharpe,2022-09-01,WMT,0.0
Combined_TwoStage_MaxSharpe,2022-09-01,XOM,0.063153
Combined_TwoStage_MaxSharpe,2022-09-01,ADA-USD,0.0
Combined_TwoStage_MaxSharpe,2022-09-01,BCH-USD,0.0
Combined_TwoStage_MaxSharpe,2022-09-01,BTC-USD,0.0
Combined_TwoStage_MaxSharpe,2022-09-01,EOS-USD,0.0
Combined_TwoStage_MaxSharpe,2022-09-01,ETC-USD,0.0
Combined_TwoStage_MaxSharpe,2022-09-01,ETH-USD,0.0
Combined_TwoStage_MaxSharpe,2022-09-01,LTC-USD,0.0
Combined_TwoStage_MaxSharpe,2022-09-01,TRX-USD,0.0
Combined_TwoStage_MaxSharpe,2022-09-01,XLM-USD,0.0
Combined_TwoStage_MaxSharpe,2022-09-01,XRP-USD,0.0
Combined_TwoStage_MaxSharpe,2022-10-03,ABBV,0.535262
Combined_TwoStage_MaxSharpe,2022-10-03,ABT,0.0
Combined_TwoStage_MaxSharpe,2022-10-03,ADBE,0.0
Combined_TwoStage_MaxSharpe,2022-10-03,AEP,0.0
Combined_TwoStage_MaxSharpe,2022-10-03,AMD,0.0
Combined_TwoStage_MaxSharpe,2022-10-03,AMGN,0.0
Combined_TwoStage_MaxSharpe,2022-10-03,AMT,0.0
Combined_TwoStage_MaxSharpe,2022-10-03,BA,0.0
Combined_TwoStage_MaxSharpe,2022-10-03,CAT,0.0
Combined_TwoStage_MaxSharpe,2022-10-03,CCI,0.0
Combined_TwoStage_MaxSharpe,2022-10-03,CMCSA,0.0
Combined_TwoStage_MaxSharpe,2022-10-03,COP,0.0
Combined_TwoStage_MaxSharpe,2022-10-03,CVX,0.151714
Combined_TwoStage_MaxSharpe,2022-10-03,D,0.0
Combined_TwoStage_MaxSharpe,2022-10-03,DD,0.0
Combined_TwoStage_MaxSharpe,2022-10-03,DIS,0.0
Combined_TwoStage_MaxSharpe,2022-10-03,DOW,0.0
Combined_TwoStage_MaxSharpe,2022-10-03,DUK,0.0
Combined_TwoStage_MaxSharpe,2022-10-03,EA,0.0
Combined_TwoStage_MaxSharpe,2022-10-03,GE,0.0
Combined_TwoStage_MaxSharpe,2022-10-03,GILD,0.0
Combined_TwoStage_MaxSharpe,2022-10-03,GS,0.0
Combined_TwoStage_MaxSharpe,2022-10-03,INTC,0.0
Combined_TwoStage_MaxSharpe,2022-10-03,KO,0.0
Combined_TwoStage_MaxSharpe,2022-10-03,MMM,0.0
Combined_TwoStage_MaxSharpe,2022-10-03,MRK,0.049842
Combined_TwoStage_MaxSharpe,2022-10-03,MS,0.0
Combined_TwoStage_MaxSharpe,2022-10-03,NEE,0.0
Combined_TwoStage_MaxSharpe,2022-10-03,NEM,0.0
Combined_TwoStage_MaxSharpe,2022-10-03,NKE,0.0
Combined_TwoStage_MaxSharpe,2022-10-03,NUE,0.0
Combined_TwoStage_MaxSharpe,2022-10-03,NVDA,0.0
Combined_TwoStage_MaxSharpe,2022-10-03,O,0.0
Combined_TwoStage_MaxSharpe,2022-10-03,OXY,0.214284
Combined_TwoStage_MaxSharpe,2022-10-03,PLD,0.0
Combined_TwoStage_MaxSharpe,2022-10-03,PSA,0.0
Combined_TwoStage_MaxSharpe,2022-10-03,QCOM,0.0
Combined_TwoStage_MaxSharpe,2022-10-03,SBUX,0.0
Combined_TwoStage_MaxSharpe,2022-10-03,SHW,0.0
Combined_TwoStage_MaxSharpe,2022-10-03,SLB,0.0
Combined_TwoStage_MaxSharpe,2022-10-03,SO,0.012926
Combined_TwoStage_MaxSharpe,2022-10-03,T,0.0
Combined_TwoStage_MaxSharpe,2022-10-03,TMUS,0.0
Combined_TwoStage_MaxSharpe,2022-10-03,TTWO,0.0
Combined_TwoStage_MaxSharpe,2022-10-03,UPS,0.0
Combined_TwoStage_MaxSharpe,2022-10-03,USB,0.0
Combined_TwoStage_MaxSharpe,2022-10-03,V,0.0
Combined_TwoStage_MaxSharpe,2022-10-03,WFC,0.0
Combined_TwoStage_MaxSharpe,2022-10-03,WMT,0.0
Combined_TwoStage_MaxSharpe,2022-10-03,XOM,0.035972
Combined_TwoStage_MaxSharpe,2022-10-03,ADA-USD,0.0
Combined_TwoStage_MaxSharpe,2022-10-03,BCH-USD,0.0
Combined_TwoStage_MaxSharpe,2022-10-03,BTC-USD,0.0
Combined_TwoStage_MaxSharpe,2022-10-03,EOS-USD,0.0
Combined_TwoStage_MaxSharpe,2022-10-03,ETC-USD,0.0
Combined_TwoStage_MaxSharpe,2022-10-03,ETH-USD,0.0
Combined_TwoStage_MaxSharpe,2022-10-03,LTC-USD,0.0
Combined_TwoStage_MaxSharpe,2022-10-03,TRX-USD,0.0
Combined_TwoStage_MaxSharpe,2022-10-03,XLM-USD,0.0
Combined_TwoStage_MaxSharpe,2022-10-03,XRP-USD,0.0
Combined_TwoStage_MaxSharpe,2022-11-01,ABBV,0.176862
Combined_TwoStage_MaxSharpe,2022-11-01,ABT,0.0
Combined_TwoStage_MaxSharpe,2022-11-01,ADBE,0.0
Combined_TwoStage_MaxSharpe,2022-11-01,AEP,0.0
Combined_TwoStage_MaxSharpe,2022-11-01,AMD,0.0
Combined_TwoStage_MaxSharpe,2022-11-01,AMGN,0.389455
Combined_TwoStage_MaxSharpe,2022-11-01,AMT,0.0
Combined_TwoStage_MaxSharpe,2022-11-01,BA,0.0
Combined_TwoStage_MaxSharpe,2022-11-01,CAT,0.0
Combined_TwoStage_MaxSharpe,2022-11-01,CCI,0.0
Combined_TwoStage_MaxSharpe,2022-11-01,CMCSA,0.0
Combined_TwoStage_MaxSharpe,2022-11-01,COP,0.0
Combined_TwoStage_MaxSharpe,2022-11-01,CVX,0.058522
Combined_TwoStage_MaxSharpe,2022-11-01,D,0.0
Combined_TwoStage_MaxSharpe,2022-11-01,DD,0.0
Combined_TwoStage_MaxSharpe,2022-11-01,DIS,0.0
Combined_TwoStage_MaxSharpe,2022-11-01,DOW,0.0
Combined_TwoStage_MaxSharpe,2022-11-01,DUK,0.0
Combined_TwoStage_MaxSharpe,2022-11-01,EA,0.0
Combined_TwoStage_MaxSharpe,2022-11-01,GE,0.0
Combined_TwoStage_MaxSharpe,2022-11-01,GILD,0.050731
Combined_TwoStage_MaxSharpe,2022-11-01,GS,0.0
Combined_TwoStage_MaxSharpe,2022-11-01,INTC,0.0
Combined_TwoStage_MaxSharpe,2022-11-01,KO,0.0
Combined_TwoStage_MaxSharpe,2022-11-01,MMM,0.0
Combined_TwoStage_MaxSharpe,2022-11-01,MRK,0.0
Combined_TwoStage_MaxSharpe,2022-11-01,MS,0.0
Combined_TwoStage_MaxSharpe,2022-11-01,NEE,0.0
Combined_TwoStage_MaxSharpe,2022-11-01,NEM,0.0
Combined_TwoStage_MaxSharpe,2022-11-01,NKE,0.0
Combined_TwoStage_MaxSharpe,2022-11-01,NUE,0.0
Combined_TwoStage_MaxSharpe,2022-11-01,NVDA,0.0
Combined_TwoStage_MaxSharpe,2022-11-01,O,0.0
Combined_TwoStage_MaxSharpe,2022-11-01,OXY,0.102899
Combined_TwoStage_MaxSharpe,2022-11-01,PLD,0.0
Combined_TwoStage_MaxSharpe,2022-11-01,PSA,0.0
Combined_TwoStage_MaxSharpe,2022-11-01,QCOM,0.0
Combined_TwoStage_MaxSharpe,2022-11-01,SBUX,0.0
Combined_TwoStage_MaxSharpe,2022-11-01,SHW,0.0
Combined_TwoStage_MaxSharpe,2022-11-01,SLB,0.0
Combined_TwoStage_MaxSharpe,2022-11-01,SO,0.0
Combined_TwoStage_MaxSharpe,2022-11-01,T,0.0
Combined_TwoStage_MaxSharpe,2022-11-01,TMUS,0.008799
Combined_TwoStage_MaxSharpe,2022-11-01,TTWO,0.0
Combined_TwoStage_MaxSharpe,2022-11-01,UPS,0.0
Combined_TwoStage_MaxSharpe,2022-11-01,USB,0.0
Combined_TwoStage_MaxSharpe,2022-11-01,V,0.0
Combined_TwoStage_MaxSharpe,2022-11-01,WFC,0.0
Combined_TwoStage_MaxSharpe,2022-11-01,WMT,0.0
Combined_TwoStage_MaxSharpe,2022-11-01,XOM,0.212731
Combined_TwoStage_MaxSharpe,2022-11-01,ADA-USD,0.0
Combined_TwoStage_MaxSharpe,2022-11-01,BCH-USD,0.0
Combined_TwoStage_MaxSharpe,2022-11-01,BTC-USD,0.0
Combined_TwoStage_MaxSharpe,2022-11-01,EOS-USD,0.0
Combined_TwoStage_MaxSharpe,2022-11-01,ETC-USD,0.0
Combined_TwoStage_MaxSharpe,2022-11-01,ETH-USD,0.0
Combined_TwoStage_MaxSharpe,2022-11-01,LTC-USD,0.0
Combined_TwoStage_MaxSharpe,2022-11-01,TRX-USD,0.0
Combined_TwoStage_MaxSharpe,2022-11-01,XLM-USD,0.0
Combined_TwoStage_MaxSharpe,2022-11-01,XRP-USD,0.0
Combined_TwoStage_MaxSharpe,2022-12-01,ABBV,0.062053
Combined_TwoStage_MaxSharpe,2022-12-01,ABT,0.0
Combined_TwoStage_MaxSharpe,2022-12-01,ADBE,0.0
Combined_TwoStage_MaxSharpe,2022-12-01,AEP,0.0
Combined_TwoStage_MaxSharpe,2022-12-01,AMD,0.0
Combined_TwoStage_MaxSharpe,2022-12-01,AMGN,0.271115
Combined_TwoStage_MaxSharpe,2022-12-01,AMT,0.0
Combined_TwoStage_MaxSharpe,2022-12-01,BA,0.0
Combined_TwoStage_MaxSharpe,2022-12-01,CAT,0.0
Combined_TwoStage_MaxSharpe,2022-12-01,CCI,0.0
Combined_TwoStage_MaxSharpe,2022-12-01,CMCSA,0.0
Combined_TwoStage_MaxSharpe,2022-12-01,COP,0.0
Combined_TwoStage_MaxSharpe,2022-12-01,CVX,0.0
Combined_TwoStage_MaxSharpe,2022-12-01,D,0.0
Combined_TwoStage_MaxSharpe,2022-12-01,DD,0.0
Combined_TwoStage_MaxSharpe,2022-12-01,DIS,0.0
Combined_TwoStage_MaxSharpe,2022-12-01,DOW,0.0
Combined_TwoStage_MaxSharpe,2022-12-01,DUK,0.0
Combined_TwoStage_MaxSharpe,2022-12-01,EA,0.0
Combined_TwoStage_MaxSharpe,2022-12-01,GE,0.0
Combined_TwoStage_MaxSharpe,2022-12-01,GILD,0.0
Combined_TwoStage_MaxSharpe,2022-12-01,GS,0.0
Combined_TwoStage_MaxSharpe,2022-12-01,INTC,0.0
Combined_TwoStage_MaxSharpe,2022-12-01,KO,0.0
Combined_TwoStage_MaxSharpe,2022-12-01,MMM,0.0
Combined_TwoStage_MaxSharpe,2022-12-01,MRK,0.388186
Combined_TwoStage_MaxSharpe,2022-12-01,MS,0.0
Combined_TwoStage_MaxSharpe,2022-12-01,NEE,0.0
Combined_TwoStage_MaxSharpe,2022-12-01,NEM,0.0
Combined_TwoStage_MaxSharpe,2022-12-01,NKE,0.0
Combined_TwoStage_MaxSharpe,2022-12-01,NUE,0.0
Combined_TwoStage_MaxSharpe,2022-12-01,NVDA,0.0
Combined_TwoStage_MaxSharpe,2022-12-01,O,0.0
Combined_TwoStage_MaxSharpe,2022-12-01,OXY,0.082541
Combined_TwoStage_MaxSharpe,2022-12-01,PLD,0.0
Combined_TwoStage_MaxSharpe,2022-12-01,PSA,0.0
Combined_TwoStage_MaxSharpe,2022-12-01,QCOM,0.0
Combined_TwoStage_MaxSharpe,2022-12-01,SBUX,0.0
Combined_TwoStage_MaxSharpe,2022-12-01,SHW,0.0
Combined_TwoStage_MaxSharpe,2022-12-01,SLB,0.0
Combined_TwoStage_MaxSharpe,2022-12-01,SO,0.0
Combined_TwoStage_MaxSharpe,2022-12-01,T,0.0
Combined_TwoStage_MaxSharpe,2022-12-01,TMUS,0.024672
Combined_TwoStage_MaxSharpe,2022-12-01,TTWO,0.0
Combined_TwoStage_MaxSharpe,2022-12-01,UPS,0.0
Combined_TwoStage_MaxSharpe,2022-12-01,USB,0.0
Combined_TwoStage_MaxSharpe,2022-12-01,V,0.0
Combined_TwoStage_MaxSharpe,2022-12-01,WFC,0.0
Combined_TwoStage_MaxSharpe,2022-12-01,WMT,0.0
Combined_TwoStage_MaxSharpe,2022-12-01,XOM,0.171433
Combined_TwoStage_MaxSharpe,2022-12-01,ADA-USD,0.0
Combined_TwoStage_MaxSharpe,2022-12-01,BCH-USD,0.0
Combined_TwoStage_MaxSharpe,2022-12-01,BTC-USD,0.0
Combined_TwoStage_MaxSharpe,2022-12-01,EOS-USD,0.0
Combined_TwoStage_MaxSharpe,2022-12-01,ETC-USD,0.0
Combined_TwoStage_MaxSharpe,2022-12-01,ETH-USD,0.0
Combined_TwoStage_MaxSharpe,2022-12-01,LTC-USD,0.0
Combined_TwoStage_MaxSharpe,2022-12-01,TRX-USD,0.0
Combined_TwoStage_MaxSharpe,2022-12-01,XLM-USD,0.0
Combined_TwoStage_MaxSharpe,2022-12-01,XRP-USD,0.0
Combined_TwoStage_MaxSharpe,2023-01-03,ABBV,0.0
Combined_TwoStage_MaxSharpe,2023-01-03,ABT,0.0
Combined_TwoStage_MaxSharpe,2023-01-03,ADBE,0.0
Combined_TwoStage_MaxSharpe,2023-01-03,AEP,0.0
Combined_TwoStage_MaxSharpe,2023-01-03,AMD,0.0
Combined_TwoStage_MaxSharpe,2023-01-03,AMGN,0.028315
Combined_TwoStage_MaxSharpe,2023-01-03,AMT,0.0
Combined_TwoStage_MaxSharpe,2023-01-03,BA,0.0
Combined_TwoStage_MaxSharpe,2023-01-03,CAT,0.0
Combined_TwoStage_MaxSharpe,2023-01-03,CCI,0.0
Combined_TwoStage_MaxSharpe,2023-01-03,CMCSA,0.0
Combined_TwoStage_MaxSharpe,2023-01-03,COP,0.0
Combined_TwoStage_MaxSharpe,2023-01-03,CVX,0.0
Combined_TwoStage_MaxSharpe,2023-01-03,D,0.0
Combined_TwoStage_MaxSharpe,2023-01-03,DD,0.0
Combined_TwoStage_MaxSharpe,2023-01-03,DIS,0.0
Combined_TwoStage_MaxSharpe,2023-01-03,DOW,0.0
Combined_TwoStage_MaxSharpe,2023-01-03,DUK,0.0
Combined_TwoStage_MaxSharpe,2023-01-03,EA,0.0
Combined_TwoStage_MaxSharpe,2023-01-03,GE,0.0
Combined_TwoStage_MaxSharpe,2023-01-03,GILD,0.0
Combined_TwoStage_MaxSharpe,2023-01-03,GS,0.0
Combined_TwoStage_MaxSharpe,2023-01-03,INTC,0.0
Combined_TwoStage_MaxSharpe,2023-01-03,KO,0.0
Combined_TwoStage_MaxSharpe,2023-01-03,MMM,0.0
Combined_TwoStage_MaxSharpe,2023-01-03,MRK,0.641644
Combined_TwoStage_MaxSharpe,2023-01-03,MS,0.0
Combined_TwoStage_MaxSharpe,2023-01-03,NEE,0.0
Combined_TwoStage_MaxSharpe,2023-01-03,NEM,0.0
Combined_TwoStage_MaxSharpe,2023-01-03,NKE,0.0
Combined_TwoStage_MaxSharpe,2023-01-03,NUE,0.0
Combined_TwoStage_MaxSharpe,2023-01-03,NVDA,0.0
Combined_TwoStage_MaxSharpe,2023-01-03,O,0.0
Combined_TwoStage_MaxSharpe,2023-01-03,OXY,0.085949
Combined_TwoStage_MaxSharpe,2023-01-03,PLD,0.0
Combined_TwoStage_MaxSharpe,2023-01-03,PSA,0.0
Combined_TwoStage_MaxSharpe,2023-01-03,QCOM,0.0
Combined_TwoStage_MaxSharpe,2023-01-03,SBUX,0.0
Combined_TwoStage_MaxSharpe,2023-01-03,SHW,0.0
Combined_TwoStage_MaxSharpe,2023-01-03,SLB,0.0
Combined_TwoStage_MaxSharpe,2023-01-03,SO,0.0
Combined_TwoStage_MaxSharpe,2023-01-03,T,0.0
Combined_TwoStage_MaxSharpe,2023-01-03,TMUS,0.0
Combined_TwoStage_MaxSharpe,2023-01-03,TTWO,0.0
Combined_TwoStage_MaxSharpe,2023-01-03,UPS,0.0
Combined_TwoStage_MaxSharpe,2023-01-03,USB,0.0
Combined_TwoStage_MaxSharpe,2023-01-03,V,0.0
Combined_TwoStage_MaxSharpe,2023-01-03,WFC,0.0
Combined_TwoStage_MaxSharpe,2023-01-03,WMT,0.0
Combined_TwoStage_MaxSharpe,2023-01-03,XOM,0.244092
Combined_TwoStage_MaxSharpe,2023-01-03,ADA-USD,0.0
Combined_TwoStage_MaxSharpe,2023-01-03,BCH-USD,0.0
Combined_TwoStage_MaxSharpe,2023-01-03,BTC-USD,0.0
Combined_TwoStage_MaxSharpe,2023-01-03,EOS-USD,0.0
Combined_TwoStage_MaxSharpe,2023-01-03,ETC-USD,0.0
Combined_TwoStage_MaxSharpe,2023-01-03,ETH-USD,0.0
Combined_TwoStage_MaxSharpe,2023-01-03,LTC-USD,0.0
Combined_TwoStage_MaxSharpe,2023-01-03,TRX-USD,0.0
Combined_TwoStage_MaxSharpe,2023-01-03,XLM-USD,0.0
Combined_TwoStage_MaxSharpe,2023-01-03,XRP-USD,0.0
Combined_TwoStage_MaxSharpe,2023-02-01,ABBV,0.0
Combined_TwoStage_MaxSharpe,2023-02-01,ABT,0.0
Combined_TwoStage_MaxSharpe,2023-02-01,ADBE,0.0
Combined_TwoStage_MaxSharpe,2023-02-01,AEP,0.0
Combined_TwoStage_MaxSharpe,2023-02-01,AMD,0.0
Combined_TwoStage_MaxSharpe,2023-02-01,AMGN,0.0
Combined_TwoStage_MaxSharpe,2023-02-01,AMT,0.0
Combined_TwoStage_MaxSharpe,2023-02-01,BA,0.0
Combined_TwoStage_MaxSharpe,2023-02-01,CAT,0.0
Combined_TwoStage_MaxSharpe,2023-02-01,CCI,0.0
Combined_TwoStage_MaxSharpe,2023-02-01,CMCSA,0.0
Combined_TwoStage_MaxSharpe,2023-02-01,COP,0.0
Combined_TwoStage_MaxSharpe,2023-02-01,CVX,0.0
Combined_TwoStage_MaxSharpe,2023-02-01,D,0.0
Combined_TwoStage_MaxSharpe,2023-02-01,DD,0.0
Combined_TwoStage_MaxSharpe,2023-02-01,DIS,0.0
Combined_TwoStage_MaxSharpe,2023-02-01,DOW,0.0
Combined_TwoStage_MaxSharpe,2023-02-01,DUK,0.0
Combined_TwoStage_MaxSharpe,2023-02-01,EA,0.0
Combined_TwoStage_MaxSharpe,2023-02-01,GE,0.0
Combined_TwoStage_MaxSharpe,2023-02-01,GILD,0.044725
Combined_TwoStage_MaxSharpe,2023-02-01,GS,0.0
Combined_TwoStage_MaxSharpe,2023-02-01,INTC,0.0
Combined_TwoStage_MaxSharpe,2023-02-01,KO,0.0
Combined_TwoStage_MaxSharpe,2023-02-01,MMM,0.0
Combined_TwoStage_MaxSharpe,2023-02-01,MRK,0.495796
Combined_TwoStage_MaxSharpe,2023-02-01,MS,0.0
Combined_TwoStage_MaxSharpe,2023-02-01,NEE,0.0
Combined_TwoStage_MaxSharpe,2023-02-01,NEM,0.0
Combined_TwoStage_MaxSharpe,2023-02-01,NKE,0.0
Combined_TwoStage_MaxSharpe,2023-02-01,NUE,0.113515
Combined_TwoStage_MaxSharpe,2023-02-01,NVDA,0.0
Combined_TwoStage_MaxSharpe,2023-02-01,O,0.0
Combined_TwoStage_MaxSharpe,2023-02-01,OXY,0.067179
Combined_TwoStage_MaxSharpe,2023-02-01,PLD,0.0
Combined_TwoStage_MaxSharpe,2023-02-01,PSA,0.0
Combined_TwoStage_MaxSharpe,2023-02-01,QCOM,0.0
Combined_TwoStage_MaxSharpe,2023-02-01,SBUX,0.0
Combined_TwoStage_MaxSharpe,2023-02-01,SHW,0.0
Combined_TwoStage_MaxSharpe,2023-02-01,SLB,0.0
Combined_TwoStage_MaxSharpe,2023-02-01,SO,0.0
Combined_TwoStage_MaxSharpe,2023-02-01,T,0.0
Combined_TwoStage_MaxSharpe,2023-02-01,TMUS,0.125459
Combined_TwoStage_MaxSharpe,2023-02-01,TTWO,0.0
Combined_TwoStage_MaxSharpe,2023-02-01,UPS,0.0
Combined_TwoStage_MaxSharpe,2023-02-01,USB,0.0
Combined_TwoStage_MaxSharpe,2023-02-01,V,0.0
Combined_TwoStage_MaxSharpe,2023-02-01,WFC,0.0
Combined_TwoStage_MaxSharpe,2023-02-01,WMT,0.0
Combined_TwoStage_MaxSharpe,2023-02-01,XOM,0.153326
Combined_TwoStage_MaxSharpe,2023-02-01,ADA-USD,0.0
Combined_TwoStage_MaxSharpe,2023-02-01,BCH-USD,0.0
Combined_TwoStage_MaxSharpe,2023-02-01,BTC-USD,0.0
Combined_TwoStage_MaxSharpe,2023-02-01,EOS-USD,0.0
Combined_TwoStage_MaxSharpe,2023-02-01,ETC-USD,0.0
Combined_TwoStage_MaxSharpe,2023-02-01,ETH-USD,0.0
Combined_TwoStage_MaxSharpe,2023-02-01,LTC-USD,0.0
Combined_TwoStage_MaxSharpe,2023-02-01,TRX-USD,0.0
Combined_TwoStage_MaxSharpe,2023-02-01,XLM-USD,0.0
Combined_TwoStage_MaxSharpe,2023-02-01,XRP-USD,0.0
Combined_TwoStage_MaxSharpe,2023-03-01,ABBV,0.0
Combined_TwoStage_MaxSharpe,2023-03-01,ABT,0.0
Combined_TwoStage_MaxSharpe,2023-03-01,ADBE,0.0
Combined_TwoStage_MaxSharpe,2023-03-01,AEP,0.0
Combined_TwoStage_MaxSharpe,2023-03-01,AMD,0.0
Combined_TwoStage_MaxSharpe,2023-03-01,AMGN,0.0
Combined_TwoStage_MaxSharpe,2023-03-01,AMT,0.0
Combined_TwoStage_MaxSharpe,2023-03-01,BA,0.0
Combined_TwoStage_MaxSharpe,2023-03-01,CAT,0.0
Combined_TwoStage_MaxSharpe,2023-03-01,CCI,0.0
Combined_TwoStage_MaxSharpe,2023-03-01,CMCSA,0.0
Combined_TwoStage_MaxSharpe,2023-03-01,COP,0.0
Combined_TwoStage_MaxSharpe,2023-03-01,CVX,0.0
Combined_TwoStage_MaxSharpe,2023-03-01,D,0.0
Combined_TwoStage_MaxSharpe,2023-03-01,DD,0.0
Combined_TwoStage_MaxSharpe,2023-03-01,DIS,0.0
Combined_TwoStage_MaxSharpe,2023-03-01,DOW,0.0
Combined_TwoStage_MaxSharpe,2023-03-01,DUK,0.0
Combined_TwoStage_MaxSharpe,2023-03-01,EA,0.0
Combined_TwoStage_MaxSharpe,2023-03-01,GE,0.0
Combined_TwoStage_MaxSharpe,2023-03-01,GILD,0.181213
Combined_TwoStage_MaxSharpe,2023-03-01,GS,0.0
Combined_TwoStage_MaxSharpe,2023-03-01,INTC,0.0
Combined_TwoStage_MaxSharpe,2023-03-01,KO,0.0
Combined_TwoStage_MaxSharpe,2023-03-01,MMM,0.0
Combined_TwoStage_MaxSharpe,2023-03-01,MRK,0.603651
Combined_TwoStage_MaxSharpe,2023-03-01,MS,0.0
Combined_TwoStage_MaxSharpe,2023-03-01,NEE,0.0
Combined_TwoStage_MaxSharpe,2023-03-01,NEM,0.0
Combined_TwoStage_MaxSharpe,2023-03-01,NKE,0.0
Combined_TwoStage_MaxSharpe,2023-03-01,NUE,0.023626
Combined_TwoStage_MaxSharpe,2023-03-01,NVDA,0.0
Combined_TwoStage_MaxSharpe,2023-03-01,O,0.0
Combined_TwoStage_MaxSharpe,2023-03-01,OXY,0.045606
Combined_TwoStage_MaxSharpe,2023-03-01,PLD,0.0
Combined_TwoStage_MaxSharpe,2023-03-01,PSA,0.0
Combined_TwoStage_MaxSharpe,2023-03-01,QCOM,0.0
Combined_TwoStage_MaxSharpe,2023-03-01,SBUX,0.0
Combined_TwoStage_MaxSharpe,2023-03-01,SHW,0.0
Combined_TwoStage_MaxSharpe,2023-03-01,SLB,0.0
Combined_TwoStage_MaxSharpe,2023-03-01,SO,0.0
Combined_TwoStage_MaxSharpe,2023-03-01,T,0.0
Combined_TwoStage_MaxSharpe,2023-03-01,TMUS,0.0
Combined_TwoStage_MaxSharpe,2023-03-01,TTWO,0.0
Combined_TwoStage_MaxSharpe,2023-03-01,UPS,0.0
Combined_TwoStage_MaxSharpe,2023-03-01,USB,0.0
Combined_TwoStage_MaxSharpe,2023-03-01,V,0.0
Combined_TwoStage_MaxSharpe,2023-03-01,WFC,0.0
Combined_TwoStage_MaxSharpe,2023-03-01,WMT,0.0
Combined_TwoStage_MaxSharpe,2023-03-01,XOM,0.145904
Combined_TwoStage_MaxSharpe,2023-03-01,ADA-USD,0.0
Combined_TwoStage_MaxSharpe,2023-03-01,BCH-USD,0.0
Combined_TwoStage_MaxSharpe,2023-03-01,BTC-USD,0.0
Combined_TwoStage_MaxSharpe,2023-03-01,EOS-USD,0.0
Combined_TwoStage_MaxSharpe,2023-03-01,ETC-USD,0.0
Combined_TwoStage_MaxSharpe,2023-03-01,ETH-USD,0.0
Combined_TwoStage_MaxSharpe,2023-03-01,LTC-USD,0.0
Combined_TwoStage_MaxSharpe,2023-03-01,TRX-USD,0.0
Combined_TwoStage_MaxSharpe,2023-03-01,XLM-USD,0.0
Combined_TwoStage_MaxSharpe,2023-03-01,XRP-USD,0.0
Combined_TwoStage_MaxSharpe,2023-04-03,ABBV,0.0
Combined_TwoStage_MaxSharpe,2023-04-03,ABT,0.0
Combined_TwoStage_MaxSharpe,2023-04-03,ADBE,0.0
Combined_TwoStage_MaxSharpe,2023-04-03,AEP,0.0
Combined_TwoStage_MaxSharpe,2023-04-03,AMD,0.0
Combined_TwoStage_MaxSharpe,2023-04-03,AMGN,0.0
Combined_TwoStage_MaxSharpe,2023-04-03,AMT,0.0
Combined_TwoStage_MaxSharpe,2023-04-03,BA,0.0
Combined_TwoStage_MaxSharpe,2023-04-03,CAT,0.0
Combined_TwoStage_MaxSharpe,2023-04-03,CCI,0.0
Combined_TwoStage_MaxSharpe,2023-04-03,CMCSA,0.0
Combined_TwoStage_MaxSharpe,2023-04-03,COP,0.0
Combined_TwoStage_MaxSharpe,2023-04-03,CVX,0.0
Combined_TwoStage_MaxSharpe,2023-04-03,D,0.0
Combined_TwoStage_MaxSharpe,2023-04-03,DD,0.0
Combined_TwoStage_MaxSharpe,2023-04-03,DIS,0.0
Combined_TwoStage_MaxSharpe,2023-04-03,DOW,0.0
Combined_TwoStage_MaxSharpe,2023-04-03,DUK,0.0
Combined_TwoStage_MaxSharpe,2023-04-03,EA,0.0
Combined_TwoStage_MaxSharpe,2023-04-03,GE,0.070071
Combined_TwoStage_MaxSharpe,2023-04-03,GILD,0.366167
Combined_TwoStage_MaxSharpe,2023-04-03,GS,0.0
Combined_TwoStage_MaxSharpe,2023-04-03,INTC,0.0
Combined_TwoStage_MaxSharpe,2023-04-03,KO,0.0
Combined_TwoStage_MaxSharpe,2023-04-03,MMM,0.0
Combined_TwoStage_MaxSharpe,2023-04-03,MRK,0.4028
Combined_TwoStage_MaxSharpe,2023-04-03,MS,0.0
Combined_TwoStage_MaxSharpe,2023-04-03,NEE,0.0
Combined_TwoStage_MaxSharpe,2023-04-03,NEM,0.0
Combined_TwoStage_MaxSharpe,2023-04-03,NKE,0.0
Combined_TwoStage_MaxSharpe,2023-04-03,NUE,0.0
Combined_TwoStage_MaxSharpe,2023-04-03,NVDA,0.0
Combined_TwoStage_MaxSharpe,2023-04-03,O,0.0
Combined_TwoStage_MaxSharpe,2023-04-03,OXY,0.0
Combined_TwoStage_MaxSharpe,2023-04-03,PLD,0.0
Combined_TwoStage_MaxSharpe,2023-04-03,PSA,0.0
Combined_TwoStage_MaxSharpe,2023-04-03,QCOM,0.0
Combined_TwoStage_MaxSharpe,2023-04-03,SBUX,0.0
Combined_TwoStage_MaxSharpe,2023-04-03,SHW,0.0
Combined_TwoStage_MaxSharpe,2023-04-03,SLB,0.0
Combined_TwoStage_MaxSharpe,2023-04-03,SO,0.0
Combined_TwoStage_MaxSharpe,2023-04-03,T,0.0
Combined_TwoStage_MaxSharpe,2023-04-03,TMUS,0.0
Combined_TwoStage_MaxSharpe,2023-04-03,TTWO,0.0
Combined_TwoStage_MaxSharpe,2023-04-03,UPS,0.0
Combined_TwoStage_MaxSharpe,2023-04-03,USB,0.0
Combined_TwoStage_MaxSharpe,2023-04-03,V,0.0
Combined_TwoStage_MaxSharpe,2023-04-03,WFC,0.0
Combined_TwoStage_MaxSharpe,2023-04-03,WMT,0.0
Combined_TwoStage_MaxSharpe,2023-04-03,XOM,0.160963
Combined_TwoStage_MaxSharpe,2023-04-03,ADA-USD,0.0
Combined_TwoStage_MaxSharpe,2023-04-03,BCH-USD,0.0
Combined_TwoStage_MaxSharpe,2023-04-03,BTC-USD,0.0
Combined_TwoStage_MaxSharpe,2023-04-03,EOS-USD,0.0
Combined_TwoStage_MaxSharpe,2023-04-03,ETC-USD,0.0
Combined_TwoStage_MaxSharpe,2023-04-03,ETH-USD,0.0
Combined_TwoStage_MaxSharpe,2023-04-03,LTC-USD,0.0
Combined_TwoStage_MaxSharpe,2023-04-03,TRX-USD,0.0
Combined_TwoStage_MaxSharpe,2023-04-03,XLM-USD,0.0
Combined_TwoStage_MaxSharpe,2023-04-03,XRP-USD,0.0
Combined_TwoStage_MaxSharpe,2023-05-01,ABBV,0.0
Combined_TwoStage_MaxSharpe,2023-05-01,ABT,0.0
Combined_TwoStage_MaxSharpe,2023-05-01,ADBE,0.0
Combined_TwoStage_MaxSharpe,2023-05-01,AEP,0.0
Combined_TwoStage_MaxSharpe,2023-05-01,AMD,0.0
Combined_TwoStage_MaxSharpe,2023-05-01,AMGN,0.0
Combined_TwoStage_MaxSharpe,2023-05-01,AMT,0.0
Combined_TwoStage_MaxSharpe,2023-05-01,BA,0.0
Combined_TwoStage_MaxSharpe,2023-05-01,CAT,0.0
Combined_TwoStage_MaxSharpe,2023-05-01,CCI,0.0
Combined_TwoStage_MaxSharpe,2023-05-01,CMCSA,0.0
Combined_TwoStage_MaxSharpe,2023-05-01,COP,0.0
Combined_TwoStage_MaxSharpe,2023-05-01,CVX,0.0
Combined_TwoStage_MaxSharpe,2023-05-01,D,0.0
Combined_TwoStage_MaxSharpe,2023-05-01,DD,0.0
Combined_TwoStage_MaxSharpe,2023-05-01,DIS,0.0
Combined_TwoStage_MaxSharpe,2023-05-01,DOW,0.0
Combined_TwoStage_MaxSharpe,2023-05-01,DUK,0.0
Combined_TwoStage_MaxSharpe,2023-05-01,EA,0.0
Combined_TwoStage_MaxSharpe,2023-05-01,GE,0.241998
Combined_TwoStage_MaxSharpe,2023-05-01,GILD,0.079103
Combined_TwoStage_MaxSharpe,2023-05-01,GS,0.0
Combined_TwoStage_MaxSharpe,2023-05-01,INTC,0.0
Combined_TwoStage_MaxSharpe,2023-05-01,KO,0.0
Combined_TwoStage_MaxSharpe,2023-05-01,MMM,0.0
Combined_TwoStage_MaxSharpe,2023-05-01,MRK,0.471207
Combined_TwoStage_MaxSharpe,2023-05-01,MS,0.0
Combined_TwoStage_MaxSharpe,2023-05-01,NEE,0.0
Combined_TwoStage_MaxSharpe,2023-05-01,NEM,0.0
Combined_TwoStage_MaxSharpe,2023-05-01,NKE,0.0
Combined_TwoStage_MaxSharpe,2023-05-01,NUE,0.0
Combined_TwoStage_MaxSharpe,2023-05-01,NVDA,0.0
Combined_TwoStage_MaxSharpe,2023-05-01,O,0.0
Combined_TwoStage_MaxSharpe,2023-05-01,OXY,0.0
Combined_TwoStage_MaxSharpe,2023-05-01,PLD,0.0
Combined_TwoStage_MaxSharpe,2023-05-01,PSA,0.0
Combined_TwoStage_MaxSharpe,2023-05-01,QCOM,0.0
Combined_TwoStage_MaxSharpe,2023-05-01,SBUX,0.14104
Combined_TwoStage_MaxSharpe,2023-05-01,SHW,0.0
Combined_TwoStage_MaxSharpe,2023-05-01,SLB,0.0
Combined_TwoStage_MaxSharpe,2023-05-01,SO,0.0
Combined_TwoStage_MaxSharpe,2023-05-01,T,0.0
Combined_TwoStage_MaxSharpe,2023-05-01,TMUS,0.0
Combined_TwoStage_MaxSharpe,2023-05-01,TTWO,0.0
Combined_TwoStage_MaxSharpe,2023-05-01,UPS,0.0
Combined_TwoStage_MaxSharpe,2023-05-01,USB,0.0
Combined_TwoStage_MaxSharpe,2023-05-01,V,0.0
Combined_TwoStage_MaxSharpe,2023-05-01,WFC,0.0
Combined_TwoStage_MaxSharpe,2023-05-01,WMT,0.0
Combined_TwoStage_MaxSharpe,2023-05-01,XOM,0.066652
Combined_TwoStage_MaxSharpe,2023-05-01,ADA-USD,0.0
Combined_TwoStage_MaxSharpe,2023-05-01,BCH-USD,0.0
Combined_TwoStage_MaxSharpe,2023-05-01,BTC-USD,0.0
Combined_TwoStage_MaxSharpe,2023-05-01,EOS-USD,0.0
Combined_TwoStage_MaxSharpe,2023-05-01,ETC-USD,0.0
Combined_TwoStage_MaxSharpe,2023-05-01,ETH-USD,0.0
Combined_TwoStage_MaxSharpe,2023-05-01,LTC-USD,0.0
Combined_TwoStage_MaxSharpe,2023-05-01,TRX-USD,0.0
Combined_TwoStage_MaxSharpe,2023-05-01,XLM-USD,0.0
Combined_TwoStage_MaxSharpe,2023-05-01,XRP-USD,0.0
Combined_TwoStage_MaxSharpe,2023-06-01,ABBV,0.0
Combined_TwoStage_MaxSharpe,2023-06-01,ABT,0.0
Combined_TwoStage_MaxSharpe,2023-06-01,ADBE,0.0
Combined_TwoStage_MaxSharpe,2023-06-01,AEP,0.0
Combined_TwoStage_MaxSharpe,2023-06-01,AMD,0.0
Combined_TwoStage_MaxSharpe,2023-06-01,AMGN,0.0
Combined_TwoStage_MaxSharpe,2023-06-01,AMT,0.0
Combined_TwoStage_MaxSharpe,2023-06-01,BA,0.040622
Combined_TwoStage_MaxSharpe,2023-06-01,CAT,0.0
Combined_TwoStage_MaxSharpe,2023-06-01,CCI,0.0
Combined_TwoStage_MaxSharpe,2023-06-01,CMCSA,0.0
Combined_TwoStage_MaxSharpe,2023-06-01,COP,0.0
Combined_TwoStage_MaxSharpe,2023-06-01,CVX,0.0
Combined_TwoStage_MaxSharpe,2023-06-01,D,0.0
Combined_TwoStage_MaxSharpe,2023-06-01,DD,0.0
Combined_TwoStage_MaxSharpe,2023-06-01,DIS,0.0
Combined_TwoStage_MaxSharpe,2023-06-01,DOW,0.0
Combined_TwoStage_MaxSharpe,2023-06-01,DUK,0.0
Combined_TwoStage_MaxSharpe,2023-06-01,EA,0.0
Combined_TwoStage_MaxSharpe,2023-06-01,GE,0.352001
Combined_TwoStage_MaxSharpe,2023-06-01,GILD,0.011148
Combined_TwoStage_MaxSharpe,2023-06-01,GS,0.0
Combined_TwoStage_MaxSharpe,2023-06-01,INTC,0.0
Combined_TwoStage_MaxSharpe,2023-06-01,KO,0.0
Combined_TwoStage_MaxSharpe,2023-06-01,MMM,0.0
Combined_TwoStage_MaxSharpe,2023-06-01,MRK,0.377211
Combined_TwoStage_MaxSharpe,2023-06-01,MS,0.0
Combined_TwoStage_MaxSharpe,2023-06-01,NEE,0.0
Combined_TwoStage_MaxSharpe,2023-06-01,NEM,0.0
Combined_TwoStage_MaxSharpe,2023-06-01,NKE,0.0
Combined_TwoStage_MaxSharpe,2023-06-01,NUE,0.0
Combined_TwoStage_MaxSharpe,2023-06-01,NVDA,0.123595
Combined_TwoStage_MaxSharpe,2023-06-01,O,0.0
Combined_TwoStage_MaxSharpe,2023-06-01,OXY,0.0
Combined_TwoStage_MaxSharpe,2023-06-01,PLD,0.0
Combined_TwoStage_MaxSharpe,2023-06-01,PSA,0.0
Combined_TwoStage_MaxSharpe,2023-06-01,QCOM,0.0
Combined_TwoStage_MaxSharpe,2023-06-01,SBUX,0.0
Combined_TwoStage_MaxSharpe,2023-06-01,SHW,0.0
Combined_TwoStage_MaxSharpe,2023-06-01,SLB,0.0
Combined_TwoStage_MaxSharpe,2023-06-01,SO,0.0
Combined_TwoStage_MaxSharpe,2023-06-01,T,0.0
Combined_TwoStage_MaxSharpe,2023-06-01,TMUS,0.0
Combined_TwoStage_MaxSharpe,2023-06-01,TTWO,0.0
Combined_TwoStage_MaxSharpe,2023-06-01,UPS,0.0
Combined_TwoStage_MaxSharpe,2023-06-01,USB,0.0
Combined_TwoStage_MaxSharpe,2023-06-01,V,0.0
Combined_TwoStage_MaxSharpe,2023-06-01,WFC,0.0
Combined_TwoStage_MaxSharpe,2023-06-01,WMT,0.0
Combined_TwoStage_MaxSharpe,2023-06-01,XOM,0.0
Combined_TwoStage_MaxSharpe,2023-06-01,ADA-USD,0.0
Combined_TwoStage_MaxSharpe,2023-06-01,BCH-USD,0.0
Combined_TwoStage_MaxSharpe,2023-06-01,BTC-USD,0.0
Combined_TwoStage_MaxSharpe,2023-06-01,EOS-USD,0.0
Combined_TwoStage_MaxSharpe,2023-06-01,ETC-USD,0.0
Combined_TwoStage_MaxSharpe,2023-06-01,ETH-USD,0.0
Combined_TwoStage_MaxSharpe,2023-06-01,LTC-USD,0.0
Combined_TwoStage_MaxSharpe,2023-06-01,TRX-USD,0.0
Combined_TwoStage_MaxSharpe,2023-06-01,XLM-USD,0.0
Combined_TwoStage_MaxSharpe,2023-06-01,XRP-USD,0.095423
Combined_TwoStage_MaxSharpe,2023-07-03,ABBV,0.0
Combined_TwoStage_MaxSharpe,2023-07-03,ABT,0.0
Combined_TwoStage_MaxSharpe,2023-07-03,ADBE,0.0
Combined_TwoStage_MaxSharpe,2023-07-03,AEP,0.0
Combined_TwoStage_MaxSharpe,2023-07-03,AMD,0.0
Combined_TwoStage_MaxSharpe,2023-07-03,AMGN,0.0
Combined_TwoStage_MaxSharpe,2023-07-03,AMT,0.0
Combined_TwoStage_MaxSharpe,2023-07-03,BA,0.0
Combined_TwoStage_MaxSharpe,2023-07-03,CAT,0.0
Combined_TwoStage_MaxSharpe,2023-07-03,CCI,0.0
Combined_TwoStage_MaxSharpe,2023-07-03,CMCSA,0.0
Combined_TwoStage_MaxSharpe,2023-07-03,COP,0.0
Combined_TwoStage_MaxSharpe,2023-07-03,CVX,0.0
Combined_TwoStage_MaxSharpe,2023-07-03,D,0.0
Combined_TwoStage_MaxSharpe,2023-07-03,DD,0.0
Combined_TwoStage_MaxSharpe,2023-07-03,DIS,0.0
Combined_TwoStage_MaxSharpe,2023-07-03,DOW,0.0
Combined_TwoStage_MaxSharpe,2023-07-03,DUK,0.0
Combined_TwoStage_MaxSharpe,2023-07-03,EA,0.0
Combined_TwoStage_MaxSharpe,2023-07-03,GE,0.448895
Combined_TwoStage_MaxSharpe,2023-07-03,GILD,0.0
Combined_TwoStage_MaxSharpe,2023-07-03,GS,0.0
Combined_TwoStage_MaxSharpe,2023-07-03,INTC,0.0
Combined_TwoStage_MaxSharpe,2023-07-03,KO,0.0
Combined_TwoStage_MaxSharpe,2023-07-03,MMM,0.0
Combined_TwoStage_MaxSharpe,2023-07-03,MRK,0.293273
Combined_TwoStage_MaxSharpe,2023-07-03,MS,0.0
Combined_TwoStage_MaxSharpe,2023-07-03,NEE,0.0
Combined_TwoStage_MaxSharpe,2023-07-03,NEM,0.0
Combined_TwoStage_MaxSharpe,2023-07-03,NKE,0.0
Combined_TwoStage_MaxSharpe,2023-07-03,NUE,0.0
Combined_TwoStage_MaxSharpe,2023-07-03,NVDA,0.101679
Combined_TwoStage_MaxSharpe,2023-07-03,O,0.0
Combined_TwoStage_MaxSharpe,2023-07-03,OXY,0.0
Combined_TwoStage_MaxSharpe,2023-07-03,PLD,0.0
Combined_TwoStage_MaxSharpe,2023-07-03,PSA,0.0
Combined_TwoStage_MaxSharpe,2023-07-03,QCOM,0.0
Combined_TwoStage_MaxSharpe,2023-07-03,SBUX,0.0
Combined_TwoStage_MaxSharpe,2023-07-03,SHW,0.0
Combined_TwoStage_MaxSharpe,2023-07-03,SLB,0.0
Combined_TwoStage_MaxSharpe,2023-07-03,SO,0.0
Combined_TwoStage_MaxSharpe,2023-07-03,T,0.0
Combined_TwoStage_MaxSharpe,2023-07-03,TMUS,0.0
Combined_TwoStage_MaxSharpe,2023-07-03,TTWO,0.0
Combined_TwoStage_MaxSharpe,2023-07-03,UPS,0.0
Combined_TwoStage_MaxSharpe,2023-07-03,USB,0.0
Combined_TwoStage_MaxSharpe,2023-07-03,V,0.0
Combined_TwoStage_MaxSharpe,2023-07-03,WFC,0.0
Combined_TwoStage_MaxSharpe,2023-07-03,WMT,0.076211
Combined_TwoStage_MaxSharpe,2023-07-03,XOM,0.0
Combined_TwoStage_MaxSharpe,2023-07-03,ADA-USD,0.0
Combined_TwoStage_MaxSharpe,2023-07-03,BCH-USD,0.045554
Combined_TwoStage_MaxSharpe,2023-07-03,BTC-USD,0.0
Combined_TwoStage_MaxSharpe,2023-07-03,EOS-USD,0.0
Combined_TwoStage_MaxSharpe,2023-07-03,ETC-USD,0.0
Combined_TwoStage_MaxSharpe,2023-07-03,ETH-USD,0.0
Combined_TwoStage_MaxSharpe,2023-07-03,LTC-USD,0.0
Combined_TwoStage_MaxSharpe,2023-07-03,TRX-USD,0.0
Combined_TwoStage_MaxSharpe,2023-07-03,XLM-USD,0.0
Combined_TwoStage_MaxSharpe,2023-07-03,XRP-USD,0.034389
Combined_TwoStage_MaxSharpe,2023-08-01,ABBV,0.0
Combined_TwoStage_MaxSharpe,2023-08-01,ABT,0.0
Combined_TwoStage_MaxSharpe,2023-08-01,ADBE,0.0
Combined_TwoStage_MaxSharpe,2023-08-01,AEP,0.0
Combined_TwoStage_MaxSharpe,2023-08-01,AMD,0.0
Combined_TwoStage_MaxSharpe,2023-08-01,AMGN,0.0
Combined_TwoStage_MaxSharpe,2023-08-01,AMT,0.0
Combined_TwoStage_MaxSharpe,2023-08-01,BA,0.0
Combined_TwoStage_MaxSharpe,2023-08-01,CAT,0.0
Combined_TwoStage_MaxSharpe,2023-08-01,CCI,0.0
Combined_TwoStage_MaxSharpe,2023-08-01,CMCSA,0.0
Combined_TwoStage_MaxSharpe,2023-08-01,COP,0.0
Combined_TwoStage_MaxSharpe,2023-08-01,CVX,0.0
Combined_TwoStage_MaxSharpe,2023-08-01,D,0.0
Combined_TwoStage_MaxSharpe,2023-08-01,DD,0.0
Combined_TwoStage_MaxSharpe,2023-08-01,DIS,0.0
Combined_TwoStage_MaxSharpe,2023-08-01,DOW,0.0
Combined_TwoStage_MaxSharpe,2023-08-01,DUK,0.0
Combined_TwoStage_MaxSharpe,2023-08-01,EA,0.0
Combined_TwoStage_MaxSharpe,2023-08-01,GE,0.426743
Combined_TwoStage_MaxSharpe,2023-08-01,GILD,0.042186
Combined_TwoStage_MaxSharpe,2023-08-01,GS,0.0
Combined_TwoStage_MaxSharpe,2023-08-01,INTC,0.0
Combined_TwoStage_MaxSharpe,2023-08-01,KO,0.0
Combined_TwoStage_MaxSharpe,2023-08-01,MMM,0.0
Combined_TwoStage_MaxSharpe,2023-08-01,MRK,0.241305
Combined_TwoStage_MaxSharpe,2023-08-01,MS,0.0
Combined_TwoStage_MaxSharpe,2023-08-01,NEE,0.0
Combined_TwoStage_MaxSharpe,2023-08-01,NEM,0.0
Combined_TwoStage_MaxSharpe,2023-08-01,NKE,0.0
Combined_TwoStage_MaxSharpe,2023-08-01,NUE,0.0
Combined_TwoStage_MaxSharpe,2023-08-01,NVDA,0.130741
Combined_TwoStage_MaxSharpe,2023-08-01,O,0.0
Combined_TwoStage_MaxSharpe,2023-08-01,OXY,0.0
Combined_TwoStage_MaxSharpe,2023-08-01,PLD,0.0
Combined_TwoStage_MaxSharpe,2023-08-01,PSA,0.0
Combined_TwoStage_MaxSharpe,2023-08-01,QCOM,0.0
Combined_TwoStage_MaxSharpe,2023-08-01,SBUX,0.0
Combined_TwoStage_MaxSharpe,2023-08-01,SHW,0.0
Combined_TwoStage_MaxSharpe,2023-08-01,SLB,0.06274
Combined_TwoStage_MaxSharpe,2023-08-01,SO,0.0
Combined_TwoStage_MaxSharpe,2023-08-01,T,0.0
Combined_TwoStage_MaxSharpe,2023-08-01,TMUS,0.0
Combined_TwoStage_MaxSharpe,2023-08-01,TTWO,0.0
Combined_TwoStage_MaxSharpe,2023-08-01,UPS,0.0
Combined_TwoStage_MaxSharpe,2023-08-01,USB,0.0
Combined_TwoStage_MaxSharpe,2023-08-01,V,0.0
Combined_TwoStage_MaxSharpe,2023-08-01,WFC,0.0
Combined_TwoStage_MaxSharpe,2023-08-01,WMT,0.002232
Combined_TwoStage_MaxSharpe,2023-08-01,XOM,0.0
Combined_TwoStage_MaxSharpe,2023-08-01,ADA-USD,0.0
Combined_TwoStage_MaxSharpe,2023-08-01,BCH-USD,0.047856
Combined_TwoStage_MaxSharpe,2023-08-01,BTC-USD,0.0
Combined_TwoStage_MaxSharpe,2023-08-01,EOS-USD,0.0
Combined_TwoStage_MaxSharpe,2023-08-01,ETC-USD,0.0
Combined_TwoStage_MaxSharpe,2023-08-01,ETH-USD,0.0
Combined_TwoStage_MaxSharpe,2023-08-01,LTC-USD,0.0
Combined_TwoStage_MaxSharpe,2023-08-01,TRX-USD,0.0
Combined_TwoStage_MaxSharpe,2023-08-01,XLM-USD,0.0
Combined_TwoStage_MaxSharpe,2023-08-01,XRP-USD,0.046197
Combined_TwoStage_MaxSharpe,2023-09-01,ABBV,0.0
Combined_TwoStage_MaxSharpe,2023-09-01,ABT,0.0
Combined_TwoStage_MaxSharpe,2023-09-01,ADBE,0.0
Combined_TwoStage_MaxSharpe,2023-09-01,AEP,0.0
Combined_TwoStage_MaxSharpe,2023-09-01,AMD,0.0
Combined_TwoStage_MaxSharpe,2023-09-01,AMGN,0.0
Combined_TwoStage_MaxSharpe,2023-09-01,AMT,0.0
Combined_TwoStage_MaxSharpe,2023-09-01,BA,0.0
Combined_TwoStage_MaxSharpe,2023-09-01,CAT,0.0
Combined_TwoStage_MaxSharpe,2023-09-01,CCI,0.0
Combined_TwoStage_MaxSharpe,2023-09-01,CMCSA,0.0
Combined_TwoStage_MaxSharpe,2023-09-01,COP,0.0
Combined_TwoStage_MaxSharpe,2023-09-01,CVX,0.0
Combined_TwoStage_MaxSharpe,2023-09-01,D,0.0
Combined_TwoStage_MaxSharpe,2023-09-01,DD,0.0
Combined_TwoStage_MaxSharpe,2023-09-01,DIS,0.0
Combined_TwoStage_MaxSharpe,2023-09-01,DOW,0.0
Combined_TwoStage_MaxSharpe,2023-09-01,DUK,0.0
Combined_TwoStage_MaxSharpe,2023-09-01,EA,0.0
Combined_TwoStage_MaxSharpe,2023-09-01,GE,0.373103
Combined_TwoStage_MaxSharpe,2023-09-01,GILD,0.0
Combined_TwoStage_MaxSharpe,2023-09-01,GS,0.0
Combined_TwoStage_MaxSharpe,2023-09-01,INTC,0.0
Combined_TwoStage_MaxSharpe,2023-09-01,KO,0.0
Combined_TwoStage_MaxSharpe,2023-09-01,MMM,0.0
Combined_TwoStage_MaxSharpe,2023-09-01,MRK,0.32369
Combined_TwoStage_MaxSharpe,2023-09-01,MS,0.0
Combined_TwoStage_MaxSharpe,2023-09-01,NEE,0.0
Combined_TwoStage_MaxSharpe,2023-09-01,NEM,0.0
Combined_TwoStage_MaxSharpe,2023-09-01,NKE,0.0
Combined_TwoStage_MaxSharpe,2023-09-01,NUE,0.0
Combined_TwoStage_MaxSharpe,2023-09-01,NVDA,0.179618
Combined_TwoStage_MaxSharpe,2023-09-01,O,0.0
Combined_TwoStage_MaxSharpe,2023-09-01,OXY,0.0
Combined_TwoStage_MaxSharpe,2023-09-01,PLD,0.0
Combined_TwoStage_MaxSharpe,2023-09-01,PSA,0.0
Combined_TwoStage_MaxSharpe,2023-09-01,QCOM,0.0
Combined_TwoStage_MaxSharpe,2023-09-01,SBUX,0.0
Combined_TwoStage_MaxSharpe,2023-09-01,SHW,0.0
Combined_TwoStage_MaxSharpe,2023-09-01,SLB,0.022735
Combined_TwoStage_MaxSharpe,2023-09-01,SO,0.0
Combined_TwoStage_MaxSharpe,2023-09-01,T,0.0
Combined_TwoStage_MaxSharpe,2023-09-01,TMUS,0.0
Combined_TwoStage_MaxSharpe,2023-09-01,TTWO,0.0
Combined_TwoStage_MaxSharpe,2023-09-01,UPS,0.0
Combined_TwoStage_MaxSharpe,2023-09-01,USB,0.0
Combined_TwoStage_MaxSharpe,2023-09-01,V,0.0
Combined_TwoStage_MaxSharpe,2023-09-01,WFC,0.0
Combined_TwoStage_MaxSharpe,2023-09-01,WMT,0.035381
Combined_TwoStage_MaxSharpe,2023-09-01,XOM,0.0
Combined_TwoStage_MaxSharpe,2023-09-01,ADA-USD,0.0
Combined_TwoStage_MaxSharpe,2023-09-01,BCH-USD,0.038364
Combined_TwoStage_MaxSharpe,2023-09-01,BTC-USD,0.0
Combined_TwoStage_MaxSharpe,2023-09-01,EOS-USD,0.0
Combined_TwoStage_MaxSharpe,2023-09-01,ETC-USD,0.0
Combined_TwoStage_MaxSharpe,2023-09-01,ETH-USD,0.0
Combined_TwoStage_MaxSharpe,2023-09-01,LTC-USD,0.0
Combined_TwoStage_MaxSharpe,2023-09-01,TRX-USD,0.0
Combined_TwoStage_MaxSharpe,2023-09-01,XLM-USD,0.0
Combined_TwoStage_MaxSharpe,2023-09-01,XRP-USD,0.02711
Combined_TwoStage_MaxSharpe,2023-10-02,ABBV,0.0
Combined_TwoStage_MaxSharpe,2023-10-02,ABT,0.0
Combined_TwoStage_MaxSharpe,2023-10-02,ADBE,0.0
Combined_TwoStage_MaxSharpe,2023-10-02,AEP,0.0
Combined_TwoStage_MaxSharpe,2023-10-02,AMD,0.0
Combined_TwoStage_MaxSharpe,2023-10-02,AMGN,0.084381
Combined_TwoStage_MaxSharpe,2023-10-02,AMT,0.0
Combined_TwoStage_MaxSharpe,2023-10-02,BA,0.0
Combined_TwoStage_MaxSharpe,2023-10-02,CAT,0.016845
Combined_TwoStage_MaxSharpe,2023-10-02,CCI,0.0
Combined_TwoStage_MaxSharpe,2023-10-02,CMCSA,0.0
Combined_TwoStage_MaxSharpe,2023-10-02,COP,0.0
Combined_TwoStage_MaxSharpe,2023-10-02,CVX,0.0
Combined_TwoStage_MaxSharpe,2023-10-02,D,0.0
Combined_TwoStage_MaxSharpe,2023-10-02,DD,0.0
Combined_TwoStage_MaxSharpe,2023-10-02,DIS,0.0
Combined_TwoStage_MaxSharpe,2023-10-02,DOW,0.0
Combined_TwoStage_MaxSharpe,2023-10-02,DUK,0.0
Combined_TwoStage_MaxSharpe,2023-10-02,EA,0.0
Combined_TwoStage_MaxSharpe,2023-10-02,GE,0.464555
Combined_TwoStage_MaxSharpe,2023-10-02,GILD,0.0
Combined_TwoStage_MaxSharpe,2023-10-02,GS,0.0
Combined_TwoStage_MaxSharpe,2023-10-02,INTC,0.0
Combined_TwoStage_MaxSharpe,2023-10-02,KO,0.0
Combined_TwoStage_MaxSharpe,2023-10-02,MMM,0.0
Combined_TwoStage_MaxSharpe,2023-10-02,MRK,0.17299
Combined_TwoStage_MaxSharpe,2023-10-02,MS,0.0
Combined_TwoStage_MaxSharpe,2023-10-02,NEE,0.0
Combined_TwoStage_MaxSharpe,2023-10-02,NEM,0.0
Combined_TwoStage_MaxSharpe,2023-10-02,NKE,0.0
Combined_TwoStage_MaxSharpe,2023-10-02,NUE,0.0
Combined_TwoStage_MaxSharpe,2023-10-02,NVDA,0.162739
Combined_TwoStage_MaxSharpe,2023-10-02,O,0.0
Combined_TwoStage_MaxSharpe,2023-10-02,OXY,0.0
Combined_TwoStage_MaxSharpe,2023-10-02,PLD,0.0
Combined_TwoStage_MaxSharpe,2023-10-02,PSA,0.0
Combined_TwoStage_MaxSharpe,2023-10-02,QCOM,0.0
Combined_TwoStage_MaxSharpe,2023-10-02,SBUX,0.0
Combined_TwoStage_MaxSharpe,2023-10-02,SHW,0.0
Combined_TwoStage_MaxSharpe,2023-10-02,SLB,0.038852
Combined_TwoStage_MaxSharpe,2023-10-02,SO,0.0
Combined_TwoStage_MaxSharpe,2023-10-02,T,0.0
Combined_TwoStage_MaxSharpe,2023-10-02,TMUS,0.0
Combined_TwoStage_MaxSharpe,2023-10-02,TTWO,0.0
Combined_TwoStage_MaxSharpe,2023-10-02,UPS,0.0
Combined_TwoStage_MaxSharpe,2023-10-02,USB,0.0
Combined_TwoStage_MaxSharpe,2023-10-02,V,0.0
Combined_TwoStage_MaxSharpe,2023-10-02,WFC,0.0
Combined_TwoStage_MaxSharpe,2023-10-02,WMT,0.0
Combined_TwoStage_MaxSharpe,2023-10-02,XOM,0.0
Combined_TwoStage_MaxSharpe,2023-10-02,ADA-USD,0.0
Combined_TwoStage_MaxSharpe,2023-10-02,BCH-USD,0.043887
Combined_TwoStage_MaxSharpe,2023-10-02,BTC-USD,0.0
Combined_TwoStage_MaxSharpe,2023-10-02,EOS-USD,0.0
Combined_TwoStage_MaxSharpe,2023-10-02,ETC-USD,0.0
Combined_TwoStage_MaxSharpe,2023-10-02,ETH-USD,0.0
Combined_TwoStage_MaxSharpe,2023-10-02,LTC-USD,0.0
Combined_TwoStage_MaxSharpe,2023-10-02,TRX-USD,0.001827
Combined_TwoStage_MaxSharpe,2023-10-02,XLM-USD,0.0
Combined_TwoStage_MaxSharpe,2023-10-02,XRP-USD,0.013924
Combined_TwoStage_MaxSharpe,2023-11-01,ABBV,0.0
Combined_TwoStage_MaxSharpe,2023-11-01,ABT,0.0
Combined_TwoStage_MaxSharpe,2023-11-01,ADBE,0.0
Combined_TwoStage_MaxSharpe,2023-11-01,AEP,0.0
Combined_TwoStage_MaxSharpe,2023-11-01,AMD,0.0
Combined_TwoStage_MaxSharpe,2023-11-01,AMGN,0.0
Combined_TwoStage_MaxSharpe,2023-11-01,AMT,0.0
Combined_TwoStage_MaxSharpe,2023-11-01,BA,0.0
Combined_TwoStage_MaxSharpe,2023-11-01,CAT,0.0
Combined_TwoStage_MaxSharpe,2023-11-01,CCI,0.0
Combined_TwoStage_MaxSharpe,2023-11-01,CMCSA,0.0
Combined_TwoStage_MaxSharpe,2023-11-01,COP,0.0
Combined_TwoStage_MaxSharpe,2023-11-01,CVX,0.0
Combined_TwoStage_MaxSharpe,2023-11-01,D,0.0
Combined_TwoStage_MaxSharpe,2023-11-01,DD,0.0
Combined_TwoStage_MaxSharpe,2023-11-01,DIS,0.0
Combined_TwoStage_MaxSharpe,2023-11-01,DOW,0.0
Combined_TwoStage_MaxSharpe,2023-11-01,DUK,0.0
Combined_TwoStage_MaxSharpe,2023-11-01,EA,0.0
Combined_TwoStage_MaxSharpe,2023-11-01,GE,0.467088
Combined_TwoStage_MaxSharpe,2023-11-01,GILD,0.0
Combined_TwoStage_MaxSharpe,2023-11-01,GS,0.0
Combined_TwoStage_MaxSharpe,2023-11-01,INTC,0.0
Combined_TwoStage_MaxSharpe,2023-11-01,KO,0.0
Combined_TwoStage_MaxSharpe,2023-11-01,MMM,0.0
Combined_TwoStage_MaxSharpe,2023-11-01,MRK,0.096811
Combined_TwoStage_MaxSharpe,2023-11-01,MS,0.0
Combined_TwoStage_MaxSharpe,2023-11-01,NEE,0.0
Combined_TwoStage_MaxSharpe,2023-11-01,NEM,0.0
Combined_TwoStage_MaxSharpe,2023-11-01,NKE,0.0
Combined_TwoStage_MaxSharpe,2023-11-01,NUE,0.0
Combined_TwoStage_MaxSharpe,2023-11-01,NVDA,0.218352
Combined_TwoStage_MaxSharpe,2023-11-01,O,0.0
Combined_TwoStage_MaxSharpe,2023-11-01,OXY,0.0
Combined_TwoStage_MaxSharpe,2023-11-01,PLD,0.0
Combined_TwoStage_MaxSharpe,2023-11-01,PSA,0.0
Combined_TwoStage_MaxSharpe,2023-11-01,QCOM,0.0
Combined_TwoStage_MaxSharpe,2023-11-01,SBUX,0.0
Combined_TwoStage_MaxSharpe,2023-11-01,SHW,0.0
Combined_TwoStage_MaxSharpe,2023-11-01,SLB,0.0
Combined_TwoStage_MaxSharpe,2023-11-01,SO,0.0
Combined_TwoStage_MaxSharpe,2023-11-01,T,0.0
Combined_TwoStage_MaxSharpe,2023-11-01,TMUS,0.0
Combined_TwoStage_MaxSharpe,2023-11-01,TTWO,0.0
Combined_TwoStage_MaxSharpe,2023-11-01,UPS,0.0
Combined_TwoStage_MaxSharpe,2023-11-01,USB,0.0
Combined_TwoStage_MaxSharpe,2023-11-01,V,0.0
Combined_TwoStage_MaxSharpe,2023-11-01,WFC,0.0
Combined_TwoStage_MaxSharpe,2023-11-01,WMT,0.123076
Combined_TwoStage_MaxSharpe,2023-11-01,XOM,0.0
Combined_TwoStage_MaxSharpe,2023-11-01,ADA-USD,0.0
Combined_TwoStage_MaxSharpe,2023-11-01,BCH-USD,0.06984
Combined_TwoStage_MaxSharpe,2023-11-01,BTC-USD,0.0
Combined_TwoStage_MaxSharpe,2023-11-01,EOS-USD,0.0
Combined_TwoStage_MaxSharpe,2023-11-01,ETC-USD,0.0
Combined_TwoStage_MaxSharpe,2023-11-01,ETH-USD,0.0
Combined_TwoStage_MaxSharpe,2023-11-01,LTC-USD,0.0
Combined_TwoStage_MaxSharpe,2023-11-01,TRX-USD,0.0
Combined_TwoStage_MaxSharpe,2023-11-01,XLM-USD,0.0
Combined_TwoStage_MaxSharpe,2023-11-01,XRP-USD,0.024833
Combined_TwoStage_MaxSharpe,2023-12-01,ABBV,0.0
Combined_TwoStage_MaxSharpe,2023-12-01,ABT,0.0
Combined_TwoStage_MaxSharpe,2023-12-01,ADBE,0.077746
Combined_TwoStage_MaxSharpe,2023-12-01,AEP,0.0
Combined_TwoStage_MaxSharpe,2023-12-01,AMD,0.0
Combined_TwoStage_MaxSharpe,2023-12-01,AMGN,0.0
Combined_TwoStage_MaxSharpe,2023-12-01,AMT,0.0
Combined_TwoStage_MaxSharpe,2023-12-01,BA,0.0
Combined_TwoStage_MaxSharpe,2023-12-01,CAT,0.0
Combined_TwoStage_MaxSharpe,2023-12-01,CCI,0.0
Combined_TwoStage_MaxSharpe,2023-12-01,CMCSA,0.0
Combined_TwoStage_MaxSharpe,2023-12-01,COP,0.0
Combined_TwoStage_MaxSharpe,2023-12-01,CVX,0.0
Combined_TwoStage_MaxSharpe,2023-12-01,D,0.0
Combined_TwoStage_MaxSharpe,2023-12-01,DD,0.0
Combined_TwoStage_MaxSharpe,2023-12-01,DIS,0.0
Combined_TwoStage_MaxSharpe,2023-12-01,DOW,0.0
Combined_TwoStage_MaxSharpe,2023-12-01,DUK,0.0
Combined_TwoStage_MaxSharpe,2023-12-01,EA,0.0
Combined_TwoStage_MaxSharpe,2023-12-01,GE,0.431334
Combined_TwoStage_MaxSharpe,2023-12-01,GILD,0.0
Combined_TwoStage_MaxSharpe,2023-12-01,GS,0.0
Combined_TwoStage_MaxSharpe,2023-12-01,INTC,0.040021
Combined_TwoStage_MaxSharpe,2023-12-01,KO,0.0
Combined_TwoStage_MaxSharpe,2023-12-01,MMM,0.0
Combined_TwoStage_MaxSharpe,2023-12-01,MRK,0.0
Combined_TwoStage_MaxSharpe,2023-12-01,MS,0.0
Combined_TwoStage_MaxSharpe,2023-12-01,NEE,0.0
Combined_TwoStage_MaxSharpe,2023-12-01,NEM,0.0
Combined_TwoStage_MaxSharpe,2023-12-01,NKE,0.0
Combined_TwoStage_MaxSharpe,2023-12-01,NUE,0.0
Combined_TwoStage_MaxSharpe,2023-12-01,NVDA,0.179885
Combined_TwoStage_MaxSharpe,2023-12-01,O,0.0
Combined_TwoStage_MaxSharpe,2023-12-01,OXY,0.0
Combined_TwoStage_MaxSharpe,2023-12-01,PLD,0.0
Combined_TwoStage_MaxSharpe,2023-12-01,PSA,0.0
Combined_TwoStage_MaxSharpe,2023-12-01,QCOM,0.0
Combined_TwoStage_MaxSharpe,2023-12-01,SBUX,0.0
Combined_TwoStage_MaxSharpe,2023-12-01,SHW,0.0
Combined_TwoStage_MaxSharpe,2023-12-01,SLB,0.0
Combined_TwoStage_MaxSharpe,2023-12-01,SO,0.072632
Combined_TwoStage_MaxSharpe,2023-12-01,T,0.0
Combined_TwoStage_MaxSharpe,2023-12-01,TMUS,0.0
Combined_TwoStage_MaxSharpe,2023-12-01,TTWO,0.054538
Combined_TwoStage_MaxSharpe,2023-12-01,UPS,0.0
Combined_TwoStage_MaxSharpe,2023-12-01,USB,0.0
Combined_TwoStage_MaxSharpe,2023-12-01,V,0.0
Combined_TwoStage_MaxSharpe,2023-12-01,WFC,0.0
Combined_TwoStage_MaxSharpe,2023-12-01,WMT,0.0
Combined_TwoStage_MaxSharpe,2023-12-01,XOM,0.0
Combined_TwoStage_MaxSharpe,2023-12-01,ADA-USD,0.0
Combined_TwoStage_MaxSharpe,2023-12-01,BCH-USD,0.036276
Combined_TwoStage_MaxSharpe,2023-12-01,BTC-USD,0.098815
Combined_TwoStage_MaxSharpe,2023-12-01,EOS-USD,0.0
Combined_TwoStage_MaxSharpe,2023-12-01,ETC-USD,0.0
Combined_TwoStage_MaxSharpe,2023-12-01,ETH-USD,0.0
Combined_TwoStage_MaxSharpe,2023-12-01,LTC-USD,0.0
Combined_TwoStage_MaxSharpe,2023-12-01,TRX-USD,0.0
Combined_TwoStage_MaxSharpe,2023-12-01,XLM-USD,0.0
Combined_TwoStage_MaxSharpe,2023-12-01,XRP-USD,0.008753
