date,Equity_MinVariance,Equity_MaxSharpe,Equity_RiskParity,Crypto_MinVariance,Crypto_MaxSharpe,Crypto_RiskParity,Combined_MinVariance,Combined_MaxSharpe,Combined_RiskParity,Combined_TwoStage_MinVariance,Combined_TwoStage_MaxSharpe
2021-01-04,0.00369236692451075,-0.005348379684631519,-0.011905563447204476,-0.013861032951045788,-0.0022765778625136674,0.04172880523177211,0.0036908324003729186,-0.0031303107699540166,-0.005491313227053568,0.00369236692451075,-0.003332617594973162
2021-01-05,0.0011597101009851534,0.005811474762916982,0.008925258031540123,0.04702490974805247,0.07427232479637151,0.04410929962465093,0.0011587748223688466,0.048680784152764424,0.012950562747501039,0.0011597101009851564,0.050736503822271926
2021-01-06,0.00604822880954639,-0.011814849652944643,0.010374190416448447,0.0864055991329086,0.14675103194789105,0.16660290274506728,0.006044102608968302,0.08779241751942483,0.029024262655115846,0.006048228809546396,0.0922384426339423
2021-01-07,0.006337664025752757,0.021244375876605787,0.008791550557604893,0.06866229676040611,0.05558178258618663,0.014277854490204925,0.006338579469058524,0.041345427258339854,0.009462513321746031,0.006337664025752761,0.04377709338591202
2021-01-08,-0.0023823006896164884,-0.0003732081234031448,0.002894987198111802,0.029224032264373614,0.02887217461347078,-0.0052770367201280255,-0.0023789770728987357,0.015845751586175814,0.0017899289099383648,-0.002382300689616487,0.018818047443303728
2021-01-11,0.0003437198448274059,-0.0037094237917039584,-0.0010636612424093548,-0.07818409439467028,-0.0712516007909019,-0.12711246036503882,0.0003464961078974919,-0.04284652010735604,-0.016061835868819534,0.00034371984482740045,-0.048031605928476793
2021-01-12,0.0013895174204273972,-0.017085390381237714,-0.00041252454621422744,-0.04082887649033502,-0.03848574605643612,-0.02041737388432675,0.0013928608058600528,-0.026130986727609905,-0.0026512571783557084,0.0013895174204273941,-0.03112862239075863
2021-01-13,-0.0017111682080392396,-0.0009006355513266544,0.0002501073437278624,0.09402394165712212,0.09803604145260231,0.08294750975837194,-0.0017086488284516754,0.06162879179723992,0.010014589561028306,-0.0017111682080392329,0.06402308490007776
2021-01-14,0.0038722677600562983,-0.014742257644355543,0.0018394755632766394,0.041726921504869056,0.044922296090141756,0.02113874747115365,0.0038736275731020555,0.026616082722100674,0.004153796617934953,0.003872267760056301,0.024410510821503383
2021-01-15,-0.005263346065309809,-0.004875774909598098,-0.007383566353974167,-0.05443426777986769,-0.06009699000458361,-0.03906544381929834,-0.0052662233468626085,-0.045194806408378335,-0.011062451323730717,-0.0052633460653098135,-0.041112758406338545
2021-01-19,0.009701761221396625,0.009692517917708636,0.007033188250759625,-0.015193756360955702,-0.015157962020161437,0.008520087222982971,0.009700393270000898,-0.00956934299360058,0.007224179703553617,0.009701761221396625,-0.0066147369995496015
2021-01-20,0.015167696136054324,0.02753011877561911,0.010027182802338283,-0.013382506151937975,-0.014702727770875383,-0.006258233432181187,0.015168752934629375,0.0011460740405717105,0.007974413421445274,0.015167696136054324,-0.0001837039045461267
2021-01-21,-0.009324131039150672,-0.0014035363166525787,-0.006309542878778257,-0.1275631713799395,-0.13369364452417817,-0.12955683587624617,-0.009324146137114587,-0.08349810825692307,-0.020839896085867962,-0.00932413103915068,-0.08821427490058904
2021-01-22,-0.00047808749572472286,-0.005576250161710813,-0.0024161416177537055,0.06538857085284049,0.0707348151106582,0.06064434781217895,-0.0004766991432376457,0.04209293144674843,0.004919388814543937,-0.00047808749572471847,0.044500207013977555
2021-01-25,0.003319286666287464,0.00161740492225799,0.0031332979019514117,-0.0002025843852996982,-0.0011316791556992552,-0.021185971919107652,0.003320447056205275,0.0007204927439735438,0.0003357965743506427,0.0033192866662874634,-0.00018658497895544226
2021-01-26,-0.0018169057044895675,-0.008065195291532634,-0.0036891098101278137,0.005221488374276587,0.005464842843950635,-0.0021149619556578105,-0.0018197465945757477,-1.0668203199136472e-05,-0.003549248448397883,-0.0018169057044895671,0.0008134171725798717
2021-01-27,-0.021641429324427724,-0.04037563072222197,-0.025339386245060817,-0.06300603815292796,-0.06756424241707756,-0.07338413503738998,-0.021650367043824968,-0.053964691687100115,-0.030910293597024685,-0.02164142932442773,-0.058217202509280176
2021-01-28,0.0010498552284697008,0.02077681084357897,0.009459563821420984,0.09359272958412217,0.11137270920695097,0.09317285461997984,0.0010495338703164156,0.07427340079428704,0.01924836550416343,0.0010498552284697068,0.08022718817082468
2021-01-29,-0.01046553315085899,-0.006497247458733881,-0.012522767663199298,0.03669170874183855,0.02378014079822992,0.02913476150151714,-0.010463146319864343,0.012832426417004402,-0.007522222245977733,-0.010465533150858986,0.013371225495089812
2021-02-01,0.0007049835365181792,0.0033181108176233336,0.007716776357261942,0.014063635325390783,0.021985310594800148,0.017510656074141793,0.0007194327701632195,0.01994383942908616,0.008653276788313883,0.0007049835365181805,0.014233257088521563
2021-02-02,0.006388646412370835,0.023522881738908624,0.015503947019874655,0.04792909197704902,0.05586293717470291,0.04103492747826436,0.006382332011129478,0.041626714248823415,0.018182627884963228,0.006388646412370841,0.042432865009256325
2021-02-03,-0.0022656109875392122,-0.012291277810760275,-0.0017134256284909264,0.05155686339169996,0.04630326422374962,0.047751609906478164,-0.002226295755721041,0.02494161225978256,0.003958348544133877,-0.002265610987539207,0.021970314962513025
2021-02-04,0.00232357291890827,-0.006193473533131022,0.007252956572157596,-0.016725091494729057,-0.022609014076202364,-0.01803250485091973,0.002347393437199444,-0.010788674626567655,0.004469872556497877,0.0023235729189082684,-0.01579202223257513
2021-02-05,0.014660753596376372,0.00326520342590885,0.007872515803509894,0.045258723728760594,0.04265984238765685,0.08201144833894913,0.014656175847530114,0.02780886532663453,0.016383405684485337,0.01466075359637638,0.02630016591034301
2021-02-08,0.003088272576188025,0.024967567466070574,0.009968136371090518,0.1716576937288866,0.15156374372108466,0.086233969797923,0.0030858275869033074,0.10082916738013802,0.0184827363498669,0.003088272576188044,0.098991298805216
2021-02-09,-0.0009031826367449571,-0.018733349822515493,-0.00279175064337808,0.03246085144382107,0.005400622266669372,0.0666793021856405,-0.0009159764725645989,0.002458862713210669,0.005353583715689879,-0.0009031826367449534,-0.004621654517614866
2021-02-10,-0.007094968443004527,0.0016857565230905865,7.695813125490822e-06,-0.022725036515752157,-0.01677110468040697,0.03735570560798606,-0.007108382393457718,-0.0004676711789979131,0.004365135071434932,-0.00709496844300453,-0.009106399887221898
2021-02-11,-0.0048660751067325075,0.0015976035020092158,-0.0012912288853074625,0.09814528193346957,0.07386987418013775,0.0802900393120756,-0.004869314594679383,0.04931046611698623,0.008170238029710055,-0.004866075106732497,0.04385688262250234
2021-02-12,0.004269114351578069,0.0021188870718836733,0.003938505266409478,-0.008992243784122465,0.03161935980298057,0.04891833315240546,0.004258908844019881,0.019906075526297203,0.009302382379430938,0.004269114351578068,0.01936850023101739
2021-02-16,-0.009076654500255058,-0.00382249188555488,-0.002948100612377957,0.024326352533774128,0.016804889028820175,-0.0007345866669720346,-0.009073988344525784,0.012881763889023517,-0.002782425160226009,-0.009076654500255054,0.00823881792810103
2021-02-17,0.0067978909881865526,-0.013361680256190365,0.002602112398183995,0.050096996157067974,0.051052005898515676,0.04340193746024082,0.006816284240013243,0.021241907238357952,0.007280290588584136,0.006797890988186558,0.024302501550336666
2021-02-18,-0.01121776886056311,-0.0007831401746317225,-0.004428814455774406,0.0007331084264809232,-0.006689984900933432,0.002638119686044109,-0.0112345994938293,-0.003838754983985833,-0.0035013846329770325,-0.011217768860563112,-0.004237009793892736
2021-02-19,-0.007262524438410563,-0.0011966486224561112,-0.0019349554891411262,0.08516284524312365,0.0701228884618618,0.05140706735313842,-0.007244158938141211,0.04086401105220162,0.00416457622035251,-0.007262524438410554,0.04050554498667091
2021-02-22,0.0016044896330491688,-0.018215357522278017,0.0001687201029581003,-0.06252199523974647,-0.05926872209773175,-0.06421944672739477,0.0016279788730389983,-0.043208942829855976,-0.007065200521959519,0.0016044896330491617,-0.042220215487180524
2021-02-23,-0.007141785974538242,-0.012076893806782087,-0.0008572742910968901,-0.116370140642243,-0.11610556989436717,-0.15635123768824433,-0.007127799879519339,-0.0753716679798504,-0.018821702713612623,-0.007141785974538255,-0.07290488244020167
2021-02-24,-0.0008769327905568691,0.016021458337532574,0.009601825465023165,0.02826413062413466,0.026229790578633252,0.03867851538800944,-0.0008624749826732282,0.022274860840857037,0.012941489995684492,-0.0008769327905568668,0.021990507842738646
2021-02-25,-0.009007470927405548,-0.03410953267875623,-0.016106852269089336,-0.0545728073915088,-0.05512746680529468,-0.05351323101344006,-0.009019319850925075,-0.055715879427634896,-0.02041611812951795,-0.009007470927405555,-0.046399208047407936
2021-02-26,-0.017449487670601463,0.004712547338268401,-0.01323365310912939,-0.013403867202665176,-0.0005948592515855416,-0.0008883747759912148,-0.01744480111758482,0.007956624635679756,-0.011916338243736179,-0.017449487670601463,0.0016091831519476642
2021-03-01,0.008967959585488888,0.018061469927987628,0.018041842317832943,0.08914352477506415,0.06917324279920048,0.0676672939154869,0.00896489734828503,0.048142196908471255,0.023488826352592418,0.008967959585488888,0.04436078403780149
2021-03-02,0.004962990239723064,-0.007065429701480382,-0.0015932150089720916,-0.023142822788809938,-0.03155316440250096,-0.01585898051261955,0.004966183744142698,-0.017032774777533254,-0.003140541524556317,0.004962990239723064,-0.019665474477126358
2021-03-03,-0.013203883050274564,-0.020899381388527666,-0.009710072546238764,0.043427793017591136,0.02877830325546617,0.03474984618578039,-0.01320698138522089,0.011040598065950893,-0.0045911558644351185,-0.013203883050274564,0.0046620295997519354
2021-03-04,-0.0027942265371895397,-0.018896109172841888,-0.00817029629037263,-0.020106705464722645,-0.048195692558280726,-0.015109676981434832,-0.002792255670568008,-0.029997083978521234,-0.008698290227502842,-0.002794226537189539,-0.033972067282961246
2021-03-05,0.01534561778321258,0.01374078244898105,0.017050711110627625,-0.0011335766541733343,0.015103548722325368,-0.008359744630048424,0.015344224865764882,0.019778123591366995,0.014200757173313004,0.01534561778321258,0.01444198720607779
2021-03-08,-0.005201969138818516,-0.027958354793924216,0.00024234708682277116,0.019553737528970598,0.011411382930088353,0.018169429010446166,-0.005199863161724476,-0.003860932690765881,0.002410308441147489,-0.005201969138818516,-0.0077008477527636164
2021-03-09,0.007205294646667952,0.018936132163949574,0.008575169044972016,0.043619832714102164,0.05288578128233246,0.042873778747247814,0.007205978581686286,0.035036987532416464,0.012221001358315293,0.007205294646667952,0.036404758977815956
2021-03-10,0.00956794307365259,0.0015946000925674154,0.008230933529347935,0.00660570196731294,-0.0019952270581161933,-0.026194472105582338,0.009563399869290196,0.003278146721776015,0.004328066545037216,0.009567943073652588,-0.0002525280059560474
2021-03-11,-0.00034953137837049144,0.01693467327586515,0.004835059173676909,0.023922330657402686,0.01836284815769407,0.0037705585725534506,-0.00035135715504929947,0.016224712434846425,0.004564529497433028,-0.0003495313783704917,0.017669533714293018
2021-03-12,0.005157543754121265,0.011788402640379943,0.006207633906128959,-0.01304499498252312,-0.027664878284339722,-0.018506258148773713,0.005158366632316679,-0.012749629708797415,0.003418328265092453,0.005157543754121265,-0.00851209114832845
2021-03-15,0.013651270811193519,-0.005994723039784238,0.007799266513365628,-0.047738524008883426,-0.045640950252018926,-0.03724432747655605,0.01365416864741235,-0.03549358818665245,0.002899833871894195,0.013651270811193519,-0.026394496402192137
2021-03-16,0.00511834730168979,0.002878315908796566,0.0023806638750968555,0.02043832583354902,0.061707538154335044,0.040922363645702176,0.0051232025799093864,0.03231582849822664,0.006673932512272587,0.00511834730168979,0.033148606054471834
2021-03-17,-0.010293701401509422,-0.0017062970746923346,-3.776687165299572e-05,0.03480651881936468,0.05262698823041554,0.030362337330228965,-0.010297617414999549,0.022199279003597555,0.0033543585341849853,-0.010293701401509422,0.026250630587700823
2021-03-18,-0.007886596336740605,-0.01195830250380574,-0.01165678333511204,-0.017463264150714846,-0.037393151313203,-0.02222993771220991,-0.007887322648299827,-0.020798641120020667,-0.01268006732903841,-0.007886596336740605,-0.025045680236905513
2021-03-19,-0.002350744833924751,-0.00281293807589369,-0.003936848586575628,0.01853153128004332,0.018047178546189997,0.019657954754209613,-0.002354587546851333,0.0078586535091002,-0.0013504250396515352,-0.0023507448339247505,0.00792053346292109
2021-03-22,0.009838272980443517,0.01058695188465627,0.007161019789841334,-0.04345927725965088,-0.052767403285528924,-0.031015601000786312,0.009839872117330407,-0.023026530052140275,0.002962875661416523,0.009838272980443517,-0.02201172339596258
2021-03-23,0.00034690259917576636,-0.00943438937546434,-0.005716135199172933,0.005533510358552236,0.005851251539776777,0.0068864585268629125,0.00034984166083180815,-0.0003164812012250466,-0.004291303468136207,0.00034690259917576636,-0.001569237195893509
2021-03-24,-0.006564915257878962,-0.005483053339462054,-0.004625318488639823,-0.04542942546543836,-0.04099701279947977,-0.06550706760569532,-0.006566879438619947,-0.023016448011947844,-0.011414346945529324,-0.006564915257878962,-0.02375658843040086
2021-03-25,0.0026301455247733237,0.008330994281337852,0.005897568454188809,-0.014319661253190133,-0.008359563832477709,-0.002133380579535624,0.002626780230999698,0.0034911730564433684,0.00506271755726387,0.0026301455247733237,-0.0002570512088737291
2021-03-26,0.017268797779054268,0.026070642856217713,0.01946195239160456,0.07978240600942621,0.0742944155525314,0.08791275836422024,0.01726931796364015,0.05257608351287744,0.027188156038549238,0.017268797779054268,0.05088395052402753
2021-03-29,0.010907795951857051,0.005740926948839437,0.003434466712314182,0.03260155074928336,0.02580105976995622,0.03816343327622138,0.010909284576758825,0.014829432517251176,0.0072792619989294,0.010907795951857051,0.016062770714197722
2021-03-30,-0.009065671863212228,0.005554082286818014,-0.005087325359588097,0.02004623674712608,0.015319362526335499,0.014177764505601069,-0.009065858286343502,0.009022623178584118,-0.003000765688784525,-0.009065671863212225,0.01057875973317744
2021-03-31,0.001582326900233571,0.003214097938766663,-0.0002942309310832177,0.05644602464195079,-0.002874151052264523,0.06953895160921535,0.0015814408885314235,0.0014601835329632795,0.007678072607925325,0.0015823269002335713,8.141903527146706e-05
2021-04-01,0.007911556271752749,0.008386872802596274,0.011161959017949318,-0.0011990189847187853,-0.0050090185791519465,0.02595332489810035,0.006882510438473504,0.0020045836745691795,0.012253935264625896,0.007817957867157466,0.004053086262987849
2021-04-05,0.011862961783423106,0.002714820061035117,0.008138193961401776,0.03682326674008979,0.012761125089308527,0.10195024425716374,0.012270158997766432,0.004615744711805909,0.016988760410823568,0.012119393968701002,0.005964961486013572
2021-04-06,0.00041529776820397246,-0.00021438775478674257,0.0005191368446704398,0.0016158847271750343,-0.012999259867951267,0.030903798885647073,-0.0007689478678096079,-0.00513845125304265,0.003211604164983328,0.00042763211820648947,-0.0043504997234265425
2021-04-07,-0.0007726197573597987,-0.0031142106107805833,-0.0012193822834240056,-0.031516895418883896,-0.04932126451380903,-0.07221032731390947,-0.002177072786738428,-0.01969164692936412,-0.007894138047030765,-0.0010884741432079558,-0.018062936494953285
2021-04-08,-0.00027757366511346504,0.0024357840523288633,-0.0010592363982905955,0.047752012045442355,0.04738968617809202,0.06469942677053646,0.0013176609093875037,0.020734933295047154,0.0051632655670489965,0.0002158630794748766,0.01697909516046074
2021-04-09,0.0036414559485614113,0.005746778285290518,0.002703259833034978,-0.013748950688953588,-0.00904523182653727,-0.02530324024478131,0.0029384444670123985,0.0010600501077711578,2.139590217483311e-05,0.0034627938695254695,0.0009613248585977614
2021-04-12,0.0014128871411978557,0.0028961886936634865,3.932977224550501e-05,-0.00226993915999232,0.008885868165495272,-0.00018805955863438785,0.002127788851777113,0.006828941593553382,0.00030113662546135027,0.0013750512574595493,0.004833946438322497
2021-04-13,0.0019970289553790654,-0.0034043319614828183,0.0028778921117475027,0.07648956439232038,0.0697338410969851,0.10669474695981918,0.003752181941055705,0.02400155647662948,0.012622402147016681,0.002762335456327241,0.020257044568055348
2021-04-14,-0.0026306806820821467,0.000610248843655199,0.00036191757556031665,-0.0022429140589231965,-0.0024157116028065877,0.026169809688266238,-0.003120973986370767,-0.0023503959602140375,0.002636455294989111,-0.0026266969229603284,-0.00036869807958808155
2021-04-15,0.007164887194097587,0.008296457742397467,0.011190095936922191,0.06576387248713658,0.0222521941291473,0.06375582249917297,0.009150574230176109,0.016358967720623913,0.016283364735065035,0.007766909720659219,0.012811363154785703
2021-04-16,0.0018256509805881205,-0.001298614703367083,0.0032179676630440172,0.02805821445936199,-0.029341602613153224,0.05364794915633768,0.0015915210716880544,-0.012709114955441211,0.007883690864804855,0.002095153840828873,-0.010370972792162854
2021-04-19,-0.0010175703639645108,-0.00167677761024153,-0.0036895490895512075,-0.0321175534657793,-0.026208513796237932,-0.060313428240669195,-0.0020787890324585508,-0.008691587117026405,-0.008962637422978962,-0.0013370791457181547,-0.00961318923425259
2021-04-20,0.0056773002853451136,-0.010974474561847478,-0.004044590188633685,0.014099894549377656,0.02228552845211574,0.03149619643140621,0.005989444801967543,0.0015699940205449047,-0.0007386257920199218,0.005763830648519144,-0.00021432809144228404
2021-04-21,0.004896262714449462,0.010409835828547648,0.008323618574364214,-0.048822401945328206,-0.048559220706316956,-0.040453629775317995,0.0039131119555120995,-0.00794102210566217,0.0036832862119089583,0.004344378649217396,-0.008667603378850053
2021-04-22,0.0007665594115790547,-0.011539132289886568,-0.007717321625352974,-0.03605997443145616,-0.04795397389161546,-0.04649937052470026,-0.0007367331525790972,-0.023144123648753654,-0.011478543013115261,0.00038821833898500246,-0.02331991983722112
2021-04-23,0.0026454029923339718,0.010180853417156384,0.0068238115242757694,-0.014307326289862029,-0.00881990189494756,-0.01727188226240446,0.0026060515960803616,0.007273274260820076,0.004708894829560621,0.0024712374353103193,0.004033803156194731
2021-04-26,-0.006802546750445216,0.005906609730733099,-0.0008711654112033183,0.11797907244445405,0.11348380312200133,0.14631297923433845,-0.004552138978763618,0.03922795998886646,0.012898948442290803,-0.005520590326106101,0.04070956381583017
2021-04-27,-0.004792617866916755,0.007735303553683691,-0.00026720236866085214,0.026107220208955104,0.03147304312571105,0.041900849671454604,-0.003858496575681117,0.02306823862989467,0.00370413044126224,-0.0044751652950717705,0.015414844489507324
2021-04-28,-0.000301229339211218,0.004630216736336292,-0.0014217794760657699,-0.00013545633675697945,-0.0010248523240632744,0.002351544255843349,-0.0005339675822801053,0.0041417764655148,-0.0012884341024216753,-0.00029952625371794286,0.00280071084709719
2021-04-29,0.008506172243666798,0.00849850614372061,0.008009007276568086,-0.019385152767854588,-0.02157116880626961,-0.011190945431848016,0.008268809336495334,-0.0006155246940920196,0.006284971876378439,0.00821962793119075,-0.001229517832811629
2021-04-30,-0.00117341225181626,-0.005906760984833988,-0.004592283933747379,0.07749970408435129,0.0712456937825654,0.07565803088502787,5.375795702770945e-05,0.019501520193739755,0.003026346637907379,-0.0003651561355656756,0.019053300308606247
2021-05-03,0.008009228243894648,0.0060152787793063284,0.006388695465162079,0.035657516488653576,0.015108603393486325,0.05871695809976698,0.008347189502989535,0.012396337179349423,0.010412475977750652,0.0083024388136771,0.00792182971714371
2021-05-04,-0.0045229887384164716,0.002311852963561543,-0.003654196803183526,-0.016302099676934398,-0.06864570009600987,-0.019562294864210163,-0.005755326428823008,-0.011083253301941803,-0.004846915689868372,-0.004647906411410866,-0.012565454849843869
2021-05-05,0.002169271644313476,0.005255808333456716,0.0032324179660115737,0.12375984806669019,0.10475350824284536,0.22341204347053834,0.004806940479245601,0.028326511293263502,0.02039614599054841,0.003458741787179913,0.026116982999881376
2021-05-06,0.00711986474515962,0.005167503806317135,0.008002354469226456,0.045682905001717226,0.01583075996138279,0.08992202290314913,0.007280795225876675,0.008726873237404838,0.014365412835901887,0.007528826446733034,0.007403214273656913
2021-05-07,0.0010395605331631587,0.009752768606433856,0.007591379444387112,-0.002210790601841017,0.010725993835949939,-0.03463103758618322,0.0006640558475971641,0.008469016954310796,0.0042473695769150825,0.0010050905037765018,0.009956819770643638
2021-05-10,0.004947795294461321,-0.0042951300096524024,-0.002093420799897605,-0.05243670627782792,-0.05213272594432718,-0.06368275295783771,0.0036569938885156056,-0.014486864249671685,-0.0069276841923962456,0.0043392316736779474,-0.014324994472086367
2021-05-11,-0.00870829096540315,-0.010149914014082256,-0.007404845824218695,0.0276748946664443,0.03298452334813452,0.11568871538043742,-0.0077149066457214205,-0.00059718076906969,0.0020755936329004245,-0.008322446659412997,-0.0011061367933964813
2021-05-12,-0.013831196984719966,-0.015282288301532733,-0.016427104866442287,-0.14823187427497464,-0.13105926961032263,-0.17541102336025105,-0.015742387035565575,-0.03946086335629705,-0.028498621683452532,-0.015256518466417596,-0.03955665677068913
2021-05-13,0.01208381728871296,0.012325175673264225,0.010190559105789167,0.022581406813842998,0.06378338289091649,0.05579286507106991,0.01224092365088319,0.026008778564505446,0.013696199473064254,0.012195144405196895,0.023114155215164408
2021-05-14,0.0030510424477358565,0.010768701415334987,0.010743178712218221,0.032058401930884495,0.012300170774367075,0.053290353904719395,0.003133577514011072,0.008922763258870026,0.013831129821786074,0.0033586659912494656,0.011089796775570858
2021-05-17,-0.0013134707877512294,0.005638963275511215,0.0011762130129361805,-0.061443070882617044,-0.07489516111746924,-0.06663000093015942,-0.00249551676294491,-0.012419682809188152,-0.004064235871844521,-0.0019511462253237028,-0.011246215347708468
2021-05-18,-0.004164184647257136,-0.00849167603531903,-0.006090318445536912,-0.010320558731590964,-0.011245524644110438,0.015418799189180273,-0.004053767961374036,-0.007779667490538797,-0.004515097301794696,-0.004229473099731353,-0.009069061410912694
2021-05-19,0.00045048624406163846,0.003693570820771498,-0.002903886901138765,-0.17896840241293685,-0.17690397783905804,-0.2941336645113304,-0.0036191218278587888,-0.042205279599272554,-0.02573560661071707,-0.0014522541392539578,-0.03417139500609512
2021-05-20,0.01015864923183243,0.00858304994791343,0.009850624117002058,0.12399908648131784,0.1302228951820383,0.14606892127821722,0.011848710188021843,0.033223470043721455,0.020244521135408394,0.01136592901619783,0.034086655158253557
2021-05-21,-0.001543009960346798,0.0017557995378446793,0.0007175547526128858,-0.09690417934289705,-0.10096561482260497,-0.13696342802119083,-0.0031736605389501484,-0.021585920702190207,-0.009855080460140952,-0.0025543167928802277,-0.019781274876006352
2021-05-24,-0.0014498730631946298,0.008789847700196574,0.004512271541357853,0.1635224980049429,0.13235757939553555,0.24820374242628462,0.0012267138680288271,0.03588977310239545,0.023208129640974882,0.0002996617539714934,0.034697663020328666
2021-05-25,-0.005477738718391771,-0.005455561664520766,-0.004821311090609785,0.0038036890294417735,-0.00425585358695587,0.004095734461730014,-0.005374427363901698,-0.005131971578515559,-0.004182871935054838,-0.005379309018359515,-0.00520402499806924
2021-05-26,0.0008049665490375151,0.004755232753139904,0.002448576160921867,0.030128389980152166,0.0539556697010111,0.06861659915458451,0.001637712039736235,0.015700921522139248,0.007543493652444997,0.001115941956125838,0.015070837131619658
2021-05-27,-0.004402224051672729,8.883068628939858e-05,-8.750146194926197e-05,-0.03182742731582103,-0.03575725119180966,-0.03520248768195418,-0.004896502281998412,-0.009092180180449907,-0.002840899219431334,-0.004693068801419752,-0.007426834257191594
2021-05-28,0.0014976816446894087,0.007776862828096101,0.0032032541867423915,-0.07504280147236596,-0.07472083160859795,-0.08461932031248633,0.00020259468268546605,-0.011070794874207035,-0.0035540610393368145,0.00068596851194492,-0.009520007499444108
2021-06-01,-0.004301630691414524,0.009825570012368993,0.0008717135362342946,-0.017228281951778987,-0.018167918457299058,-0.019316830590705027,-0.00435236745337521,0.002652767952237806,-0.0002739506918858941,-0.004301630691414524,0.006888042989357938
2021-06-02,0.0012040242731042343,-0.005468332772903386,0.0030489873329501284,0.024207581953861485,0.01813519713988527,0.017060537109823512,0.0013022662698856035,-0.0010972870325042497,0.003973863817127412,0.0012040242731042343,-0.002991470804364004
2021-06-03,0.00403364693640273,0.00468035918010569,0.0019328494076275113,0.04360738279744493,0.04118404343061444,0.036177773583787445,0.004245634927102809,0.00670116121898796,0.003942239184687309,0.00403364693640273,0.008510912811944778
2021-06-04,0.006124373237366244,0.00662067433581041,0.006799596520374835,-0.05909104360516772,-0.06394111906606606,-0.06856358514699543,0.005889652778611171,-0.002185475619773931,0.0024630146674200714,0.006124373237366244,-0.0007838038568495579
2021-06-07,-0.004157904393535243,-0.0005229456051624264,-0.0014572950157759133,-0.06455237905266473,-0.07065128744084481,-0.07945133229829862,-0.004491891772277986,-0.007417072977737149,-0.005910324935756099,-0.004157904393535243,-0.007881939088396442
2021-06-08,-0.00549823533050842,0.0001814042795445286,-0.003913824598514808,-0.0022658227686639656,-0.002131061181339629,-0.0016260845907887422,-0.005414878372449795,-0.0015094947766187915,-0.0037693168250076004,-0.00549823533050842,-6.125678745636702e-05
2021-06-09,0.004985659622685128,-0.015356059825850865,-0.00022065655449315783,0.11371420822258631,0.08467317967898821,0.06063451255222259,0.005148441908921535,-0.007116249071679466,0.003214021635698626,0.004985659622685128,-0.00485938326997629
2021-06-10,0.008376088379724093,-0.0031589017822781923,0.00550028190332477,-0.017864966143520032,-0.037657764398386064,-0.0441114722224702,0.00823400728807054,-0.008342538552723327,0.0026875584474974406,0.008376088379724093,-0.0067790772851552186
2021-06-11,0.0020092108964214856,0.0007459019254173489,-0.0003542404504329082,0.015522936851460901,-0.011485669162745914,-0.031175065959288758,0.0017745461610427229,-0.003343526742620761,-0.0021953760804264227,0.0020092108964214856,-0.0005376312306697318
2021-06-14,0.00034242288182415265,-0.008156894095012733,-0.00016571553330877286,0.02812498851830871,0.018398885782698063,0.013376760183446638,0.0003733527628784633,-0.0050564720278265815,0.0005764407708833818,0.00034242288182415265,-0.005370234579803204
2021-06-15,-0.004474704844256215,-0.005531010585831166,-0.0031748737818495633,0.004673899641810276,0.007928173126561144,0.012556045533610786,-0.004442462189548502,-0.0032872754389597593,-0.0022219371047128384,-0.004474704844256215,-0.004118656569801256
2021-06-16,-0.010994432410443154,-0.01013955287418922,-0.009385903446855746,-0.051043359122574156,-0.061467293740530116,-0.06854114154512903,-0.011226046349854328,-0.015103311732578348,-0.01270879126607478,-0.010994432410443154,-0.015525684938021037
2021-06-17,-0.00040685328183944305,-0.013741765969989014,-0.004579301562711814,-0.005872610898299275,-0.003056750626406289,0.008993513020403663,-0.0001403954768290969,-0.01287242664756475,-0.003644116023951524,-0.00040685328183944327,-0.012620522315520175
2021-06-18,-0.010728169102639733,-0.0071937082584481,-0.013973118724494445,-0.059460469976725515,-0.05494662620533008,-0.05776972362162126,-0.010955478612831592,-0.011036430354877629,-0.016518981888169863,-0.010728169102639733,-0.012204712408523537
2021-06-21,0.010382616981400913,0.020823322198042737,0.01449923098320268,-0.11528738145856951,-0.15232896545216326,-0.18304960062045622,0.00948143467342543,0.0023504151796627966,0.0032778068586436252,0.010382616981400914,0.002653399409755994
2021-06-22,-0.0008326268663211545,0.0018262650068441707,0.0005344556887826415,0.024102411308699855,-0.005760158440152606,-0.029499821889147484,-0.0010625161084135315,-0.0016558622241184071,-0.0013497339132923394,-0.0008326268663211545,0.001030175448098941
2021-06-23,-0.007403486308124226,-0.0010760173433037711,-0.005035576498564124,0.039018863446550166,0.06436750122260129,0.08104030668167231,-0.00704512844631304,0.0063013630133244205,-0.00010805711574492552,-0.007403486308124226,0.005791369137540627
2021-06-24,0.005185608461150624,0.011288041376339777,0.0063534817529243125,0.03151798045428822,0.046299527769877814,0.0589510402107618,0.005956864648254137,0.0154997489174504,0.009510925304768093,0.005185608461150625,0.014962009610353932
2021-06-25,0.011324350033975646,-0.0006036120267529805,0.00824138596938617,-0.08676718435656466,-0.08266727720001449,-0.08068421281347887,0.010720636153067627,-0.007258308092955664,0.0032001989276272754,0.011324350033975644,-0.009215051587599022
2021-06-28,0.002260867851314909,0.0009595548291048838,0.0011956599420288065,-0.0058329022107439215,0.0017236363017417806,0.01757271063589736,0.002335134884086402,0.0011139453406552706,0.0020563795020687534,0.002260867851314909,0.001039734545758812
2021-06-29,-0.0030423482043134085,0.006478049866510207,-0.001035917649204141,0.04234925066720506,0.08888750356808978,0.07150917671027507,-0.0029366582400129288,0.018369981750731554,0.0029985930742080498,-0.0030423482043134085,0.015125775120983972
2021-06-30,0.007578613863194387,0.003888490809033129,0.003691539265027812,-0.022185969236896266,-0.00245408495131855,0.008800395721374215,0.007569165093607546,0.004504528446440083,0.0039592054690741904,0.007578613863194387,0.0032229257540841607
2021-07-01,0.003616872374129261,0.0018368785573608481,0.005521902465301268,-0.04193788334151172,-0.04973512134812919,-0.05218412433964861,0.003406016760136284,-0.0015576010922833095,0.0027480563895514814,0.0036137073808807686,-0.001091344599195801
2021-07-02,0.005058528697229186,0.004676250382098768,0.004433700186782878,0.010294125458479396,0.01476003876634388,0.008049848019933598,0.005121319293101623,0.005262443067737469,0.004585853496739773,0.005058892449117237,0.0052488010434397145
2021-07-06,-0.0021249834719241027,-0.0019436661456432654,-0.005127576822140137,0.014291167774068388,0.014974779293169569,0.018628218387100257,-0.0021323014552737975,-0.000656183535135827,-0.003951085727470392,-0.0021238429322143937,-0.0009830482949169028
2021-07-07,0.002316312304733307,0.0014368993456739879,0.0015843768573317197,-0.011068814417099773,-0.017163161183115203,-0.012935189801299273,0.0023482494445321448,-0.0004709214227466886,0.0008827331260350832,0.002315382350548737,0.0003808005313257431
2021-07-08,-0.004895223284012847,-0.011262351023730657,-0.0064522417666804215,-0.02947483399759324,-0.04041123826759093,-0.04917981826948892,-0.005233596658025568,-0.012810225878760496,-0.008481325962827833,-0.0048969309937949975,-0.01291740506025725
2021-07-09,0.006818775310799167,0.018949578577385738,0.009924271255679282,0.027679830387716053,0.021358765969640252,0.03012833345276371,0.006837706121500253,0.01864533822023672,0.010947350366232091,0.006820224667676131,0.01908637060258182
2021-07-12,0.0021179822661801804,0.008909915134351496,0.003940754643919494,-0.03149552359371345,-0.03220284981317506,-0.023267516573176827,0.0019273915354502142,0.006481162681693144,0.0026349542755954095,0.0021156469113432705,0.006575560240803883
2021-07-13,-0.002610879590859941,-0.012024283765631777,-0.003780018315499645,-0.013956580545284116,-0.025877692514352728,-0.030993407142365557,-0.002708935669088886,-0.012629587618305377,-0.005178043569126725,-0.0026116678525102575,-0.012810870913106946
2021-07-14,0.004098235647488626,-0.0009731167541256137,0.0011343205979699898,0.003707843675624486,0.002398671011910215,0.0058234350815653535,0.004194507159698995,-0.00041094879229844003,0.00146311702176389,0.004098208524349982,-0.0007816689329514446
2021-07-15,0.0015013658794797591,-0.004305110568079681,0.0003165488624573277,-0.03179901997411584,-0.03757538362182223,-0.03406154002637045,0.0012027455189392356,-0.005690444790207066,-0.0012499925256273434,0.0014990522791817628,-0.006194174094013657
2021-07-16,-0.0013133698379111489,-0.014391620718144503,-0.005504760173463269,-0.012012013451943434,-0.02403902753564137,-0.02391105732850693,-0.0015193393149561087,-0.014263603727211294,-0.006309420477389301,-0.0013141131441647886,-0.014939393930265166
2021-07-19,-0.013615116451353493,-0.013289903176461074,-0.01480852094268506,-0.03128384455945819,-0.028993044605718585,-0.04666674005821322,-0.013949441698893793,-0.015178552791146056,-0.016469675518671397,-0.013616344015946767,-0.01418151689026124
2021-07-20,0.005389690838020865,0.01593906766241936,0.009068226138887938,-0.03341147512071334,-0.041139239802443155,-0.0391983337123977,0.004981523173811668,0.013928433509853577,0.006709410990780814,0.005386995061776128,0.012698200099362567
2021-07-21,-0.0017451328712703188,0.009363683989275347,0.005546638388432845,0.07735332160205732,0.08420459835433848,0.08472029888019168,-0.001247702712805273,0.01288233310912293,0.009273924298276984,-0.0017396373731507148,0.01361310031796656
2021-07-22,-8.299973436919197e-05,0.00221886232116883,-0.0007923606650939046,0.0067534299367350455,0.009315308243166035,0.031235620595425156,8.231527663374696e-05,0.0022892748300888887,0.0006781134044899456,-8.252476192311173e-05,0.0026217937047902772
2021-07-23,0.01020563828986898,0.00729127846466183,0.007007912828174736,0.038584432629211574,0.04006080018498458,0.031188230835848204,0.010181252372798204,0.008504911750443052,0.008213558867009687,0.010207609954321429,0.00915190966970688
2021-07-26,0.0010535276965203482,0.0028895129124176513,0.0033904163242336324,0.05512902447430885,0.03734395929247932,0.026545734654637464,0.0011288958143827218,0.0037245515122490995,0.004485333797079537,0.0010572846825807935,0.0048458129962097455
2021-07-27,0.0011689032560151125,-0.005577637740469259,-0.0005126510698172156,0.05454262047754791,0.04024582252911199,0.029009164320942395,0.0012771223437733142,-0.00429622339683106,0.001049067888109223,0.0011726114847609246,-0.0029758127633336072
2021-07-28,-0.0009809100196222198,0.003316794737943991,0.0009946083897429644,0.014672794455704621,0.007978133257522885,0.0237019081746326,-0.0010727518800846196,0.0029603361321565817,0.0019336872039724723,-0.0009798224521838706,0.003581462375782239
2021-07-29,-0.0006225606730967335,0.008491763417641938,0.004388577248176144,0.000662995567756071,0.0006623224027271277,0.01731497913271835,-0.0005244209533166264,0.0074361614427524625,0.004917297937894271,-0.0006224713569153828,0.008047213070073833
2021-07-30,-0.0026897675269544567,-0.0016997167480920059,-0.004301602388855832,0.05475521045229827,0.04563425879354006,0.03125428385206838,-0.0025249317532553767,8.954587694789354e-06,-0.002659590000871289,-0.002685776440522141,0.000987874261116425
2021-08-02,-0.001549323706407838,-0.0030783470356241576,-0.0016485608224249947,-0.01871200648004894,-0.010456301937334708,0.0083235734892077,-0.001343046460849654,-0.0031717272954642295,-0.0011234319764571782,-0.001549323706407838,-0.0034582953075452307
2021-08-03,0.000683154901061822,0.008127653151580337,0.004838810580125521,-0.026532134077600827,-0.025184688988781675,-0.016467227172503214,0.0003422771115547578,0.0056722110833981425,0.003824005723034871,0.000683154901061822,0.006412141604208367
2021-08-04,-0.008172809459426144,-0.004428066785184711,-0.007128795868952271,0.04198328260559026,0.04053913843059012,0.037915889945206574,-0.00783763356790187,-0.0020440728206368576,-0.0050997678135425144,-0.008172809459426144,-0.0021123557050190213
2021-08-05,0.004410142751009174,0.005268793319622489,0.004441011470763062,0.02841861435142553,0.02447973964066858,0.01803180869443456,0.004638710903461651,0.006938405112762859,0.005261425936633746,0.004410142751009174,0.006258114337965616
2021-08-06,-0.0011996376144058386,0.001997763247620964,0.001361460027055055,0.04729270977931753,0.03754854818178122,0.024371635482366975,-0.0009320395979041273,0.0026970898154995617,0.002422158224730808,-0.0011996376144058386,0.0038285496215035484
2021-08-09,0.0010874686887576987,0.009298815236182204,-0.0015810380324024161,0.05818447654212419,0.05219937722092051,0.05422218333056418,0.0012758130215587598,0.010979576842377926,0.0010532281234862221,0.0010874686887576987,0.011508098785308413
2021-08-10,0.0044585912954192095,0.015814622767066515,0.004217360517023817,-0.016446879274995763,-0.005326348987240809,0.01655270159967409,0.0044123305233711805,0.013349873156328823,0.004767353982038993,0.0044585912954192095,0.014725909730487912
2021-08-11,0.0041374325016087145,0.006538733064885225,0.007269549719221743,0.0019633947145446568,0.011911729349659077,0.05718393731861403,0.004793609036016285,0.007310591804167161,0.00975331815346682,0.004137432501608714,0.006815430426231913
2021-08-12,0.00278160971182371,0.007444763208078165,0.0024489855698085683,-0.02503394404269329,-0.020945267025353168,-0.02175433394999613,0.002843787571538133,0.00602315301207708,0.0013562801989668023,0.00278160971182371,0.00598273977872942
2021-08-13,0.003959219267720319,0.00039038560445207296,0.0027089961301807767,0.0755447355658193,0.08050354249700631,0.0986560636294738,0.004322084147884425,0.0035748526886478565,0.007233315694645284,0.003959219267720319,0.0045160350459267865
2021-08-16,0.006767352655761815,0.0003568683166339367,0.0018180172102118392,-0.022383157123972163,-0.03414290698655351,-0.042221797007151576,0.006497664062199713,-0.0010133873585926115,-0.00017006585898363718,0.006767352655761815,-0.001419793398263819
2021-08-17,0.0028707594325963776,-0.009065899235927639,-0.0024155611200161577,-0.028789218194450853,-0.04472735181202211,-0.06107512081265337,0.0025219275611993277,-0.010248890323595043,-0.005185423616912014,0.0028707594325963776,-0.010902384747290819
2021-08-18,-0.010890309982437498,-0.004215402016508104,-0.012095649074857023,0.002262850951532685,0.01113239234113741,0.012615322625072445,-0.010848473287895354,-0.003653848327640152,-0.010888038849039595,-0.010890309982437498,-0.0034250247342295934
2021-08-19,0.001519896095017565,-0.003138011823812394,-0.0014362053510882425,0.042742840300903064,0.05000667385795404,0.06090534466933904,0.0017404058135517902,-0.0010741744391609485,0.0015063763719982213,0.0015198960950175652,-0.00040117868297898595
2021-08-20,0.0038566818301664567,0.009244524347311408,0.005433438930186278,0.055669508781414793,0.051190649939586524,0.0393425590401986,0.00395004924474309,0.010944074273878054,0.006986070967662637,0.0038566818301664567,0.011404656544497134
2021-08-23,-0.0014226187446419979,0.009384069064896573,0.005803253289734791,0.004798396393640611,0.010102545170327805,0.020157184748810664,-0.0013213609806265285,0.007990547790401873,0.006255183825840484,-0.0014226187446419979,0.009421068986732891
2021-08-24,-0.005221768109465491,0.0028758658066530053,-0.0007388104289623783,-0.03747285905362141,-0.04758154414607436,-0.06418175189562461,-0.005556353686083766,-0.0005650763134680233,-0.003886426939699209,-0.005221768109465491,0.00027742139047649546
2021-08-25,-0.0035949922452045814,-0.0005119482920892091,-0.0009887759960453013,0.02640485141382198,0.022020554897929794,0.021894002011266143,-0.003412956800017801,0.0010063296934679682,0.00015918160280622572,-0.003594992245204582,0.0006484255192387648
2021-08-26,-0.006180561751886725,-0.0064689939510160326,-0.005875633254921591,-0.04134210597489299,-0.04729026003067111,-0.05888576770481205,-0.006442885501599507,-0.00838129453852543,-0.008366156033315437,-0.006180561751886725,-0.00857119838452366
2021-08-27,0.0017536298174425627,0.011398120666768104,0.007960420125471568,0.04533269865394151,0.05786774100529688,0.07072717005373516,0.0021375590514347686,0.013308780309273434,0.010876601365105968,0.0017536298174425627,0.013791202785006434
2021-08-30,0.0038383733899857385,0.0027195108776217765,0.0012423644391370793,-0.03620688020024054,-0.03463526646954998,-0.03341252356865757,0.003568567843840732,0.0007898567301059727,-0.000369440534295319,0.003838373389985739,0.0007958229058013234
2021-08-31,0.003734523283189694,-0.002194003513461393,0.0008155783227486385,0.002800101085300965,0.009946732961584813,0.0319107824640418,0.0039011301202834677,-0.00046559763874249975,0.002356090181772107,0.003734523283189694,-0.0015687825809678287
2021-09-01,0.0010709179181697254,0.004432421575126657,0.00024435288599467496,0.03672981322958202,0.041182822801738156,0.05596050787678157,0.001203739042931393,0.007483557634370648,0.002906451947949984,0.0010709179181697275,0.006738821020570556
2021-09-02,0.006308031692161548,0.002375048828716297,0.005798115430070254,0.011116656288483344,0.014306031491112179,0.012012418536128278,0.006608647871931819,0.004292488683018388,0.00621505080561183,0.006308031692161547,0.0031238192061189994
2021-09-03,-0.0011410511252010528,-0.0029558288996145376,-0.0025984041948996714,0.014199474353140945,0.012065461789005345,0.044453815190187984,-0.0011850914121363982,-0.002540857095341374,-0.00046271837525612065,-0.0011410511252010517,-0.0020131154772370565
2021-09-07,-0.013729526310522037,-0.008227068848414024,-0.011237152182144453,-0.11272219794122638,-0.12372747704894743,-0.1613914716408614,-0.015228041378859162,-0.01626927932987696,-0.01850575398894498,-0.013729526310522044,-0.01547569929953839
2021-09-08,0.004301001537922002,-0.001637349513988993,0.0010042531796554135,-0.012135017813358422,-0.01305137730400074,0.0016975240470426794,0.005087493675966837,-0.0007797649218676131,0.0013889338560573487,0.004301001537922001,-0.0023536765876129365
2021-09-09,-0.011090270782408705,-0.007497448565846567,-0.007972150424941139,0.006382375761941452,0.010208624604657181,0.0023588120350934755,-0.011135268180596142,-0.006809093871183243,-0.007576889015242225,-0.011090270782408705,-0.006386242266638381
2021-09-10,-0.007454457002180566,-0.002361750911010839,-0.004471947054973581,-0.03220229262851194,-0.041026880474652055,-0.041620608978918505,-0.007819613373962952,-0.005190243649911521,-0.006332291648449855,-0.007454457002180568,-0.0047883158030159936
2021-09-13,-0.0002927463064361569,-0.0040859898082758325,0.0026110159161541967,-0.025323774396110284,-0.04273434785999803,-0.042066776572576514,-0.0006938842836342876,-0.005620939989006871,0.0005638715882770598,-0.00029274630643615817,-0.006511502145628571
2021-09-14,-0.0057020095280588875,-0.011300551773214321,-0.007949776161842038,0.049900246242483313,0.02653982891315404,0.04106224612293395,-0.004847249884431756,-0.009115236423278437,-0.005492325652415947,-0.005702009528058886,-0.00892574686993536
2021-09-15,0.002994151927739167,0.007075605952394578,0.005633004281297043,0.02299641983387332,0.03237066488891971,0.033409141622418245,0.0034838507034973265,0.008639933716078409,0.0069822807416644915,0.0029941519277391685,0.008663085488847288
2021-09-16,-0.004657830022806926,-0.006330480778250858,-0.0046917021412603115,-0.009151660169242928,-0.018233587127425753,-0.02155144654368399,-0.004934121488616545,-0.0076918980957275535,-0.005578019475134607,-0.0046578300228069264,-0.007077501680512937
2021-09-17,-0.007891159993532675,-0.018967971345642015,-0.010971379179730997,-0.013401379323619986,-0.019694054209106002,-0.0292086123785828,-0.008395774503279274,-0.018885927428453297,-0.011861423478357733,-0.007891159993532676,-0.01901353920497812
2021-09-20,-0.009082696069970784,-0.018860837704356936,-0.013946506856573246,-0.09438528485763462,-0.09715327974257754,-0.11223464503286697,-0.009712473661963804,-0.021096435409286664,-0.01839984093414622,-0.009082696069970787,-0.023774352628614274
2021-09-21,-0.004232124299419771,-0.0035468724337492505,-0.002395393726586751,-0.04954608924258722,-0.04741334402479429,-0.05283231614886855,-0.004536898954378985,-0.006220180467328795,-0.00474924971238027,-0.004232124299419774,-0.006299865663055972
2021-09-22,0.0004401382605832804,0.0075010084606722946,0.005381090193629933,0.07231307418086369,0.10236581126962555,0.10677696351371425,0.0013049427338684885,0.01309044522515049,0.010128190262600745,0.0004401382605832846,0.0134545796133127
2021-09-23,0.0032515489120891845,0.007199022879900352,0.007716150453124758,0.029495875690824905,0.025905286772439095,0.017452459881538464,0.0032416416728672137,0.007143254900902664,0.008001133769663705,0.0032515489120891854,0.00837299963193748
2021-09-24,-0.002514886697971566,-0.005851838783416687,-0.0032288498564746683,-0.04651716300109322,-0.040342238154344,-0.061091808692087905,-0.0032185954350645654,-0.008284906598642294,-0.005983018153626318,-0.0025148866979715686,-0.008016403939909267
2021-09-27,-0.0033794966005841836,-0.002982948979453031,-0.0012273211662048454,-0.022393061923555557,-0.028070433810889844,-0.030572453153153732,-0.0033247448496331925,-0.005224418256172188,-0.002635314588793607,-0.003379496600584185,-0.004557401479876606
2021-09-28,-0.005406903462966274,-0.00783100024470381,-0.010266677964324717,-0.028617365224443744,-0.03202780484910937,-0.033078094866726394,-0.005468850500650604,-0.007617741123907975,-0.011138319363203626,-0.005406903462966276,-0.009349555004881624
2021-09-29,0.008616554359122543,-0.0008006355892676532,0.005690715968297634,0.013561507587139324,0.012888897980751506,0.023973150609140834,0.00898124519210846,0.0014453395011072591,0.00671171852644274,0.008616554359122543,5.8498776084934525e-05
2021-09-30,-0.009458896341484524,-0.013919011737499536,-0.009414711747329055,0.053159174448367215,0.039779496938974854,0.04134994888449449,-0.009131587020216235,-0.011958861917925898,-0.007220504570134564,-0.009458896341484523,-0.010548974771946539
2021-10-01,0.01431204967699704,0.008321580955995602,0.010320831469193806,0.09863948933321995,0.08704807128913052,0.08666927726126382,0.014309946895462214,0.014613694374966464,0.01356887745679654,0.014312049676997039,0.013703092522777216
2021-10-04,0.0022962465220320977,-0.008929261392285372,-0.001958235711863222,0.01871251678313554,-0.004690568054651701,-0.012502035873614457,0.0022800602049707357,-0.007561590616242906,-0.0022576203040620894,0.0022962465220320977,-0.008639516769757534
2021-10-05,0.0010900218034505785,0.007631584917457777,0.004074503163617558,0.04876623659193423,0.03582667961221076,0.03963180502007257,0.0010885703843730792,0.006798053254422854,0.005416533834712963,0.0010900218034505787,0.00955891874860221
2021-10-06,0.002539634575733703,0.007436743639437347,0.0028729405409851534,0.0742637077481008,0.03345214528901995,0.028540945111745666,0.0025290978450689143,0.00854411765079561,0.003969121158230801,0.002539634575733703,0.00921508005833869
2021-10-07,0.00866000308166635,0.005974952433390076,0.0071320762812491535,-0.027818725341355932,-0.002980850901136024,-0.006922668500878842,0.008646657432663206,0.0045244766502530055,0.006487703788573636,0.00866000308166635,0.005362760031180466
2021-10-08,-0.005162324998576648,-0.0013649518041950577,-0.0026562428044926817,0.0029090920012832676,-0.006915666583127501,-0.008370863967597359,-0.005156063811314339,-0.0013099859732557204,-0.0028411385329325176,-0.005162324998576648,-0.0017443823574983868
2021-10-11,-0.008673335831234863,-0.0034008766595947904,-0.008691265555246241,0.04924464556723237,0.021704348857194636,0.018759424674140376,-0.008676449445266682,-0.0029268248849796718,-0.007509789390340024,-0.008673335831234863,-0.0016847572068722841
2021-10-12,-0.0008348796007085185,0.012382741761207969,0.0003784173665243814,-0.025114141090338004,-0.0248062829983871,-0.024364277311291087,-0.0008384759331519723,0.011036710294262966,-0.0005922861952341571,-0.0008348796007085185,0.00984060929659262
2021-10-13,0.0006481913594527057,0.010183560342442223,0.0038111208661332097,0.02431071151060873,0.026379837964712317,0.030936645147251227,0.0006366844554589862,0.011382581844989031,0.004898695040448414,0.0006481913594527058,0.011290690293164391
2021-10-14,0.008845420953358383,0.021486401348780965,0.012458136436454652,-0.001420892894750556,-0.001955193853145928,0.008400999550882809,0.008837402825513638,0.01984682355103306,0.012210164624440776,0.008845420953358385,0.019884002776341538
2021-10-15,-0.0006488379776909889,-0.0026082442679690432,0.00259158555063308,0.0742724652487317,0.04419941971330315,0.02576350584580972,-0.0006522415980525777,-0.002164675960112957,0.00350956427563974,-0.0006488379776909896,0.0005913901125721632
2021-10-18,-0.0017095825517083041,0.007069810185636138,-0.0011689397978094755,0.007574065409038379,-0.0028595178001921025,-0.004867328160015398,-0.0017265891774872722,0.00602086367350089,-0.0014103100762367414,-0.001709582551708304,0.006391070498651603
2021-10-19,0.013772726918343251,0.000507289030272655,0.010841717919971336,0.03583873063627414,0.015520482153950695,0.015471769334112697,0.013763779508375032,0.0005204127392572705,0.010983233629159955,0.013772726918343251,0.0015335468007831561
2021-10-20,0.010454021600282935,0.0018277763524171,0.009913676383010557,0.026970996171580577,0.0324361178168963,0.049969855458049176,0.010447451707981885,0.003992670752401342,0.011552646579501759,0.010454021600282935,0.003920072642192996
2021-10-21,0.005540356340230314,-0.0026329818767136994,0.0032136789302553976,-0.05715120174210179,-0.03713279055085829,-0.03585416547427288,0.005542950349160005,-0.00399815226102388,0.0015817333509049593,0.005540356340230314,-0.004991287431121471
2021-10-22,0.0024715510182250194,0.011369759087509384,0.0016340523886971606,-0.024241689972028583,-0.010249226458163343,-0.010831194647433085,0.0024618189118958307,0.011257267579162282,0.0011503386715951472,0.0024715510182250194,0.009891948756021063
2021-10-25,0.00444068819463452,0.01232404877979695,0.004525983615759289,0.03449234092223364,0.021376288930284277,0.019898510408633645,0.0044350768991747586,0.010183395298788428,0.005096875193170154,0.00444068819463452,0.012942833319397202
2021-10-26,5.565969447786931e-06,0.012011443776377792,0.004782723972538887,-0.04225636439755311,-0.024013039067765553,-0.014527902118948346,5.215281377939432e-06,0.008258769480587319,0.003948724406899447,5.565969447786498e-06,0.009548915975472035
2021-10-27,-0.010899411401252845,-0.018687786894210835,-0.01315213917892394,-0.031527278434619666,-0.06877633204907906,-0.08605344218313442,-0.010904631394074368,-0.023484723768071356,-0.016308111075612315,-0.010899411401252845,-0.022111692671968282
2021-10-28,0.01824827191304781,0.02052966135648376,0.008604066016802001,0.036600536884816605,0.04159185048670527,0.05602759515404317,0.018212938818772263,0.02336015757189993,0.010728460460247832,0.01824827191304781,0.02196941072097846
2021-10-29,-0.0010927123202381546,0.00425471331696121,-0.0029014104993194388,0.026419287087114517,0.02068047507659521,0.028846988710179843,-0.0011345472427251968,0.004026722540077477,-0.001619886059156714,-0.0010927123202381546,0.005377530129048477
2021-11-01,0.00535185480123115,0.004237394192229058,0.005566447779299641,-0.00519914549443309,-0.006520297516270864,-0.0035511246442213092,0.0053553912025596975,0.004715315387379633,0.005145815050192198,0.00535185480123115,0.003778280030296917
2021-11-02,0.004689337484075844,0.01062908906256392,0.004833044314574057,0.035721223767112814,0.025717140386064007,0.03404935587770958,0.0046979359025220956,0.011202665594596383,0.005960768609050791,0.004689337484075845,0.01127301326361763
2021-11-03,4.9334070590039726e-05,-0.004364659649982792,0.004666958345280199,-0.0026509682813071096,0.01620733092056442,0.015244646915570502,2.8949811010054588e-05,-0.0035016925493868206,0.0049019166493558496,4.933407059003929e-05,-0.0034866932175919045
2021-11-04,0.0005756348210127387,0.006145096034884054,0.003857752734471437,-0.02449240278868752,-0.030139357565376338,-0.025104045939743063,0.0005799920532945429,0.002344063184174304,0.0023913386083264376,0.000575634821012737,0.004596556909833016
2021-11-05,-0.01219975075431905,-0.017756387268787605,0.00011434169273143602,-0.0051489867457526735,-0.0034751878325865477,-0.009529302923926874,-0.012207651507684488,-0.016479233626052595,-0.0001755075012797279,-0.01219975075431905,-0.017146897697213746
2021-11-08,0.0016037726853016512,0.010469368045562925,0.0017396245898959194,0.06650380385956396,0.05892025818325099,0.06112127806785553,0.0016078322982755343,0.010668997820661448,0.003753393247385232,0.0016037726853016547,0.012537143403250023
2021-11-09,0.0006057955108216548,-0.0033051198267746123,0.00038922435814178367,-0.006627803675935683,0.029302422250029967,0.05212591171875268,0.000604906598388558,-0.00020548565643946793,0.002381028611299131,0.0006057955108216543,-0.0019135030414162283
2021-11-10,0.0008581208908404047,-0.005618237931727389,-0.0035174263551679,-0.03078269015257164,-0.05044204931624233,-0.04921287539899128,0.0008265408581330212,-0.007230559643614641,-0.00508967432162208,0.0008581208908404032,-0.00753121770062575
2021-11-11,0.0023827366508095346,0.007817127774753414,0.0006258852796356277,-0.000890916497705535,-0.003095594661067998,0.010669038102280011,0.002370354864928317,0.006818864277064872,0.0008866440864206966,0.0023827366508095346,0.007351397248978861
2021-11-12,0.002325116394238892,0.003082926915101516,0.0023016894510333517,-0.0124137258270903,-0.015877318027845047,-0.02031519625363104,0.002339060126329966,0.002323725510387973,0.001413281556649639,0.002325116394238891,0.002273746172346908
2021-11-15,-0.002467128917364367,0.0018752086063314778,-0.0016442434420563608,-0.02869650617379107,-0.022375461097361406,-0.015525175348915907,-0.002473126632755803,0.002140502704700251,-0.00207791208849106,-0.002467128917364369,0.0008402443966295922
2021-11-16,-0.005061775919626376,-0.003143508999475025,-0.001007254801506826,-0.053860699908785954,-0.06082129085665516,-0.08339553895689275,-0.005050072664509416,-0.007061454243837761,-0.004310249847065094,-0.0050617759196263795,-0.005605067407822156
2021-11-17,-0.00292751403712597,-0.007475310587763198,-0.0045524015918494915,0.0033171538862085993,0.0020933241076814195,0.005129731299746776,-0.0029137477353731586,-0.005034145968412273,-0.0040424895771228805,-0.00292751403712597,-0.007066942713123067
2021-11-18,-0.002011457735283558,0.009372803016260403,-0.0018548017269035247,-0.05646706807246934,-0.052686687189015924,-0.06673130845399255,-0.0020168930691401034,0.006330014239703333,-0.0045054089048520585,-0.002011457735283561,0.00672424311999391
2021-11-19,-0.008074202804761661,-0.008504768092788441,-0.005943099239635644,0.021286833599470496,0.031584580655706254,0.04857704840067796,-0.00806998692160825,-0.007911821756038622,-0.003929276927063797,-0.00807420280476166,-0.0067938445738956466
2021-11-22,0.0038093413368073172,0.0031401755134435345,-2.5916616339101894e-05,-0.04136708883476755,-0.03856242028812612,-0.0376836792358412,0.0038066581513453443,0.0010582222051035962,-0.0013193454725728324,0.003809341336807315,0.001360402227441614
2021-11-23,0.006679633510946796,0.011806361642155669,0.006252178485259068,0.021704256530214225,0.008335094710028143,0.02313766162365699,0.006687715030786634,0.01196395860039654,0.006992206866382072,0.006679633510946798,0.011658215752538172
2021-11-24,-0.0008901868911446534,0.0047451829940122064,0.0014273130247938223,-0.022776675026184367,-0.027940154130800293,-0.02496340998862511,-0.0008827359458307667,0.004578513010610232,0.0003856766141133918,-0.0008901868911446548,0.0033502460904317696
2021-11-26,-0.014669310445519935,-0.027723703387538615,-0.018202836217951525,-0.06495577315227186,-0.06553208872655858,-0.066914879213853,-0.014680122362726774,-0.030846104958676943,-0.020169850918585495,-0.014669310445519938,-0.029337280502340704
2021-11-29,-0.0007482291930941787,0.012431731859112493,0.0067552553619128,0.009647152947342514,0.00895580144890934,0.017981658369646346,-0.0007131372528938304,0.013490510835012574,0.007133101175205183,-0.0007482291930941775,0.012283386942706873
2021-11-30,-0.021607170798471687,-0.01639697544113497,-0.022225955206710054,-0.014296107783192234,-0.01832627844878041,0.0024143592938885862,-0.021622400264709178,-0.016447497406218127,-0.021353366564943223,-0.021607170798471687,-0.016479313767745356
2021-12-01,-0.011555345160490524,-0.010182230694949335,-0.011912405307198158,0.0038086290983238946,-0.006926226262003727,-0.00409204125756807,-0.011558855123170697,-0.010333385350965747,-0.011548573100655105,-0.011555345160490524,-0.010096632103078687
2021-12-02,0.014120052105917782,0.025746054798745446,0.019531703912464206,-0.011325768013019584,0.05225836237660585,0.002483754374623964,0.014111627180044117,0.028013016999818625,0.018990913231677044,0.014120052105917782,0.026443048995971812
2021-12-03,0.00892548645638226,-0.007695352944683114,0.0016894608575315799,-0.0516072256479096,-0.07680134071483735,-0.05555560507604305,0.008938012952980462,-0.010610424458109214,-0.00031331309365445074,0.008925486456382255,-0.00951211190947484
2021-12-06,0.010289310834056278,0.006688810734953962,0.013044447484570855,0.02473121195680336,0.032187128295887234,0.03840644874834756,0.010299950807585136,0.0077478696292126465,0.014052570207830024,0.010289310834056282,0.0073591476841920805
2021-12-07,0.0030583235217780417,0.021892671361160413,0.011873871316952634,0.0018320923610931057,-0.018335783008612147,-0.004911342353825892,0.0030389871491368573,0.020553916972946288,0.011186634668828712,0.003058323521778042,0.020835087098576965
2021-12-08,0.0009018367178391596,-0.0017825458169874904,9.898485782353073e-05,-0.0036307279759616373,0.01931769025999745,0.03268883495701547,0.0009088313529370091,-0.0012473644575096217,0.0013923754758894515,0.0009018367178391591,-0.0012278320463142054
2021-12-09,-0.0029090509358031635,-0.007611938882170349,-0.005839890851293442,-0.056389601904451,-0.07606205125510768,-0.06821782406476821,-0.0029117624004083645,-0.00963229091307355,-0.008021838070632736,-0.0029090509358031696,-0.009411455238237007
2021-12-10,0.007669718320064735,0.005320566021819076,0.0059720634146609745,-0.009772371639745772,-0.05288836339523517,-0.035750571380167115,0.007659288047731452,0.004243301228155747,0.004420158576573046,0.007669718320064734,0.003790284815202209
2021-12-13,0.004953852374397185,-0.006082459145742248,-0.0011077313026950743,-0.06743500204250467,-0.09022758832509341,-0.07996563019902125,0.004948772813305272,-0.008600946786927764,-0.0040041024639974115,0.004953852374397177,-0.008294588987350079
2021-12-14,-0.0002355296875266688,0.0024010772870526774,-0.002457064672582243,-0.0026619863295931504,-0.002773552864939913,0.00960413565420211,-0.00023308537251743515,0.0022640147134665133,-0.001939180333172551,-0.00023552968752666857,0.0022650390648745657
2021-12-15,0.013095148798131518,0.019031991270746312,0.010300101816166217,0.04935689876165006,0.06827840333358076,0.049688123659083934,0.01309927092610004,0.02181637235528363,0.01169489805677193,0.013095148798131524,0.02032665275357693
2021-12-16,0.010419028975456652,0.0006446165368610333,0.006096716043500024,-0.025617466530583312,-0.03809766540989083,-0.031688390147813564,0.010414531462731866,-0.0010718991769801292,0.004878837812118375,0.010419028975456648,-0.00037389705818880554
2021-12-17,-0.01239455977912272,-0.013601048998570613,-0.011430684895950444,-0.030488984687268933,-0.019076546462065976,-0.02560531085277061,-0.012401913932424572,-0.01471720609251542,-0.011989410892114739,-0.012394559779122724,-0.013744996859305712
2021-12-20,0.0019897561652928927,-0.004563767034378935,-0.004973573558289588,0.0035770668355758393,-0.0038158683664488656,0.0023662684754275423,0.0019863311467838533,-0.00323559545128772,-0.004604461180714111,0.0019897561652928936,-0.004544105183741087
2021-12-21,0.0037088548761257533,0.00879356057571557,0.01026638689109204,0.043722477365921365,0.02931087079891389,0.03321718743885041,0.0037131133549864075,0.009093479149602164,0.011047552886919582,0.003708854876125758,0.009332949541623772
2021-12-22,0.006374190330502956,0.009270561733377095,0.005911144204708515,-0.0056516167401507765,0.01955556214429492,0.004683680940489564,0.006371347338653861,0.009571057376451409,0.0058250087903903795,0.006374190330502956,0.009540948819971804
2021-12-23,0.001716117534420187,-0.00019097037394771453,0.004033224451904235,0.045323942928534894,0.07840492736492408,0.05239030048823186,0.001718892013379911,0.0022548435962112326,0.005767782086580854,0.0017161175344201922,0.0018752731806320464
2021-12-27,0.010631457439994475,0.0194756067853167,0.011975034772904007,-0.002694923609398584,0.01802933983863422,0.0060993649478219385,0.01061673557754685,0.019908589734701117,0.01169927785630637,0.010631457439994475,0.01943758521112827
2021-12-28,0.004465006682907211,-0.0026955175791931437,0.002664350673460189,-0.06045178378597141,-0.06858170040236442,-0.0653639367405971,0.004472903071965741,-0.004201652776096,0.0002086839834759955,0.004465006682907204,-0.004427629616980977
2021-12-29,0.0010052444669317738,0.0013917383525763533,0.0013560644591809837,-0.024444280245399852,-0.04496703300553027,-0.028604428741334786,0.0010083355324916512,0.00014305235072274236,0.00031428042252482286,0.001005244466931771,0.0001729913788453089
2021-12-30,0.000627850567361044,-0.004048436853727286,-0.0005777319501762694,0.015887496920432273,0.02123861029380854,0.017239466524467013,0.0006283147555860222,-0.003410660439417556,6.0371863272803945e-05,0.0006278505673610457,-0.0033836540891542034
2021-12-31,-0.0011343172629768175,-0.0002423400981353221,-0.0010930441892437423,-0.018751641223376084,-0.025162213192432246,-0.015773724268671,-0.0011356026260857738,-0.0009437559311238547,-0.0016368223623289715,-0.00113431726297682,-0.0008974700558477401
2022-01-03,0.0021792756722040173,-0.008439060047197456,0.003755774773635573,-0.01889160678971093,-0.0336207714412484,-0.020719793936808874,0.0021385641916821688,-0.009368311324097569,0.0027112924574949297,0.0021792756722040156,-0.008927906223806868
2022-01-04,-0.0004920462271218004,0.0007748812856699149,0.004366137731270595,-0.012033619149580854,-0.010047503154521872,-0.011190684165961647,-0.0005014184963486534,0.0008395257165704796,0.003897343576201984,-0.0004920462271218017,0.0005647890813475817
2022-01-05,-0.0017728743393243013,-0.007771536417550288,-0.008806013020807305,-0.050783188468065274,-0.0589974469784899,-0.061292760850375834,-0.0017728474459766047,-0.008971907967719881,-0.010732332327166335,-0.0017728743393243072,-0.008765972027155719
2022-01-06,-0.0039583768475601,0.0024004143530894934,-0.00121829756123165,-0.009049373216350675,0.019167169611265144,-0.0018448289585609604,-0.003950872682923729,0.003202768750651665,-0.0011655939686923277,-0.003958376847560101,0.002725903120466968
2022-01-07,0.004308268736681553,-0.014604403185329878,0.0018293858907146268,-0.03725512754668438,-0.046636124874492986,-0.04099777718148626,0.00429111943296631,-0.015526082359961599,0.0002356052968673695,0.004308268736681549,-0.015226226874472129
2022-01-10,-0.0011588375718172357,0.0036245628130566073,-0.005930878312833589,-0.002416258541981663,-0.03877463155617729,-0.028354648944506892,-0.001135295818812573,0.00308518815458062,-0.006936302785020528,-0.0011588375718172357,0.002801478006214768
2022-01-11,0.0038222541526066363,0.007433112027174716,0.006742604534889421,0.022072193748882297,0.04685854984141347,0.034048566345862674,0.0038124581834498485,0.00841533925171346,0.007673404730889649,0.0038222541526066385,0.008198468052230104
2022-01-12,0.0012337957230103198,0.00858965780489819,0.002819157015112676,0.02890138882415973,0.08092169040413817,0.052767993900273646,0.0012270189884169614,0.01036646746244293,0.004814044685779736,0.0012337957230103233,0.009993821208616631
2022-01-13,-0.0021259468674776696,-0.013661086895271728,-0.004386025708262065,-0.03105722275306994,-0.045491637996618914,-0.034479812936681384,-0.0021410404789304416,-0.013789117024364052,-0.0053786055202141745,-0.002125946867477674,-0.014279005310814373
2022-01-14,-0.0024448504642045014,-0.0009299379265873516,-0.000480326899127485,0.012177213732001948,0.04686077497685657,0.025239908475132123,-0.002451623939642285,0.00024851807527704445,0.0004412848070913677,-0.0024448504642044996,-2.1889378587305365e-06
2022-01-18,-0.0091242944570324,-0.012326078379495547,-0.009513292901258569,0.002368987203300149,-0.03579448240086686,-0.01616818903372297,-0.009121070902254506,-0.01215877033011684,-0.009591612115040307,-0.0091242944570324,-0.012781664554614793
2022-01-19,-0.0004464418472154754,-0.011627170226658528,-0.0040036467882569385,-0.015389870192769798,-0.06583347693336829,-0.02813670563077886,-0.00045094366370547825,-0.012548719600548333,-0.004874741980583843,-0.00044644184721547757,-0.01267946351074217
2022-01-20,-0.011049692154106344,-0.017166627611233394,-0.010678895938683132,-0.025747313270230866,-0.062394266559120705,-0.041000718099510336,-0.011061674229003766,-0.017909908754400832,-0.01175950546423264,-0.011049692154106347,-0.018044620295319547
2022-01-21,-0.004512815475505853,-0.01107966276875871,-0.009401186039113716,-0.10383538930527922,-0.10959386517030717,-0.11572686168658147,-0.004510736383146181,-0.012577977563409722,-0.013291138444053371,-0.0045128154755058655,-0.012992093994425927
2022-01-24,-0.005051159507359563,-0.00047639550457340943,0.0007602737387252058,0.00998165486359781,-0.0447757252824833,-0.02669518798567592,-0.005018051547833825,-0.0015307895181537223,-0.0003327321952175282,-0.005051159507359562,-0.0013363671581841656
2022-01-25,-0.00499885302252308,-0.000494168047727912,-0.00494018919374744,0.007965213624476154,-0.014093237423136836,0.0008385011251518383,-0.004985191692913719,-0.0002888015771164974,-0.004500829649157113,-0.004998853022523079,-0.0007581633324640141
2022-01-26,-0.016022818021995778,-0.009711590193465038,-0.010895066685101408,-0.0024970855946050458,0.02655544134532259,0.004865501434573916,-0.016005593067002978,-0.008981083441482154,-0.010339561647561672,-0.016022818021995774,-0.009007547508387734
2022-01-27,0.0002194305163707392,-0.0017751977069427117,-0.002716912502452891,0.007476111127252678,-0.023597052012136174,-0.008223112553630197,0.0001932617373817053,-0.0022362853316208985,-0.002858002623954832,0.00021943051637073963,-0.0021988198300261193
2022-01-28,0.0160983484244226,0.03271028781216178,0.017691978753001644,0.017321991137698983,0.015673251984173592,0.024971243553401946,0.016079366018529974,0.03251561182331698,0.018041650714336138,0.016098348424422603,0.03237955215663214
2022-01-31,0.010893638453140356,0.00756333113912677,0.012883652953527749,0.014910149357965953,0.019269088812430984,0.01496489026244929,0.010882778071485964,0.006969664888646913,0.012686808872039209,0.010893638453140357,0.00779057204397897
2022-02-01,-0.002669288920032703,0.006505419139356086,0.0062091573849490985,0.007115869417072486,0.037198711659251725,0.022696854433210296,-0.002590769045539298,0.007115445356146622,0.006791066546274035,-0.0026692889200327025,0.007018281740453522
2022-02-02,0.011441599496526587,0.026992267815406625,0.010282660840900713,-0.046319881478719994,-0.02460922624520733,-0.04028560676115035,0.011453665316440643,0.026407073504929022,0.008210206049599655,0.011441599496526584,0.026130044368792495
2022-02-03,-0.005905585099265447,-0.00803292384577567,-0.00843937971999177,0.005729200947910849,0.049180957025439405,0.014237449658580818,-0.00590663686538434,-0.006589350823613707,-0.007455356111128297,-0.005905585099265446,-0.007076921496289383
2022-02-04,-0.003738403349787007,-0.0030877190750923473,-0.002828641255259729,0.11643929677446632,0.06742747694605095,0.08983737261448338,-0.003725795203529658,-0.0020723045343754853,0.0006499625288813788,-0.003738403349787001,-0.0019094614207577102
2022-02-07,-0.0010147655040228082,0.004251596580764367,0.001123831528997009,0.03382522638282102,0.11858854662547244,0.06681730423872068,-0.001028268756718614,0.005845369638921247,0.0037598314519108464,-0.0010147655040228063,0.006162083882296654
2022-02-08,-0.001247449674040466,0.002849108025866691,0.003310985721396993,0.0060645130043719304,0.0007645804335171865,-0.0017625238448523758,-0.001253603137847668,0.0020511971867947856,0.003008318116900522,-0.0012474496740404657,0.0028142770854461163
2022-02-09,0.006465533366337251,0.01987078016001502,0.010319485286168386,0.005105506022936866,0.040024982835243424,0.018871212202216818,0.006441235261939782,0.01994492038441299,0.010448749693088483,0.006465533366337251,0.020207542232717465
2022-02-10,-0.01737546662794423,-0.01906966761732383,-0.01801862883652901,-0.01767985478810024,0.00370862914490268,-0.026707148814786,-0.0173870240312495,-0.01832434245919383,-0.0183421252752777,-0.01737546662794423,-0.018689058840390814
2022-02-11,-0.002709368649573087,-0.006093136458359155,-0.008456409843644996,-0.027023802210336602,-0.058348961709814705,-0.05781761724469218,-0.0027312243849741437,-0.00592518013619741,-0.010065855517224689,-0.002709368649573088,-0.006966293303411946
2022-02-14,-0.007878592647634653,-0.006880488905823132,-0.0060983660127258265,0.00916431148449086,-0.03285097687638015,-0.0029767954583597945,-0.007884542523886554,-0.007610782813734377,-0.0060822955950888425,-0.007878592647634653,-0.007314436876824152
2022-02-15,0.0021657496390945848,0.0025066389479544374,0.007628291922251801,0.046788815043731495,0.06527263756520868,0.055172947764948785,0.0021592364286261434,0.0023248460247884905,0.009142269977935488,0.0021657496390945874,0.0035554131480653255
2022-02-16,-0.0017619232441118085,0.0016442269906005746,-0.0008489383465498006,-0.013844993746246467,-0.030487783786389163,-0.015535687924384384,-0.0017681393159595746,0.0011416197123189323,-0.001372085567491005,-0.0017619232441118094,0.001107324453510565
2022-02-17,-0.006750497389896587,-0.01448912216968532,-0.012330741224223127,-0.07765284371838098,-0.08903614443683218,-0.07743372147480188,-0.006766875490502,-0.015082081688073255,-0.014636540401732283,-0.006750497389896591,-0.015734748709073848
2022-02-18,-0.005455126760660088,-0.008780015783861471,-0.007206837110685793,-0.012633658416387172,-0.003791385974361526,-0.008731937331622468,-0.005433872149987474,-0.008768885045219233,-0.0071409922306419175,-0.005455126760660088,-0.008696659406947723
2022-02-22,-0.004012483739698966,-0.006921899516880152,-0.005305106935147833,0.03269755991352578,0.05759985367016913,0.03826628701441913,-0.003993151820705877,-0.005625114186189182,-0.00350519098589147,-0.004012483739698964,-0.00584378793450667
2022-02-23,-0.002672904206090218,0.00820591730529923,-0.010092020006796954,-0.025798717311929734,-0.011194434701510634,-0.021242290237724833,-0.002666706676393038,0.009213044853666225,-0.010415112400276025,-0.0026729042060902185,0.007881751529145732
2022-02-24,-0.0010623804668289712,0.001585217340982843,0.005104574611102845,0.027190101735755666,-0.00029824499494284537,0.0033065338135155505,-0.0010615702027132984,0.0006942229306458423,0.004730845192043029,-0.001062380466828969,0.0015537460548037613
2022-02-25,0.026167486692899637,0.035097223648294644,0.025603504398650882,0.023374071127166926,0.06550770796133862,0.041878923442322934,0.026178887165404494,0.035378271424495344,0.02631108970799989,0.026167486692899637,0.035605360729883746
2022-02-28,-0.004996669372850093,-0.004325720900731955,-0.004262820431102151,0.1450635715763838,0.09644843673387579,0.10407900347967514,-0.00496194481569538,-0.0025789638204689286,-0.00014028919633283718,-0.004996669372850085,-0.0026418579989469343
2022-03-01,-0.001781679933713949,0.005665862041201104,-0.009953440303515627,0.02688852457000101,0.006373647112794539,0.005184654632458664,-0.001796165421666067,0.0060774361529106116,-0.009162614720421802,-0.0017799745748328733,0.005680289084962646
2022-03-02,0.012064534676483827,0.019425940288581113,0.017149873974571423,-0.009706302725009278,-0.025221320915053996,-0.01801688239606216,0.012050112120856417,0.018167309157181732,0.01564375784764186,0.012063239705221718,0.018515878721772853
2022-03-03,0.008460842637953592,0.008284680024001206,0.0025450452617076977,-0.0335198114219356,0.02079300870444028,-0.021250162646674807,0.008483433527511061,0.008889270477163863,0.0018496451001860001,0.008458345547944168,0.008539641893782065
2022-03-04,0.0067664978578339755,0.010529375851269668,0.003878408361548225,-0.07806935036049166,-0.08551094615151275,-0.06987514463547986,0.006810771926550911,0.008496273461511926,0.0011197923014218385,0.0067614516584888,0.008571750600305659
2022-03-07,-0.008816629664833504,-0.00962360895335014,-0.013599145934175631,-0.00931664388528264,-0.015391026104362795,-0.017451126728573733,-0.008798631582833418,-0.009466843001210517,-0.013520394988171062,-0.008816659406640592,-0.0097411683410346
2022-03-08,-0.013707493990918192,-0.022333314320293316,-0.007819314890755493,0.017740259990833174,0.018580710597287834,0.019183126311237482,-0.013701982204810555,-0.022036555246104202,-0.0067698949206094206,-0.013705623418054449,-0.02149934868349644
2022-03-09,0.0043064789362362525,0.008079835078921162,0.011760671280341136,0.08378639716414903,0.05319660042753259,0.06272294567401362,0.004312775310715467,0.008261551076283982,0.01351671771381,0.0043112065545690605,0.00899946672161496
2022-03-10,0.0017022596109694949,0.00801261743834722,-0.0003796732405026598,-0.06063095404577133,-0.049726137409920775,-0.046109802959306695,0.001710403875607126,0.006747037200392608,-0.002137446928856231,0.0016985519115883564,0.006835707135537994
2022-03-11,-0.005393119135778323,-0.006789174743823934,-0.007682438750850903,-0.01629131962293939,-0.0019196551179223474,0.00524300573388565,-0.005367193934846455,-0.006716632273562143,-0.007048756389475693,-0.005393767381694605,-0.006689917532051429
2022-03-14,-0.0046944418712413435,-0.011043389306566695,-0.007700961321152968,0.04800808379037379,0.020216439942974097,0.027062659057777216,-0.00467384469507059,-0.009636880148241513,-0.006102240812468201,-0.004691307023696726,-0.010406208695302694
2022-03-15,0.0073266766276481946,0.007471138785851515,0.009487400488916952,-0.00826810156372093,-0.0025138432307070637,0.002412177331702794,0.007347634213758677,0.006088683960882911,0.008916926510019654,0.007325749020261105,0.0072676112203621974
2022-03-16,0.005841225586297024,0.005937219188083014,0.012790094844357622,0.045887144813449014,0.056158464378087906,0.04178714305393012,0.0058168052869596015,0.006547788692484562,0.013666090629061368,0.005843607594559156,0.006960897323147577
2022-03-17,0.011327208440346098,0.0196714882102801,0.013434315012999843,-0.00467993171076464,-0.006634918914348474,-0.0018826140873115546,0.011340198904371926,0.01969105243203552,0.012888311614794557,0.011326256304876894,0.019135275026323673
2022-03-18,0.0032414112312044523,0.006996044483634344,0.003650161380127538,0.02075088474298736,0.032628157941533176,0.02303199829745642,0.0032239676947785267,0.006748249954571909,0.004285124633656734,0.0032424527283501183,0.0075185132914680295
2022-03-21,0.0025804697130719476,0.0147201880972402,0.0025268689705866174,-0.004117262624553248,0.008042115278465583,0.021619768138488274,0.0026011345207198836,0.0142148196236612,0.0033838024685455335,0.0025800713190764126,0.014584066479723854
2022-03-22,0.004467600661012341,0.002168566026120146,0.005239600368943725,0.03118001416322436,0.1861407111868131,0.05782121977311091,0.004464740400955465,0.00649522100478984,0.007358512325079204,0.0044691895667208804,0.005918538010076579
2022-03-23,-0.009386060739414278,0.0006696300125551572,-0.009049702046464684,0.012610091153007815,-0.014061269754072566,0.014464780489238601,-0.009421046865619603,0.00018588035124583952,-0.007984071809397968,-0.009384752366013095,0.0003693646578457585
2022-03-24,0.006475871493553035,0.018824837900372912,0.00912187346961852,0.024898646221148013,0.06774452099118587,0.024407520861861823,0.006467682935289276,0.01901353886107938,0.00953057417416222,0.006476967315610797,0.01982198581585947
2022-03-25,0.00860780030162777,0.010966591265136376,0.009289254677360172,0.0088213976205258,-0.007890007475688176,-0.010302971812321548,0.008609607564322587,0.010950837302697164,0.008621026817592818,0.00860781300680693,0.010582230268915803
2022-03-28,0.005528997924473299,0.00194436253202917,0.0029449722988805767,0.006567887358349898,-0.01472157036069346,0.0037591676628878088,0.0055366250275265694,0.0016413653958499918,0.0029420118649181102,0.005529059719614045,0.0016046546845198688
2022-03-29,0.012737174602927444,0.009297845172833202,0.012433854071150687,0.00716615461100001,0.03960193526743991,0.013510179648788916,0.012776288702608388,0.010254377437457073,0.012440221992007042,0.012736843227948286,0.009915544600943946
2022-03-30,0.0005293780477324493,0.0007838920866188072,-0.0022292883331576836,-0.008491735032190577,0.007408514325678237,0.008160600753984221,0.0005294563902571526,0.0011750839784289335,-0.0016858061746345262,0.000528841454583766,0.0009189242012852359
2022-03-31,-0.008933980862491708,-0.011077334580826409,-0.012465076446265867,-0.032382108229702326,-0.048765793428738165,-0.030656435652061664,-0.008902883112041618,-0.012049206848849504,-0.013126377531463854,-0.008935375602185495,-0.011845552316585902
2022-04-01,0.009095249604860085,0.009446529857587082,0.008433235277693707,0.016315115388267687,-0.0026323779992490784,0.014710511354245216,0.009095986290056306,0.009358714881153665,0.008793104090120695,0.00910018561053929,0.009236435125048476
2022-04-04,0.0028926032461170544,-0.0029659196279601457,0.0013021662567981205,0.003640395949819905,0.0031004237131491146,-0.006325218513501335,0.0028986986309101175,-0.003098865554382548,0.0007780168195869507,0.002893114489558841,-0.0028604045601374885
2022-04-05,-0.004450268192805502,-0.003075274946419718,-0.007032573429698595,-0.02287907280900814,-0.05048934651642988,-0.027679427138908405,-0.004491109703039143,-0.0034512309683530067,-0.007701245576111044,-0.004462867413757168,-0.0038999725766305305
2022-04-06,0.011084136735965925,0.016650000177296734,0.003876560929915564,-0.05156849392240014,-0.13721969882092633,-0.08799639460374514,0.0110285526704655,0.01506931186181204,0.0003780970436003092,0.011041303011624747,0.013973664399262679
2022-04-07,0.003488231262616961,0.013171410613240411,0.0020779511855184454,0.00687645924730518,0.1315261520775539,0.03292568801850749,0.0034999448020205286,0.015591628844867655,0.0033324249913512334,0.0034905476924615847,0.015230016246078955
2022-04-08,0.007153431935571509,0.004780456508790349,0.0038931172756415527,-0.027955770794339748,-0.06956457480114274,-0.03999007869642886,0.007153022502903523,0.004167337990849124,0.0022600593479702082,0.0071294288267512,0.0034873346757767305
2022-04-11,-0.014246115928814543,-0.025433894821041664,-0.011595967511549416,-0.06363225953812457,-0.08562022262226789,-0.07906497160982348,-0.014276685020163696,-0.02683653838350039,-0.01432577421355152,-0.014279879753883118,-0.026480746953018396
2022-04-12,0.002781339098233541,0.003935282454379473,-0.0006301981152904616,0.015315083892861292,0.029618579766917952,0.027213429814446598,0.002806005493936127,0.004462100980261244,0.0006220674489238844,0.0027899080436050968,0.004382005415059512
2022-04-13,0.006197047861299664,-0.006603411110574655,0.007262616751811595,0.02590630046515185,0.011578742718610932,0.03561288897490589,0.006236048605195378,-0.00742539180441113,0.008315777765104313,0.006210522486133974,-0.006287159443537015
2022-04-14,0.0018166181448375312,0.00678579254889581,-0.0009429483928294926,-0.029908006531745964,-0.03809488464522671,-0.02442118399643762,0.0018256862617309004,0.006670307244294555,-0.0017540501658232204,0.001794928970513249,0.006005159565930046
2022-04-18,-0.0045191550161538556,0.001981376042636919,-0.001495528513420964,0.02792917460860744,0.006707059778536366,0.022939488804934093,-0.004510084444233745,0.0016687652395986803,-0.00048596710207850257,-0.004496971066463738,0.0020635723200092895
2022-04-19,0.008655605833339223,-0.004665980832836312,0.010772146321238355,0.016571096753378534,0.024918597345784832,0.02022042055024942,0.008671231620582831,-0.004306349940684577,0.011054775628655816,0.008661017417059352,-0.004151400863076292
2022-04-20,0.0025968978755053747,0.004715815436885765,0.0028408172818217984,-0.0030930744047080743,-0.03390099527005563,-0.01199293018574588,0.0026051602365384664,0.004753135943973429,0.0023980054016384447,0.002593007812125777,0.004044133144651286
2022-04-21,-0.010551579720194423,-0.01737339779047466,-0.011400547063073257,-0.020471984048854187,-0.0442694611447636,-0.01799350174145603,-0.010575281993994094,-0.017054110341891925,-0.011524697164753989,-0.010558362003075476,-0.017841215022275352
2022-04-22,-0.0156986067665913,-0.026817272187955668,-0.020902303462828717,-0.019420038833716236,0.018328438777471808,-0.012946811761781297,-0.015730644729755175,-0.025767684040359118,-0.020522219085132177,-0.015701150998072764,-0.026032029334631095
2022-04-25,-0.0014810981525231661,-0.006906489952627817,-0.00262878140517596,0.02505785005530891,0.000422819936776627,0.01142288054500519,-0.0014688318328029716,-0.00699576439501107,-0.0022268033475373256,-0.0014629542696583328,-0.006779007450140186
2022-04-26,-0.01605975270219718,-0.010063164870684448,-0.017907713218608408,-0.05785826787162362,-0.08963684370436877,-0.06715181176154447,-0.0161087646723197,-0.011008492704680862,-0.01976607100199423,-0.016088329093289208,-0.011447231292071546
2022-04-27,-0.0029591351839433717,0.0011754284572757885,0.00023223291467564032,0.029478882606909004,0.02040769690532152,0.024570670620424756,-0.0029573564367863683,0.0018343330663472335,0.001257013557533035,-0.0029369582841447988,0.001509945314560696
2022-04-28,0.015492029855391224,0.018792812698652652,0.015972601001466195,0.013575224570606002,-0.0038072068805537988,0.009344917715282487,0.015442335990277752,0.017655601398134248,0.015575286770472915,0.015490719393111805,0.018399718792718654
2022-04-29,-0.03134152578375034,-0.05325892563326812,-0.03387641761408455,-0.029265573899293847,-0.06343692909394671,-0.03575352008820379,-0.03131408953351465,-0.05392506033635294,-0.03387748789578591,-0.03134010651771427,-0.05343595694604844
2022-05-02,0.0005928259238704285,-0.013154599862171275,0.001271375590126219,0.0015657861708790958,-0.008289777449504872,-0.002944518309666374,0.0006078441618582626,-0.013154611036754195,0.0007348903102407915,0.0005928259238704285,-0.013154599862171268
2022-05-03,0.0026825197510790162,0.008362174640692388,0.005326364307806084,-0.020215120218891703,-0.02257539850571511,-0.010351594841527546,0.002691010220479734,0.00836216696911787,0.004555953165427352,0.0026825197510790154,0.008362174640692348
2022-05-04,0.024568608890939644,0.017498312251097287,0.02786717652125517,0.05159985662423753,0.14324572055476636,0.09550525032540921,0.02455711489539708,0.01749828487306179,0.03079180199674627,0.024568608890939647,0.017498312251097447
2022-05-05,-0.014927967864751559,-0.023737234245771382,-0.021381922480612634,-0.07867402068901798,-0.07793848758671952,-0.08777640192468544,-0.014928753288023122,-0.023737237563995987,-0.024065407025184567,-0.014927967864751562,-0.02373723424577145
2022-05-06,-0.005783027915186072,-0.0007464621531411099,-0.0037192886101113064,-0.014606061408683894,-0.012586161491039971,0.01026853887201267,-0.005805775764428009,-0.0007464914004409202,-0.0028448413753198493,-0.005783027915186074,-0.0007464621531411237
2022-05-09,-0.014196259874258228,-0.05250640886881106,-0.029206182289308946,-0.11046369999353148,-0.13136583355159237,-0.1370883899131652,-0.01418844669990349,-0.05250644788507321,-0.033806589477988244,-0.014196259874258235,-0.05250640886881116
2022-05-10,-0.00797350654934511,-0.008558986936048918,-0.006183867576219304,0.023961258480509347,0.038300474504386235,0.03545371037452168,-0.007954367684150167,-0.008558974177969332,-0.004527811664829614,-0.007973506549345108,-0.008558986936048854
2022-05-11,0.006982448292929232,-0.0012708011286928565,-0.0003353082240774415,-0.06725839173272165,-0.17095350162237488,-0.13733510107071312,0.006924635126396614,-0.0012708006602461424,-0.006635361370418807,0.006982448292929228,-0.0012708011286930712
2022-05-12,0.007130340483950687,0.005848073527654667,0.0033203571590413304,0.003849706798608499,-0.04204395409602769,-0.0463776478760238,0.0071324472845383565,0.005848074987515729,0.0010209508844357949,0.007130340483950687,0.005848073527654605
2022-05-13,0.009919652373398414,0.01615536606517674,0.01807145718140024,0.00810222983450817,0.08173209979145102,0.06421502746073836,0.009904982567041696,0.016155358182843343,0.019875992702712245,0.009919652373398414,0.016155366065176823
2022-05-16,0.006154583573075842,0.0042089853003513065,0.0027204448614710905,-0.04606900155712879,-0.058442330656272704,-0.05852818775755571,0.0061348314263131,0.0042089905119791085,-5.925608300283273e-05,0.0061545835730758384,0.004208985300351227
2022-05-17,-0.002824069597631362,0.007685272218538735,0.014055298934505123,0.018850785235190022,0.044700269292634605,0.04229095887448243,-0.0029092749628362793,0.007685273417666878,0.014969132837810817,-0.002824069597631363,0.0076852722185387825
2022-05-18,-0.02453595799549732,-0.03165689537995274,-0.025061860409406785,-0.05605711989808216,-0.08960720066363427,-0.0774603934546306,-0.024572611955763934,-0.0316568553760188,-0.027312776726643485,-0.024535957995497328,-0.03165689537995282
2022-05-19,-0.005307278633727544,0.0007917796850767895,-0.0019938069546969125,0.05550304428240648,0.05471824157419203,0.04775591176310114,-0.005303510009738435,0.0007918074621339149,0.00024537683080547244,-0.00530727863372754,0.0007917796850768587
2022-05-20,0.0029740847490125903,0.0021098243739812676,0.002789646107556155,-0.036734890846488066,-0.033769122061078516,-0.03184650924938932,0.0029845647534212172,0.0021098222183252953,0.0013290778554589486,0.002974084749012588,0.0021098243739812216
2022-05-23,0.017151270191524348,0.015306323735517064,0.01729026315017878,-0.04039123144227663,0.030947701782156643,-0.034157202954481464,0.01714104830962008,0.015306317644884687,0.014806830875356065,0.017151270191524348,0.015306323735517081
2022-05-24,0.009874767964839066,0.003014573389068233,0.004812990932572632,0.019130468401079802,0.11351597998421156,0.02994765422100086,0.009848188656803161,0.0030145718164706643,0.006404209670063783,0.009874767964839066,0.0030145733890683743
2022-05-25,0.005385137704506541,0.010709312135770324,0.006943476956723855,-0.0031435767133879333,-0.023209046367302588,-0.007930006199329048,0.005397504091312683,0.010709301237036478,0.00611603944663886,0.00538513770450654,0.010709312135770279
2022-05-26,0.0057195224173707095,0.009347189206966328,0.010681065952093052,-0.009983529917456666,-0.07068604558505,-0.04808266220892511,0.005727183131641892,0.009347183994149778,0.007679399264643205,0.005719522417370709,0.009347189206966224
2022-05-27,0.010935376474715174,0.01913878851826583,0.01703382743422201,-0.02185551924250806,0.018734723644117747,-0.029140003161517405,0.010942664650908132,0.019138808703126682,0.014756155307397448,0.010935376474715174,0.01913878851826583
2022-05-31,-0.009290980909089523,-0.01537660558184225,-0.00813322758702196,0.002077763041316686,-0.0423424492262987,0.012088990922292922,-0.00926906218829104,-0.015376602291212594,-0.007253376886931303,-0.009290980909089521,-0.01537660558184228
2022-06-01,-0.005563425359681445,0.0003538892856513537,-0.005405330742710228,-0.055994654733941863,-0.00851633971021956,-0.06982875509562583,-0.0061977695794311095,0.0003538835392122581,-0.009102387822580636,-0.005893731714573222,0.0003538892856513351
2022-06-02,0.002959056506856017,0.0017776606105354763,0.01131564536149959,0.02076016561544236,0.008924915904946108,0.02356092241407753,0.0029592270648315143,0.0017776500416906878,0.011641398447198376,0.0030756473481986426,0.0017776606105354906
2022-06-03,-0.0052827119210568305,0.002164690008818587,-0.007404398866897321,-0.026464339004697034,-0.03651199348035498,-0.026241670318003417,-0.005338384859248329,0.002164697070229547,-0.00835382619535398,-0.005421443935316333,0.0021646900088185045
2022-06-06,-0.004598603248745735,-0.002966604340053197,-0.000899857366503885,0.04332206883097021,0.003426355634413454,0.029483224300026766,-0.004062321701570399,-0.0029666091159153626,0.0007897898413749333,-0.004284740138228469,-0.002966604340053184
2022-06-07,0.007681518466006709,0.013297852165270907,0.009196663009305637,-0.005545079151025502,0.003769744996903571,-0.011718553703656312,0.007345214838119388,0.01329785648733992,0.00791532136579995,0.0075948890242756705,0.01329785216527089
2022-06-08,-0.00959196573315953,-0.007523265016176117,-0.012441031822265807,-0.028546389768724083,-0.016777864091887723,-0.01441174194442819,-0.009950186676990488,-0.007523257427201148,-0.012580889821524398,-0.009716110371113883,-0.007523265016176137
2022-06-09,-0.022737478935979473,-0.02479724149722695,-0.022319973408292983,-0.0024487818875481484,0.004204042995810316,-0.005949842335088138,-0.022500540423669925,-0.024797250505530288,-0.021309869412339717,-0.0226045952912474,-0.02479724149722689
2022-06-10,-0.009546914960232229,-0.012714873690488834,-0.020563420040412072,-0.033026144758033005,-0.025093907437285082,-0.05136164524229961,-0.009295222885642478,-0.012714880310751962,-0.0218063472443258,-0.009700695443206857,-0.012714873690488862
2022-06-13,-0.032346062098950995,-0.04168507106987781,-0.03741319019142117,-0.16042797679013915,-0.16525123860314003,-0.12890599852830142,-0.03341437088588759,-0.04168505731286706,-0.04245666574771144,-0.03318495242334191,-0.04168507106987807
2022-06-14,-0.013711787811146256,-0.007628521647295742,-0.009370866234782407,-0.02645976503643967,-0.1255290935154463,0.008627936943400322,-0.013827220006465416,-0.00762849562247383,-0.008620768513935702,-0.013795282462015885,-0.007628521647295992
2022-06-15,0.0029036784347431094,-0.004827923340553984,0.00889223038443175,0.03028976333681665,0.12811457007507193,0.0632456486451129,0.0029747859031602885,-0.004827928094652559,0.011682579329846338,0.0030830474089084993,-0.004827923340553702
2022-06-16,-0.007909208031575889,-0.020763162041251948,-0.0226781438812423,-0.09261869677517356,-0.06106491700214201,-0.10669035990359389,-0.00852643639805793,-0.020763150041464652,-0.027052026038066296,-0.008464024616434404,-0.02076316204125203
2022-06-17,-0.004103436829664353,-0.019675121349365863,-0.003853930158823762,0.005503321755560387,0.013267871448294409,0.03528532821136848,-0.003907264692831678,-0.01967510766322736,-0.001697322285784052,-0.0040405160274157685,-0.01967512134936579
2022-06-21,0.022273833020687382,0.03571989947056048,0.021779557483808356,0.012195568117236367,0.0604068809922896,0.006708008057699486,0.022283216791269735,0.03571990886875622,0.020985787887680435,0.02220782402219186,0.035719899470560534
2022-06-22,0.0033573255022796107,-0.0034386789991932578,-0.00011699955157866654,-0.03389855575173972,-0.02653983468457399,-0.03609068213931864,0.003110323895739382,-0.0034386656143444026,-0.0019773579808329165,0.003113312923407665,-0.003438678999193305
2022-06-23,0.013102534049475995,0.003429308059965522,0.006371080573333995,0.04939716652187037,0.009853533091909028,0.04733702073503065,0.013643630483817401,0.0034293151891357904,0.008986351540554377,0.013340250795683496,0.003429308059965535
2022-06-24,0.014227392168419138,0.018065834799879207,0.024152110397728504,0.010237560335311481,0.033789708201680736,0.03714896269032419,0.013858258599330266,0.01806583733226869,0.02450661256986323,0.014201260209595673,0.01806583479987924
2022-06-27,-0.0029440302353966556,0.012028626602427036,-0.002398761150743729,-0.008148422366938593,0.03244874600312853,-0.006508060520597643,-0.003139079924449611,0.012028627068358035,-0.002529846424458245,-0.0029781171259152207,0.012028626602427081
2022-06-28,-0.008827182767026898,0.001451875557986464,-0.009588620883564415,-0.021129246145158643,-0.015416255334360385,-0.042120462773171996,-0.008801293729129463,0.001451881157525973,-0.011242448682739693,-0.008907756843100328,0.0014518755579864284
2022-06-29,0.0005562725401330999,-0.005961739046784721,-0.0026142804394423853,-0.009893710267390842,-0.018292497182254792,-0.014644814402004082,0.0005271640682318051,-0.005961737090632241,-0.0031416320484452275,0.00048782892349589287,-0.005961739046784747
2022-06-30,-0.007510044674256557,-0.0063829118602803745,-0.006346231494379533,-0.014061041132397875,-0.0011568339800731471,-0.007791380175231583,-0.0074292653657804545,-0.006382919411386578,-0.006221566901281888,-0.007552951337208185,-0.006382911860280363
2022-07-01,0.014886973332699298,0.013626247097864908,0.013104236287469886,-0.02124871004696038,0.0029186762025199464,-0.02223566003754223,0.014886279568169996,0.013626215100165108,0.011152611995163611,0.0148869733326993,0.0136262470978649
2022-07-05,-0.0036357185452700336,-0.012958393953195917,-0.007164257877378618,0.0006590267539598042,0.01421813341677989,-0.017878977549705275,-0.0036298447994740812,-0.01295835433248126,-0.008027642238665257,-0.003635718545270033,-0.012958393953195898
2022-07-06,0.0014983822032173953,-0.003427881373100108,0.0004810456702251263,0.013321590737682824,-0.008915808026445081,0.016941152916160447,0.0014949282000276882,-0.0034279060289390366,0.0015146946525191143,0.0014983822032173955,-0.0034278813731001105
2022-07-07,0.002399317145635487,0.004024151105160352,0.009549988909253994,0.04682362169780974,0.01565420115157369,0.038413278789460326,0.0023975033192870127,0.004024192460626318,0.01098143948801715,0.002399317145635487,0.004024151105160361
2022-07-08,-0.0028626692493280374,0.00036128997461230545,-0.0029897847290896707,0.004518735406457815,0.005506639248160404,-0.008993291172139036,-0.0028611619500689073,0.00036128003359718304,-0.0033159650628325618,-0.0028626692493280374,0.0003612899746123089
2022-07-11,1.1860767595330002e-06,0.0002697260010748679,-0.004552956003366508,-0.04276519902673464,-0.04329832708605953,-0.055321657748543356,1.6651431637543755e-06,0.000269722342975876,-0.007340470228484023,1.1860767595330002e-06,0.0002697260010748391
2022-07-12,-0.005775530325857036,-0.008235482451993681,-0.004483335887457297,-0.027204144443699535,-0.0011434093422714256,-0.023415115787865662,-0.0057625707659109595,-0.008235516171636944,-0.0056873925311045044,-0.005775530325857036,-0.008235482451993677
2022-07-13,-0.0012874306236040798,-0.0030966856450211897,-0.003690525929935701,0.0424446679417285,0.024735456794090515,0.04424499978035466,-0.0012877964800020688,-0.0030966648708348507,-0.000849297392704808,-0.0012874306236040798,-0.003096685645021171
2022-07-14,-0.004879466694550841,-0.0021521270306367026,-0.004315806103204461,0.016369352824947926,0.009646287784761842,0.02302267953379486,-0.004879332603778799,-0.002152146690648361,-0.0027126442262776643,-0.004879466694550841,-0.002152127030636694
2022-07-15,0.010461661768402943,0.01629204326062381,0.01610814530333928,0.01127362459774299,0.0028258556827358665,0.013357367144750727,0.010461770298630643,0.016292076548365262,0.015789272090419956,0.010461661768402943,0.0162920432606238
2022-07-18,-0.012058645147334901,-0.01176188921623426,-0.0063612801437542,0.07256822560897484,0.02448568763032615,0.10572991994361008,-0.012063402921366512,-0.011761884374707543,0.00013752881231686253,-0.012058645147334903,-0.011761889216234236
2022-07-19,0.013740848225676902,0.010659163330578886,0.022138374736718456,0.03368595258483099,0.0009264959728163729,0.018722323510409693,0.01373913868393892,0.010659181532366883,0.021548344251620555,0.013740848225676902,0.01065916333057888
2022-07-20,-0.006625500068853923,-0.007910254211516775,-0.0017523548166079243,-0.009308521647061398,-0.022229544954451966,-0.03498671216930331,-0.006623706730771174,-0.007910236879707938,-0.004088365450013688,-0.006625500068853923,-0.007910254211516783
2022-07-21,0.004056736968632343,-0.0036019141192983146,0.0039604891082815185,-0.0013633309632359097,0.006315993647637807,0.02319809693625306,0.004059196064858821,-0.00360192129578959,0.004913269663831464,0.004056736968632343,-0.0036019141192983077
2022-07-22,-0.0001720124616857012,0.0032893763318566863,-0.0023090967481571066,-0.01857671430439616,-0.014375485976497838,-0.008376437943160972,-0.00017242699523771303,0.0032893469073763328,-0.0024606210430599463,-0.000172012461685701,0.003289376331856675
2022-07-25,-0.003443705182352168,0.01796993687142131,0.0015758057896619083,-0.05367855890888136,-0.046143091563428794,-0.07198171339769299,-0.0034293996817489005,0.01796996783560736,-0.0028100902034696148,-0.003443705182352168,0.017969936871421264
2022-07-26,-0.004881446359755125,0.0007316352606101589,-0.0028080817774785907,-0.0009120668941078299,0.023240140888373333,0.0041571180944341484,-0.004864690479869661,0.0007315839199196717,-0.002395773271010531,-0.004881446359755125,0.0007316352606101749
2022-07-27,0.004862219101767282,0.0027013045242971537,0.008215659277700342,0.07484956795521332,0.05090373027344766,0.10653271824958407,0.004843726368839773,0.0027013269066234933,0.01379222747988361,0.004862219101767283,0.0027013045242971854
2022-07-28,0.007861175789281086,0.004579550703532101,0.010467062683918138,0.03586362085167475,0.01588878544627534,0.07619732497727882,0.007854657476267995,0.0045794700754578435,0.014508195068197593,0.007861175789281086,0.004579550703532109
2022-07-29,0.002809660603398108,-0.0008061440686947478,0.007005332677286105,-0.002480419826505073,-0.006680486349147199,-0.005692742584478111,0.0027895856457143095,-0.0008061393838372224,0.006194860067995799,0.0028096606033981082,-0.0008061440686947504
2022-08-01,-0.004894775322891003,-0.012529332452663673,-0.0026069884318989348,0.0020746764257709225,0.014417661538122382,-0.011347877245696456,-0.004890003728008841,-0.012529324014662419,-0.0032357688267341967,-0.004894775322891003,-0.012529332452663673
2022-08-02,-0.005140143281753348,-0.00594522979313496,-0.009021030823533695,-0.01598895867462133,-0.022362928308254586,-0.019287155474113853,-0.005136812817739561,-0.00594523511937785,-0.009538864598837266,-0.005140143281753348,-0.00594522979313496
2022-08-03,0.013533169665524746,-0.008890314556772371,0.006958753283285909,-0.006180488708122564,-0.008014934069561221,-0.005864932118135384,0.013538532190544211,-0.008890317266385795,0.0061220804069666195,0.013533169665524746,-0.008890314556772371
2022-08-04,-0.00796571061642879,-0.016532944936185102,-0.002229448709008192,-0.004299982824272002,0.016498381853559552,0.0017059639302876518,-0.007968073250947363,-0.016532938009325072,-0.0021673182395518867,-0.00796571061642879,-0.016532944936185102
2022-08-05,-0.0043400384106643125,0.0045397709240405214,0.00028028498436199405,0.02586976065637396,0.01282205762636805,0.04387632079709271,-0.004340036864505933,0.004539776518544699,0.0028607075125750194,-0.004340038410664312,0.0045397709240405214
2022-08-08,0.004179490755889572,0.00698936114352485,0.0011104605808945887,0.023281878651884476,0.006850215755795943,0.02312763084808694,0.004183468206984042,0.0069893615172844595,0.0025000839239464963,0.004179490755889572,0.0069893611435248495
2022-08-09,0.002030337985127396,0.014344893850239418,0.001223025341831369,-0.02635215071248626,-0.023334737866770556,-0.04271939255058731,0.0020308298173224307,0.0143449013105427,-0.00117844156563068,0.002030337985127396,0.014344893850239418
2022-08-10,0.011413046051786745,0.003349621018120609,0.014007802985727836,0.03246410468880589,0.026988305763879374,0.04885017662452607,0.011418019297378876,0.003349620773867397,0.01584263717709864,0.011413046051786745,0.003349621018120609
2022-08-11,-0.0013091101306575282,0.012989613462034352,0.003581980391135454,0.0003564449729668603,0.0001279869944872482,0.01139073439483113,-0.0013115555624437834,0.012989607981740602,0.0039730353921224966,-0.001309110130657528,0.012989613462034352
2022-08-12,0.014406664587135645,0.006317881585541766,0.01462348383910668,0.015244285709260265,0.0017062042548747988,0.013784943475950634,0.014414534134247911,0.006317889751421855,0.01450894516383909,0.014406664587135645,0.006317881585541766
2022-08-15,0.01176349768419314,-0.007514393183300059,0.0052503486756578805,-0.010131392668252536,-0.02079548071484938,-0.016626485770342626,0.011764065366358793,-0.007514392265932684,0.0040326494036750345,0.01176349768419314,-0.007514393183300059
2022-08-16,0.012966726350730044,0.0005627486394528623,0.004491234005870114,-0.00618874892040148,0.011314861723397561,0.002149846514883939,0.01297383140965868,0.0005627482197166022,0.004432666895837744,0.012966726350730044,0.0005627486394528631
2022-08-17,-0.006237205128948712,-0.0009224601764973486,-0.007167675334108613,-0.022629699407110355,-0.021472839461445622,-0.007152840659536324,-0.006240255227143416,-0.0009224604611519796,-0.006998939141536589,-0.006237205128948712,-0.0009224601764973486
2022-08-18,-0.002499964388519851,0.010853980784335452,0.002035427563227642,-0.006488406309272908,-0.011375135031468801,-0.01687437422417286,-0.0025052806258377834,0.010853983340576967,0.000844200578250654,-0.002499964388519851,0.01085398078433545
2022-08-19,-0.004577653668495337,0.017130661648145747,-0.006866750195565352,-0.09054792783884819,-0.04983470035393106,-0.1056807315586546,-0.004581629785921155,0.017130670769585795,-0.012521504279795441,-0.004577653668495337,0.017130661648145744
2022-08-22,-0.0140161268618446,-0.013893080765543967,-0.01720641133763471,-0.006305088139670284,-0.006410731239346312,0.01964823662916502,-0.014017468841107866,-0.013893085383009885,-0.014803994587930974,-0.0140161268618446,-0.013893080765543967
2022-08-23,-0.005055683065357759,0.014601244101145374,-0.00034593397715199363,0.006949520733774112,0.010646739052612604,0.014218162608777184,-0.005065884522706168,0.014601244341072656,0.00042095830866131344,-0.005055683065357759,0.014601244101145374
2022-08-24,0.0002546677974201927,0.0024726691841305748,0.0015664027652758986,-0.009155870326126452,-0.021204997459799303,-0.008295420654960545,0.0002568044371644428,0.002472671687774693,0.0009476660679144819,0.00025466779742019247,0.0024726691841305748
2022-08-25,0.005770373843627761,0.005459560526136689,0.011454945641230448,0.009699115219900717,0.010007327310187948,0.01042743909199059,0.005767747993555116,0.005459561087306338,0.011185124376441995,0.005770373843627761,0.005459560526136689
2022-08-26,-0.018076726117529387,-0.013502459898732574,-0.0250490370527918,-0.06143438272600373,-0.058837938333828145,-0.07695541711263906,-0.018072899195220454,-0.013502459220715338,-0.02789619146208789,-0.018076726117529387,-0.013502459898732574
2022-08-29,-0.004089171388740043,0.0049595873542792965,-0.003577447172225638,0.03393660678488853,0.030746144050940925,0.047975164578150584,-0.004089589091548208,0.0049595818310212035,-0.0003535190534769445,-0.004089171388740043,0.0049595873542792965
2022-08-30,-0.008390705404251225,-0.018017297252957434,-0.012148447417978428,-0.015630678628437544,0.02106978353793295,-0.025684978706261997,-0.008389869431762419,-0.01801730247966719,-0.012930363779821777,-0.008390705404251225,-0.018017297252957434
2022-08-31,-0.0021952459992395992,-0.010996339703733421,-0.006464560873166686,0.00630266417288497,-0.019923992468344615,0.00322555205769923,-0.002190291864343861,-0.010996342930375299,-0.005792403367678817,-0.0021952459992395992,-0.010996339703733421
2022-09-01,0.01179168455542427,-0.0008315495914789032,0.003796410637598365,0.0027943215606783126,0.015365403154137034,0.02269864552816282,0.011789521692913547,-0.0008315377014215548,0.0053284532698834935,0.011791684555424266,-0.0008315495914788971
2022-09-02,-0.009393901677277251,-0.00031727088735573113,-0.009706297771448269,-0.008312952707931674,-0.013563405530874649,0.003956240773791139,-0.009394330557354622,-0.0003172528305473059,-0.00884322754078562,-0.00939390167727725,-0.0003172708873557359
2022-09-06,-0.0024831292702384646,-0.007827229208704408,-0.003275792201746173,-0.04583902480078563,-0.12378078884445141,-0.06808831249042883,-0.0024833011704229,-0.007827272413109095,-0.007316194652168685,-0.0024831292702384698,-0.007827229208704456
2022-09-07,0.016599272414904612,0.0017669049568490199,0.01657398241475381,0.02311253788352084,0.07636679928418942,0.054753557105296176,0.016600738269957605,0.0017669046732220785,0.01901197734325587,0.016599272414904616,0.001766904956849052
2022-09-08,0.00270121227216616,-0.0007156538310378287,0.004146960300700758,-0.0002394164371444644,-0.004032575527606718,0.005776722486142368,0.002697013574613182,-0.0007156536290629932,0.004107286302051609,0.002701212272166159,-0.0007156538310378295
2022-09-09,0.009080550017946654,0.012108078269876022,0.01275693362881427,0.09028596452633209,0.05731056334213159,0.05977015728943599,0.009082438814623438,0.012108114280540094,0.015502196508586872,0.009080550017946663,0.01210807826987604
2022-09-12,0.008454182162522727,0.009255624485867512,0.00864823812718305,0.02063858499573834,-0.0030792691809671214,-0.006041945989289996,0.008459095000844158,0.009255472376705265,0.007821377551727335,0.008454182162522727,0.009255624485867506
2022-09-13,-0.0301237063529564,-0.023820960827278175,-0.036398668819193646,-0.08183586345502211,-0.05918614931716204,-0.07129975796326858,-0.030120847406833195,-0.02382102145599703,-0.0382683532425172,-0.030123706352956404,-0.023820960827278193
2022-09-14,0.006286568848503,0.020911807283750874,0.003669950600302805,0.0001590049283601751,0.0892613387040042,0.019294146102978,0.006284287428872199,0.020911858581804194,0.004655885435679554,0.006286568848503,0.020911807283750902
2022-09-15,-0.010526905381254538,-0.019864270691388505,-0.014970602932212574,-0.022711280749051675,-0.09488338092589463,-0.04569178399322825,-0.010532791183129372,-0.019864299821190205,-0.0167942454008765,-0.010526905381254538,-0.019864270691388533
2022-09-16,0.0006890647735649806,-0.006180863176530374,-0.004530957100491272,0.00485540137979652,-0.04335069004224467,0.014300348060873245,0.0006825934107332282,-0.006180823082043209,-0.0031967025088416087,0.0006890647735649813,-0.006180863176530389
2022-09-19,0.003750176189025171,0.004341348493641946,0.0054557270265023685,0.0047564813562854915,0.029809156699880372,0.021508497874326973,0.0037500195643273525,0.004341347238427147,0.006422000923489152,0.003750176189025172,0.004341348493641957
2022-09-20,-0.013451732280818534,-0.00899157958113946,-0.015095827293944559,-0.026282191654537636,-0.04128723001847179,0.00043126822260382194,-0.013450931961416746,-0.008991605343727732,-0.014058789861105727,-0.013451732280818534,-0.008991579581139473
2022-09-21,-0.01300581094146992,-0.015378336132107127,-0.0161778518230296,-0.016859841732219064,-0.042949388500653544,-0.0376993901499941,-0.013002956903864831,-0.015378334579012427,-0.01746607307614287,-0.01300581094146992,-0.015378336132107137
2022-09-22,0.0032676388377299243,-0.0010865894678997773,-0.005499017204620947,0.04436124184118995,0.025887440379298358,0.06811233014407173,0.0032661361398804425,-0.0010865834051808285,-0.0007024242342736596,0.003267638837729929,-0.0010865894678997658
2022-09-23,-0.016602816891639206,-0.03370355066253573,-0.02004763195248261,-0.0030089232493550515,0.00999979684009755,0.01069287212193939,-0.01660495910264721,-0.03370360611801322,-0.017986028087030505,-0.016602816891639206,-0.03370355066253572
2022-09-26,-0.010557871313308846,-0.018527322584103757,-0.01515224190241463,0.015560063145204257,0.004158259638217035,0.0023273794163313293,-0.010561900641818594,-0.018527236548817202,-0.014080556186139417,-0.01055787131330884,-0.018527322584103747
2022-09-27,-0.005753509102139208,-0.002999955503075279,-0.005332705732057673,-0.0058173834642232785,-0.010526778122594393,-0.015093690337593436,-0.005754953839132067,-0.003000036378436701,-0.006099420797248466,-0.005753509102139207,-0.0029999555030752823
2022-09-28,0.022168744115926526,0.028801034693958484,0.0206716986046107,0.013486345455303608,-0.016841291317696953,-0.0004710739465790723,0.022168137754307767,0.02880108669915328,0.019236887674115855,0.022168744115926522,0.028801034693958463
2022-09-29,-0.01618771959587046,-0.014430413594149698,-0.019640072051031778,0.012436149884507999,0.0049818623924051675,0.026501224707923647,-0.016192159387489864,-0.0144303698718009,-0.016836290792101416,-0.016187719595870457,-0.014430413594149687
2022-09-30,-0.016796311032939073,-0.01780016483419237,-0.015271911183041553,-0.005864289984181833,-0.00295136388265882,-0.004491902347634897,-0.01680287208381,-0.017800009284157727,-0.014643619114941945,-0.016796311032939073,-0.01780016483419236
2022-10-03,0.025834270143091184,0.03706015580825424,0.030437189973550202,0.022848375270515874,0.01987557536125851,0.021384497833014902,0.02583197967530957,0.03706014010135068,0.029673593888640288,0.025834270143091184,0.03706015580825424
2022-10-04,0.021094005003445094,0.029126477782343566,0.026681068936760824,0.02902033441794318,0.01733018306014979,0.024871241881859355,0.021093879271655992,0.029126461794021542,0.026289089183380722,0.021094005003445097,0.02912647778234357
2022-10-05,-0.003883456937412816,0.012097416181074513,-0.005069618190804155,-0.0037962300768009595,-0.011163940853987843,-0.0037316789427355025,-0.003878926315658627,0.012097355791697809,-0.005232660099403446,-0.003883456937412816,0.0120974161810745
2022-10-06,-0.007683877137275204,0.00011042876400454808,-0.012830490435337709,-0.0038890421657130476,0.0067454648889631,-0.005680997735128148,-0.007678264725183645,0.00011038208138896069,-0.012553520977073598,-0.007683877137275204,0.00011042876400454982
2022-10-07,-0.014020836009302144,-0.009860019431104905,-0.021068874096674718,-0.011761580305769606,-0.011925881310039424,-0.0037212920084842877,-0.0140179091393602,-0.009860033846725371,-0.019682640879711073,-0.014020836009302148,-0.009860019431104905
2022-10-10,0.0013817902363059717,-0.016444609344337772,-0.0033410510524965243,-0.010394309163739535,-0.10205848229109568,-0.040380053316735706,0.001382787232085671,-0.016444609356257668,-0.00585574082395182,0.0013817902363059704,-0.01644460934433782
2022-10-11,0.01562977124391962,0.007126511808831823,-0.0004145183652465675,-0.010557259227101145,-0.02047677102772316,-0.01818077078444891,0.01563135173139638,0.007126498454416649,-0.001505011219324949,0.01562977124391962,0.007126511808831809
2022-10-12,-0.004468548091978193,-0.002340879403539729,-0.007307964549853359,0.004499069851554356,0.003744143470001628,0.0020063116661975192,-0.004462991866317219,-0.0023409069837928105,-0.006930005705150383,-0.004468548091978193,-0.002340879403539726
2022-10-13,0.019190334317896962,0.03660109822654169,0.027853796086095815,0.002166436081923022,-0.0342304404176824,-0.01573042634628795,0.019183028256949924,0.03660111170814895,0.024679673337785184,0.019190334317896962,0.03660109822654165
2022-10-14,-0.011614364990030778,-0.010025155260954604,-0.01611373994614739,0.01122631850296667,0.006974740512235569,0.0038621394841394643,-0.011616195238870017,-0.010025150607108523,-0.014621546794192534,-0.011614364990030776,-0.010025155260954596
2022-10-17,0.011919606265381341,0.010522606964048768,0.01846917964522663,0.013934082814611358,0.03128580567110693,0.011651526664082968,0.011921979727140236,0.010522603706675281,0.017901396115916304,0.011919606265381345,0.01052260696404878
2022-10-18,0.01058231766479915,0.003913500397168014,0.012205390440317584,-0.010771429253451446,-0.01845199059485914,-0.015491654600850694,0.010579809896564197,0.003913517777976113,0.010357381385862119,0.01058231766479915,0.003913500397168003
2022-10-19,-0.007647565084748447,0.0018487145391523382,-0.009135687840693445,-0.009707160507520985,-0.04522768530800745,-0.022866635179578303,-0.007649321656123635,0.0018486923763482224,-0.01019489731566804,-0.007647565084748448,0.001848714539152314
2022-10-20,-0.0025681576761411905,0.0009793832545028978,-0.004551230190970222,-0.0006264447924688135,-0.030131002764380275,-0.002110447771297909,-0.0025651510996419595,0.000979367201137876,-0.004423119716113847,-0.0025681576761411896,0.0009793832545028816
2022-10-21,0.020211998881075294,0.0291012773628951,0.022473189299882172,0.0020196503854271334,0.01698762208838734,0.012235345460673865,0.020211685886386187,0.029101273818542196,0.02165322976132829,0.020211998881075294,0.0291012773628951
2022-10-24,0.017569790604691226,0.01374968193059609,0.009763970840121549,-0.011222275194691272,-0.031862470282000725,-0.01924928881180577,0.017576045532274757,0.013749663266352768,0.007805942133110028,0.017569790604691223,0.013749681930596067
2022-10-25,0.008615523142510505,-0.0012743722986165082,0.014919886833357463,0.03027980604242707,0.09178607503555873,0.05025667368816926,0.008618498797956871,-0.0012743437068018359,0.0173051234480959,0.008615523142510507,-0.001274372298616459
2022-10-26,0.01224694417862951,0.01656366257170533,0.007105698444695605,0.026854503929292735,0.03049111137185333,0.023359048037982375,0.012244776548679764,0.01656364920113769,0.00831524722038129,0.012246944178629513,0.01656366257170534
2022-10-27,0.0014203461129984058,0.002966562771392068,-1.1364391870331386e-05,-0.017339288025021455,-0.02711850661859615,-0.020526186808772204,0.001421912969848169,0.002966547650631559,-0.00146413280432978,0.0014203461129984045,0.0029665627713920525
2022-10-28,0.02273825231267576,-0.01705395537204598,0.02333081669616796,0.013613969550396836,0.028312266331604215,0.01940118887393969,0.022742230427848627,-0.01705394511965993,0.02305398404145334,0.02273825231267576,-0.017053955372045956
2022-10-31,-0.0074729873721312325,-0.001264484451026488,-0.007129760170930981,-0.0024523694219184124,-0.010367958739022945,0.0012863158983175231,-0.007470745870470942,-0.0012644916988340496,-0.006479964462732402,-0.0074729873721312325,-0.0012644844510264928
2022-11-01,-0.0012075545712176429,0.007929836650641005,0.0015260111437459824,-0.002871424328980088,-0.0094036237573154,-0.004826084411181179,-0.0012481830820105708,0.007929839299205965,0.0009728133798662683,-0.0012075545712176429,0.007929836650641005
2022-11-02,-0.011269535257866871,-0.01763886552522662,-0.016591861068016845,-0.017482944090493308,-0.04642644307921405,-0.01443989573063644,-0.011225989791846552,-0.01763886956477108,-0.016269835538951123,-0.011269535257866871,-0.01763886552522662
2022-11-03,-0.004930514511056435,0.001555075337320316,-0.0032516753923274534,0.0030339225385118554,0.04639275621103353,0.014367669600581591,-0.004845672903370703,0.001555071845016589,-0.001773848291441586,-0.004930514511056435,0.001555075337320316
2022-11-04,0.014362016337076157,0.01092247333254007,0.016537435608821354,0.04307375783924562,0.07440238210982232,0.06671465936535716,0.0146229499132315,0.01092247649575839,0.020129927642468164,0.014362016337076157,0.01092247333254007
2022-11-07,0.013794786166850745,0.02275782347487782,0.006529778179480484,-0.012838332420943137,0.008036656813394261,-0.0008888710436817083,0.013632035214175671,0.022757842040621444,0.005694812836845744,0.013794786166850745,0.02275782347487782
2022-11-08,0.010987313833755813,0.0216531918075648,0.00771975932020957,-0.08682824665247377,-0.12762194887499015,-0.1137837951399896,0.010410206428085227,0.02165320662718913,-0.00186954814018754,0.010987313833755811,0.0216531918075648
2022-11-09,-0.01185193162891209,-0.0260966199651867,-0.018579007417970035,-0.12695335850839717,-0.16049494344988394,-0.14348122598194502,-0.012670366131171526,-0.026096637641105452,-0.028207845386565407,-0.011851931628912096,-0.026096619965186703
2022-11-10,0.02189111401138457,0.012721013039039032,0.04350621522647408,0.09986943165524997,0.19697191169633488,0.15252822077194986,0.022749683193599587,0.012721018528469963,0.05164955662142598,0.02189111401138457,0.012721013039039032
2022-11-11,-0.004784987428375744,0.005703452066002167,0.007331238494028008,-0.031589801377434064,-0.02236837408236614,-0.01846701115670944,-0.005005462256388172,0.005703461545354638,0.004912156947869653,-0.004784987428375745,0.005703452066002167
2022-11-14,-0.002365413038420601,0.002034097930690286,-0.008463411724037645,0.008140861722741333,0.021568766870459652,0.02281069132709243,-0.002158399092089412,0.0020340936413778057,-0.006004692694160807,-0.0023654130384205985,0.002034097930690286
2022-11-15,0.006836843121018119,0.002770034726755976,0.008879568419433766,0.014818017749123266,0.008133317591649607,0.01491441419476186,0.0069723723351737404,0.0027700366122646045,0.009395869866583549,0.0068368431210181204,0.002770034726755975
2022-11-16,-0.0007180021828331557,-0.005197672766562523,-0.007195359281020917,-0.01200097260557806,-0.030023623396823074,-0.017950285628182953,-0.0007696846724451162,-0.005197676606964439,-0.007757084192971789,-0.0007180021828331557,-0.005197672766562523
2022-11-17,0.004583238029398076,0.005586804269808404,-0.002073894808937085,4.9350476017237326e-05,-0.014167424290186562,0.005209715966628153,0.004494756235394396,0.005586798674086743,-0.0014962703555614514,0.004583238029398076,0.005586804269808404
2022-11-18,0.008438498389699503,0.0008312901371002402,0.006599699693525168,0.004366769080825936,-0.004962174976228966,0.0025813687736881107,0.00840444583189915,0.0008312917028998287,0.00644794726158909,0.008438498389699503,0.0008312901371002402
2022-11-21,0.003855992654679877,-0.000948705145305847,0.0021422793725321054,-0.011607346245202653,-0.008340457176574381,-0.01267624304360913,0.003646243322164334,-0.0009487101879127294,0.0011057681495241422,0.003855992654679877,-0.000948705145305847
2022-11-22,0.009109273351411583,0.01450421277476134,0.013234626619669551,0.01268681781760997,0.02254250902148947,0.03585902641120084,0.009231171021304635,0.01450421338411017,0.01495082073156117,0.009109273351411583,0.01450421277476134
2022-11-23,-0.001164569104318865,-0.009282316325683325,0.002902313197777902,0.024476898447016268,0.10426339725678717,0.04304240820477799,-0.0009778998615508725,-0.009282323968932575,0.006046423710389907,-0.0011645691043188637,-0.009282316325683325
2022-11-25,0.0007562020975519701,-0.0008599294147067873,0.0015129129235478946,-0.0025454050309379975,-0.0060977888437717545,-0.006088617273929342,0.0007427649977599105,-0.0008599347748981822,0.0009945107025649052,0.0007562020975519701,-0.0008599294147067878
2022-11-28,-0.00987116440910559,-0.014631962807417796,-0.016631211231492672,-0.010719230233418642,-0.024878204316564508,-0.017248311852690504,-0.00990939591179562,-0.014631959265622546,-0.01652807876930923,-0.00987116440910559,-0.014631962807417796
2022-11-29,0.0030202788871828883,0.002744841006918725,0.0038920780139471336,0.011422232002584127,0.009850656054265505,0.016088006751009697,0.0030070127433604386,0.0027448417820102183,0.004774563250933485,0.003020278887182889,0.0027448410069187247
2022-11-30,0.017229647729292204,0.013657208676117819,0.021864709342253465,0.03745181601833477,0.03944387135074523,0.03373682391714219,0.017191967206572633,0.01365720558429451,0.022557954296668365,0.017229647729292204,0.013657208676117819
2022-12-01,0.0009760283972350278,-0.002984237438538808,2.850901008898284e-05,-0.010414230298779711,-0.027637935886688836,-0.01931833426211723,0.0009796255352740176,-0.002984237550462948,-0.0014558619134445252,0.0009760283972350271,-0.0029842374385389077
2022-12-02,0.002868904705140521,-0.000844596299056917,0.0016965534423114014,0.006216292435031943,0.006479436125589762,0.008407037386848224,0.0028947266155920862,-0.0008445997702535188,0.0021686214706354316,0.0028689047051405213,-0.0008445962990568874
2022-12-05,-0.008078038673826579,-0.007794876474873154,-0.015534032327038505,-0.0043502525056272005,-0.003643265189060997,-0.0019072832976525745,-0.008092129324664282,-0.007794890182236255,-0.014329940959212788,-0.00807803867382658,-0.007794876474873138
2022-12-06,-0.010928006534796392,-0.013163696811889654,-0.01007401763863995,0.006730964252996239,0.005735792131690957,0.006303538673289402,-0.010939838338129898,-0.013163703968176376,-0.008545425937030138,-0.010928006534796392,-0.013163696811889577
2022-12-07,0.003202766777171134,0.0064112029846667435,-3.794993475889579e-05,-0.0125053430143321,-0.043243580181327214,-0.01856984120322674,0.003216241883654722,0.006411190460519809,-0.0013460168274833126,0.0032027667771711327,0.0064112029846665405
2022-12-08,0.004326208578199485,0.0028589204380745437,0.005836293477249455,0.024215168138942565,0.02484890139160912,0.021876256776483482,0.004307443237224975,0.002858891643232334,0.006982523960807093,0.0043262085781994855,0.0028589204380746335
2022-12-09,-0.0164923593170922,-0.018015264206949703,-0.010582548899252683,-0.002101193703290688,-0.001395085038705347,-0.005235735761583074,-0.016553111627262203,-0.01801526168897928,-0.010226231802717686,-0.0164923593170922,-0.018015264206949638
2022-12-12,0.0061704042217465005,0.005970891944142258,0.015214499457477007,-6.0598360978231496e-05,-0.01952656551962259,-0.0020905761995624905,0.006183231353098549,0.005970896682612649,0.013851358670185844,0.0061704042217465005,0.005970891944142155
2022-12-13,0.0037192563028188735,0.004165889284077742,0.007380174402273171,0.026600051591221714,0.03818825014103509,0.02247708795787276,0.0037224170766941476,0.004165874746182977,0.008416920621787706,0.0037192563028188744,0.004165889284077881
2022-12-14,0.0002086177833798249,0.0020071160049663695,-0.00699100120250116,0.010714520473437439,-0.024161857728067556,-0.008803294479611222,0.0001969822209466031,0.002007116627645269,-0.0070747332384975,0.00020861778337982447,0.002007116004966264
2022-12-15,-0.015623579716903145,-0.015024550924684976,-0.0195261154428083,-0.013754320598230075,-0.03436482598910328,-0.021930734176604162,-0.015610099518980194,-0.015024549160065695,-0.01950444506290427,-0.015623579716903147,-0.015024550924685054
2022-12-16,-0.005672763939424414,-0.002872103537135312,-0.008947004850919704,-0.045225294190797294,-0.12209162228254584,-0.07699017611713752,-0.0056847218503713135,-0.002872089693595825,-0.01415885929322866,-0.0056727639394244175,-0.0028721035371357955
2022-12-19,-0.0013198980879022216,-6.97601446435301e-06,-0.005487503147382977,-0.012171626886994764,-0.05038847474358708,-0.02890752044917754,-0.001284084799015428,-6.982582029682691e-06,-0.007179946476859671,-0.0013198980879022223,-6.9760144645569485e-06
2022-12-20,0.001146408868815824,0.0018404701186349643,0.0028376887840991126,0.027045993620612416,0.05188837019268686,0.035219326029452214,0.0011633481485247125,0.0018404632208170225,0.0052542001847725095,0.0011464088688158255,0.0018404701186351675
2022-12-21,0.011501609753239335,0.011329636707344121,0.015745447237886814,-0.004088816784259111,0.04211147726598004,-0.004420477196608509,0.011503249372861506,0.011329637771970168,0.014066479507191742,0.011501609753239333,0.011329636707344246
2022-12-22,-0.004735591935807455,-0.006455094350255986,-0.008769273106622268,0.005887565732450814,-0.007907032466754489,0.006637593559448143,-0.004729720216004643,-0.006455112839566149,-0.007371205087936629,-0.004735591935807455,-0.006455094350255993
2022-12-23,0.004615840092220037,0.008221268840874324,0.007392141462423454,-0.011185012693321016,-0.005822311241030482,-0.002109922867069343,0.004627733467023844,0.008221277387528193,0.006670571203127663,0.004615840092220037,0.008221268840874266
2022-12-27,0.0013306504773830147,0.003359221144194948,0.0017798423472914486,-0.010364991613953278,-0.025345429379162707,-0.01134686513846986,0.0013448730031424489,0.0033592256225841314,0.0009040247578525401,0.001330650477383014,0.003359221144194831
2022-12-28,-0.01012230379617738,-0.011972559283288556,-0.012263648312097227,-0.005366809268911187,-0.04610165039829038,-0.024929280093538335,-0.010122712209406397,-0.01197257120886874,-0.013204140100714622,-0.01012230379617738,-0.011972559283288697
2022-12-29,0.006346928833379938,0.002659571876002808,0.011645975872527052,0.0020987169157727346,0.04099513472890964,-0.0013323169702533517,0.006332065814381271,0.0026595740329081134,0.010483669182744612,0.006346928833379938,0.002659571876002963
2022-12-30,0.00014409020743505013,0.0023311363002195733,-0.0021090776604569435,0.0014490935582312397,-0.012325463812564818,0.0008730059504834468,0.00012134443139546293,0.0023311429720255065,-0.0019554860376098065,0.00014409020743505008,0.0023311363002195143
2023-01-03,0.0004168897257153701,-0.010042238155432823,0.0030991943656380333,-0.0027702253383767358,-0.013599928123315341,-0.0026260321298566735,0.0004265446231781552,-0.010042256160702628,0.0026582542481003836,0.0004168897257153699,-0.010042238155432832
2023-01-04,0.008739623224427916,0.006518444677334995,0.01624015070702582,0.005594029983874301,0.20719556337595058,0.03070367559157047,0.008698370671876877,0.006518448454806738,0.017107398321422614,0.008739623224427916,0.00651844467733545
2023-01-05,0.0019111070688470548,0.016217809164170913,-0.005559206090324992,-0.009142654161538187,-0.050623219647585316,-0.014189781773607541,0.0018929023666927963,0.016217798403175925,-0.006242212549546753,0.0019111070688470541,0.01621780916417076
2023-01-06,0.015014947354596382,0.012724154296411773,0.021763551935419626,-0.005184367381662165,0.12214984105590099,0.019480489119420064,0.014934333437948729,0.012724207514674731,0.021527092644752416,0.015014947354596379,0.01272415429641202
2023-01-09,-0.016830603179682026,-0.029546246065855746,-0.0034335033232268664,0.009912836058791175,-0.008355099863224686,0.0266012163514493,-0.016785786627929934,-0.029546188840446467,-0.0013285969543865427,-0.016830603179682026,-0.0295462460658557
2023-01-10,0.0021311620485145815,0.0066330349152310866,0.006467284822260068,0.009614386066416635,0.004772475647558228,0.006038290300024295,0.0021605064715771853,0.006633058537234103,0.0063251874630818675,0.0021311620485145815,0.006633034915231082
2023-01-11,0.002736067294039925,0.004163044420038981,0.008198961965707467,0.029309874332664416,0.013503899719821579,0.02984309491602866,0.0028057105418261103,0.0041630290323816125,0.009816179502697836,0.0027360672940399257,0.004163044420039002
2023-01-12,-0.002526934678344666,0.010104741319959223,0.004342253523804525,0.034845687855152095,0.019352010697919923,0.025701789080675896,-0.002484286636385907,0.010104711179753976,0.005782676713791099,-0.002526934678344664,0.010104741319959244
2023-01-13,0.0024652720757771707,0.0021271196601772547,0.003073113131950568,0.05329023168542772,0.033113460193509026,0.035392221950014166,0.0025881634758413395,0.0021271146656113163,0.005504047948596063,0.002465272075777173,0.0021271196601773245
2023-01-17,-0.0067545176152521945,-0.011780893738838,-0.00530342924848054,-0.0049660805330961535,-0.0005457074243953045,-0.005217656815982138,-0.0067942036187590435,-0.011780874536453708,-0.005357065455022651,-0.006754517615252195,-0.011780893738837974
2023-01-18,-0.017314585775163944,-0.015585047946895865,-0.016933585009509353,-0.03150013223195623,-0.06532354288795905,-0.04172928487099414,-0.017365708831995393,-0.015585054747296762,-0.018953003617890183,-0.017314585775163947,-0.015585047946895978
2023-01-19,-0.0014249335515449028,0.009528566803331667,-0.005896136439949176,0.01934427317968987,0.015519927034928218,0.023560388895029857,-0.0013657216262914001,0.009528521764974296,-0.003524920275852799,-0.001424933551544902,0.009528566803331685
2023-01-20,0.008662640894519904,0.006438416896235425,0.012909835510227018,0.062403705709099984,0.08507978373645941,0.06323198116168438,0.008722797398703923,0.006438430026772554,0.016595699616197508,0.008662640894519905,0.006438416896235604
2023-01-23,0.0026389044290472327,-0.0023915820641871493,0.007793456233370165,0.013259700779121655,0.010021334680341502,0.021189530410372102,0.002667033521716204,-0.002391602699969039,0.0085841153468025,0.0026389044290472327,-0.002391582064187121
2023-01-24,-0.0027256209219050035,-0.008482017797292808,-0.002624728440832733,-0.025064529946521783,-0.0686223975840281,-0.0403281740358222,-0.0028548052629684376,-0.008482003669662582,-0.005565144577022251,-0.002725620921905005,-0.008482017797292945
2023-01-25,-0.0017173845583860073,-0.0010974857716084135,0.0018747543447549223,0.023765654686026892,0.031174941968313833,0.030048272851490847,-0.0016620302434122037,-0.001097516800821291,0.004059981680788081,-0.0017173845583860062,-0.0010974857716083404
2023-01-26,-0.00029606422888269835,0.0028874688671966724,0.00580233267201544,-0.0028871412126466574,0.00565781707260804,-0.0020623663726911236,-0.0003389691570840304,0.002887499874984248,0.004950449739031941,-0.0002960642288826992,0.0028874688671966763
2023-01-27,-0.006016123507372026,-0.014243705502495133,-0.0019343535321597856,0.013770343669126632,0.00043809229410318886,0.011442277384124415,-0.005944120995871864,-0.014243681944768237,-0.0009341287217528809,-0.006016123507372026,-0.014243705502495102
2023-01-30,-0.0035663265770290503,-0.003348114889414696,-0.008014611252631943,-0.03297060578798783,-0.0621030559753939,-0.04535944320989799,-0.0036077693441455318,-0.003348158234121189,-0.010747622081779502,-0.003566326577029052,-0.0033481148894148292
2023-01-31,0.0076769855058899834,0.014225381355507211,0.011159762592319246,0.0074048204300080425,0.01623319422747138,0.01846383770604963,0.007638190121586664,0.014225358010292536,0.011715792139719832,0.007676985505889985,0.014225381355507214
2023-02-01,-0.018672012358036852,0.0004286971532300385,0.0018391566014125797,0.02100029577714203,0.027339008314556816,0.025110929145929627,-0.01860098314307896,0.0004286919304786422,0.0033622217987027215,-0.018672012358036852,0.0004286971532300489
2023-02-02,-0.01176090932066843,-0.025827876602364425,-0.0028866467378376053,-0.0019386712248032891,-0.0025515108055989494,-0.0037485713684699985,-0.011681814044954563,-0.025827872944335965,-0.0031987841619756934,-0.011760909320668428,-0.02582787660236441
2023-02-03,-0.00945016666265239,-0.0025782662248122435,-0.011869393273939549,0.001970905545025638,0.02873183286992661,0.012421411520485455,-0.009364704399342814,-0.0025782281846219906,-0.009804907349175501,-0.00945016666265239,-0.0025782662248122284
2023-02-06,-0.0014952170842814144,-0.0008126896586007591,-0.003174744549587666,-0.010902496161666896,-0.02786090418423929,-0.016804377500441343,-0.0014675276611375904,-0.0008126783816382174,-0.004053233774281846,-0.001495217084281414,-0.0008126896586007721
2023-02-07,0.008480353941446545,0.014513388585414951,0.008906747341794481,0.030418872270714818,0.042720073985682096,0.03803784837410808,0.00859856513924127,0.014513385956808332,0.010976841581322477,0.008480353941446547,0.014513388585414963
2023-02-08,-0.0072957356630594765,0.002404161011504394,-0.009294212390825243,-0.0003798642662690274,-0.022832754033044415,-0.013112783467773776,-0.007220305684255345,0.0024041423671285114,-0.009617673067272788,-0.0072957356630594765,0.0024041610115043822
2023-02-09,-0.0014577342677658427,-0.0025835316486694975,-0.008521028889508996,-0.055418988749075776,-0.06637459639915094,-0.05734407888238549,-0.0017825658922496325,-0.002583526500751848,-0.012303086676423705,-0.0014577342677658445,-0.0025835316486695274
2023-02-10,0.012019085272786476,0.019359678620772047,0.009894469763140915,0.0007250620517333956,0.005042559164879446,-0.0005738659045110739,0.012043065060649134,0.019359700330585185,0.009299266371877706,0.012019085272786474,0.01935967862077204
2023-02-13,0.008021136641537668,0.008331192795808606,0.008139971714015724,0.012734529819747462,-0.01541451631727133,-0.0011460991612500158,0.008079245984530204,0.008331179173433345,0.007332767546892,0.008021136641537668,0.008331192795808596
2023-02-14,-0.006935289548318918,-0.001497309577716301,-0.0031787237793033697,0.018280272865472687,0.026966013913177277,0.02868981991192425,-0.006750445918820318,-0.001497327910532452,-0.0008288225187566358,-0.006935289548318917,-0.0014973095777162872
2023-02-15,-0.00023570964470619768,-0.009837521239698022,0.00014198699646490287,0.07937172784965744,0.05557675988153557,0.0658448173656882,1.4201989587135687e-05,-0.009837516465998638,0.00525556410112267,-0.00023570964470619573,-0.00983752123969799
2023-02-16,-0.01297171693102406,-0.008007017320049803,-0.012544878711810675,-0.040312313106253675,-0.04574742166071749,-0.04374869943452693,-0.013237922553945587,-0.008007017666047618,-0.014930036992096597,-0.012971716931024061,-0.00800701732004982
2023-02-17,0.013687690798214176,0.008018334343348227,0.0008979789357088114,0.045888702565883954,0.043465469729459,0.048432806692579836,0.014022218685742088,0.008018281855720871,0.004982759587411137,0.013687690798214178,0.00801833434334824
2023-02-21,-0.004663631503866132,-0.008216673429266382,-0.014936853204992228,-0.024034209962360508,-0.01619772099383178,-0.019559587914401797,-0.004797069087574677,-0.00821666438343265,-0.015083727135414955,-0.0046636315038661325,-0.008216673429266385
2023-02-22,-0.004399714519177398,-0.003595455492525881,-0.005722875393836187,-0.0058552576122894795,-0.008092223209064057,-0.007129304723684756,-0.004412113240266567,-0.0035954712432683875,-0.0058659529792035245,-0.004399714519177398,-0.0035954554925258834
2023-02-23,0.002569717785227411,0.005972922243251963,0.0029979548551197542,-0.004540756047237119,-0.015887165897989632,-0.010922672305723542,0.0025561170457684143,0.005972927936311382,0.0017642926394814441,0.0025697177852274104,0.0059729222432519545
2023-02-24,-0.006990830279773959,-0.005221167186184896,-0.008271861573875609,-0.028520385123717323,-0.04115568380403142,-0.033896834157777375,-0.007072570064973574,-0.005221172740662043,-0.010193320181412958,-0.006990830279773961,-0.005221167186184913
2023-02-27,0.000228409256284687,-0.0015842636456159145,0.001018707002888036,-0.0016456530170057856,-0.002701337714629293,-0.004372137477115612,0.00022050450436520526,-0.0015842572872600787,0.0005256429290413148,0.000228409256284687,-0.001584263645615915
2023-02-28,-0.010386013019667694,-0.01520121437855174,-0.005553041080958245,-0.011359311094697348,-0.021499633729126014,-0.01217659734474577,-0.01040970138789242,-0.01520118929675641,-0.006204396123274223,-0.010386013019667692,-0.015201214378551741
2023-03-01,0.0003623122938190258,0.002876364458514488,-0.0014932038130033975,0.01772965398678838,0.012563130904183598,0.02502942506614594,0.0003676446541127818,0.0028763918221830203,0.0006172024631212592,0.00036231229381902797,0.0028763644585145
2023-03-02,0.005907648061289272,0.0039023291429768625,0.010333251264349294,-0.005547744344217845,-0.003248473749385089,-0.009771659774787004,0.0059064124964435805,0.003902352664256164,0.008598346669158236,0.005907648061289271,0.003902329142976854
2023-03-03,0.0038115581670416718,0.005503131357921034,0.011879643040925486,-0.042410005647127436,-0.03577842580317758,-0.02390103469597458,0.0038065999414199983,0.005503130408423807,0.009001938840514943,0.0038115581670416683,0.0055031313579209816
2023-03-06,0.009601650618075181,0.02516238898563693,6.173035562519733e-05,0.0007900406334598457,0.0021558781550530225,-0.0031716332316868495,0.009606104347176384,0.025162367764449398,-7.758585517919094e-05,0.009601650618075181,0.025162388985636906
2023-03-07,-0.010705044384105765,-0.004947528793468305,-0.016706379137051662,-0.012544080109038524,-0.0168840475817531,-0.008692779111438407,-0.01070439553286584,-0.0049475518328860515,-0.016034782279095012,-0.010705044384105767,-0.00494752879346832
2023-03-08,-0.006768807361091589,-0.017271246371142177,0.0008391579123984666,-0.01940003061809854,-0.01513661009871182,-0.025280784945792646,-0.006769295730048309,-0.017271248985598942,-0.0013812359278083457,-0.006768807361091591,-0.01727124637114218
2023-03-09,-0.011508853069857047,-0.009522241545272588,-0.01600795026986141,-0.08009746491255867,-0.1042445932201087,-0.06275186341855853,-0.01150820496609739,-0.009522247426103499,-0.019608222375213792,-0.011508853069857054,-0.00952224154527271
2023-03-10,-0.0030222399614671827,-0.0018273895119071744,-0.011133141389754462,-0.012448722950235469,-0.017790799615420176,-0.005639210497586684,-0.0030193880459968587,-0.001827448257642797,-0.010557424298039127,-0.003022239961467184,-0.001827389511907195
2023-03-13,0.00588405513438121,-0.013696333948262652,-0.0010632942843874192,0.06913747208111116,0.038788499416653195,0.044466428479378886,0.005884963820252792,-0.013696352081927196,0.0026563522966597747,0.005884055134381215,-0.013696333948262585
2023-03-14,0.007075731840696243,0.015122212822682207,0.012435583182653781,0.012580491251530452,-0.0012942640063594532,0.019122381857152395,0.007071588951009162,0.015122194083025217,0.012842275662149735,0.0070757318406962436,0.01512221282268219
2023-03-15,0.004322710344798034,-0.008103431381083069,-0.006571107097797666,-0.02019902265702485,-0.027110443786368295,-0.04875325670615792,0.004330265687220799,-0.008103515997586356,-0.00978090419950566,0.004322710344798033,-0.008103431381083095
2023-03-16,0.001504992147070782,-0.00012070791809285983,0.010327156195531591,0.016313432949964797,0.000826815657753115,0.017504780331980187,0.0015041978311925303,-0.00012072789872369719,0.010663652936235484,0.0015049921470707832,-0.00012070791809285864
2023-03-17,-0.013456761528546178,-0.026347417855846447,-0.012569186620814396,0.07015372592821698,0.0371441662933796,0.06417224869021368,-0.013462434930373288,-0.026347389843898436,-0.006601415442071485,-0.013456761528546173,-0.026347417855846364
2023-03-20,0.013395419603367001,0.02000622557474183,0.012036388517727002,-0.016112110227310347,-0.024831885170287452,-0.03236009777210278,0.013398468919854977,0.020006234096513104,0.00858759535021729,0.013395419603367001,0.02000622557474177
2023-03-21,-0.0012675762185518353,0.005689207170138936,0.005665489306885639,0.02222995225666947,0.03182268095502373,0.07430274464422354,-0.0012704933347418089,0.005689269165816412,0.011054527648458943,-0.0012675762185518334,0.0056892071701389706
2023-03-22,-0.014696743202494207,-0.014793073157972604,-0.019243827996380653,-0.06389750462965878,-0.10877755166543757,-0.052254673214792116,-0.014695440637921418,-0.014793087960925,-0.021826967514250166,-0.014696743202494212,-0.014793073157972726
2023-03-23,0.00557020260894369,-0.0004999702137212284,0.0010996936624395612,0.059720907283733124,0.08998752097750629,0.04842244458967821,0.005576654024803587,-0.0004999888380304357,0.004714244952650071,0.005570202608943696,-0.000499970213721113
2023-03-24,0.01609519606437727,0.006193296538841474,0.010144920802086494,-0.02894250560392217,-0.027887246827769555,-0.027624411677670973,0.016094409016605075,0.0061932854414953695,0.007352633493173457,0.016095196064377267,0.006193296538841431
2023-03-27,0.005555793714397384,0.015772302475353158,0.004669051360586079,-0.021692500368034398,-0.009904134227396786,-0.01762461484865773,0.005554037057632648,0.01577231492664105,0.0029748955482669717,0.005555793714397383,0.015772302475353123
2023-03-28,-0.001144056192341007,-0.0011284174972922183,0.0016853335238926769,0.007089204419500112,0.009987387448830107,0.02875850236258237,-0.0011475228411787358,-0.001128443224358222,0.00392296177298416,-0.001144056192341006,-0.0011284174972922049
2023-03-29,0.006476559934966884,-8.715396908844228e-05,0.013627982724122918,0.023685098172618334,0.0019622241680996686,0.02806254506924257,0.006476021464577645,-8.712983063296261e-05,0.014690331194318122,0.006476559934966887,-8.715396908843924e-05
2023-03-30,0.004720170074292382,0.007297105783250703,0.004319250117010134,-0.003107590023304813,0.007444674741593043,-0.0009570241563477788,0.004719778679249685,0.007297114541023555,0.0038635191288397294,0.004720170074292382,0.007297105783250703
2023-03-31,0.006883072388796336,0.006852856219958546,0.011598310636571737,0.014455658094138058,0.012280124823089053,0.02193081785094484,0.00688194082236759,0.006852853427677821,0.012346683355592882,0.006883072388796337,0.006852856219958554
2023-04-03,0.010844617575179585,0.02104535006714264,0.007306518926737014,-0.007069419363467983,-0.04237957996629446,-0.0021751294893678115,0.010833776921594247,0.021045349514010197,0.006599700385545738,0.010844617575179585,0.021045350067142525
2023-04-04,0.005549944581781514,-0.007965181668860215,-0.0029849830819590403,0.008827877449954126,0.01311773506194313,0.008118822053052763,0.005554015664380857,-0.007965181037461893,-0.002050199592396565,0.005549944581781514,-0.007965181668860177
2023-04-05,0.015326632543239457,0.020388840927450604,0.007054490777171953,0.002063522949196876,0.005473911610498259,0.004633830000644268,0.015321037062337478,0.020388843243084362,0.007139808829185421,0.015326632543239457,0.020388840927450576
2023-04-06,0.00022803112725850269,-0.00286642168024444,0.0003281494347796925,-0.003364596239583031,-0.0058016906202998896,-0.008327934380204514,0.00022880727859535797,-0.0028664213284710317,-0.0003029253178974561,0.00022803112725850269,-0.0028664216802444455
2023-04-10,-0.0014125977006303838,-0.002522331465638724,0.001984618938161497,0.03377598270209934,0.0246800619243348,0.023648480149916152,-0.001411991257263714,-0.0025223327414471705,0.0036017948943409847,-0.0014125977006303838,-0.0025223314656386735
2023-04-11,-0.0005278409059089005,0.0001088572329393866,0.002326395596736131,0.00813159689829076,-0.0015434801533084123,0.0030036152940072854,-0.0005235521440185994,0.00010885757012576698,0.002414383466887339,-0.0005278409059089005,0.00010885723293938367
2023-04-12,0.0009906051597378478,0.0028003388061280674,-0.0013452114565235599,-0.009253713955876514,-0.02203394847412232,-0.005994487241757198,0.0009909353900956343,0.0028003384505969516,-0.0016351606786813985,0.0009906051597378483,0.002800338806128021
2023-04-13,0.009260513803810844,0.012330431180385331,0.007296676832478884,0.007188090375627626,0.014180561736790715,0.021650967927868137,0.00925866371026942,0.012330432126411238,0.008393323792850085,0.009260513803810844,0.012330431180385336
2023-04-14,-0.00427225322958967,-0.0008918379670255807,-0.006003716955058467,0.006974153541861199,0.020847783300941055,0.015265948542280954,-0.004270252829625111,-0.0008918391999081715,-0.00432741129602407,-0.00427225322958967,-0.0008918379670255403
2023-04-17,0.0002447918089315002,0.0008353907654456449,0.004522578326981089,-0.022993390341258964,-0.01968766869093885,-0.023514481879214025,0.00025078916514863106,0.0008353901039495565,0.0022804522551923613,0.00024479180893149976,0.0008353907654456063
2023-04-18,-0.0018783151796732214,0.0044008420892680256,-0.0006508653812289356,0.026189502851659042,0.041353713134765865,0.02091758812735807,-0.0018881259088167775,0.004400840788866985,0.0009534952106500924,-0.0018783151796732214,0.004400842089268094
2023-04-19,-0.0006456563529509427,-0.0011239920654033868,0.0022545960864848993,-0.039392977910796594,-0.07640005921673551,-0.06728257402215711,-0.0006406913377893194,-0.001123992332680265,-0.003304406166560513,-0.0006456563529509427,-0.0011239920654035269
2023-04-20,-0.005122106791982503,0.0018984812972596345,-0.00699174292196768,-0.015512479819049475,-0.034054194142885894,-0.016347641081652875,-0.005129526472617849,0.0018984811625860514,-0.007794339279150958,-0.005122106791982503,0.0018984812972595681
2023-04-21,0.005585985428823249,0.012701521587720957,0.0006980470303914717,-0.024818495360482265,-0.053620182269030404,-0.034845178630360685,0.005588679080633846,0.012701523443587538,-0.0020414969234606554,0.005585985428823249,0.012701521587720834
2023-04-24,0.0017767943417417882,0.006029167207627271,0.001809010577262492,-0.004443510954129881,-0.008049169960190559,-0.0060061503875735965,0.001768896606986186,0.0060291668692352765,0.0011831836977528234,0.001776794341741788,0.006029167207627245
2023-04-25,-0.0002484377374805766,-0.006122430127329557,-0.011659652636242464,0.017264421133379587,0.018908492795530963,0.01621829100657832,-0.0002468756228345096,-0.006122429576629144,-0.009203565191769032,-0.00024843773748057683,-0.006122430127329511
2023-04-26,-0.019463017520755178,-0.02169547650921894,-0.014372233376000122,-0.0010644983868850354,-0.01693208453930983,-0.012050009002863045,-0.019464238521773307,-0.02169547646361116,-0.01438222198620299,-0.019463017520755178,-0.02169547650921893
2023-04-27,0.0051813527916550976,0.008584085395019498,0.012526477762515182,0.027251344710186087,0.010455907414824049,0.015085081789629775,0.005170180006773619,0.008584083860604197,0.012493234279655156,0.005181352791655097,0.008584085395019505
2023-04-28,0.003609807644349823,-0.0020577858448486,0.007439758179407746,0.001802271956764928,0.02870832455873872,0.004207806959909903,0.0036165245171515337,-0.0020577876562714262,0.007089121532024583,0.0036098076443498227,-0.002057785844848543
2023-05-01,0.001210843230684773,0.006459944114623466,-0.002797588242031351,-0.016781309830103307,-0.015594966241045394,-0.016248811110941574,0.0012258352430126592,0.006459967049346929,-0.003856536464253597,0.0012108432306847732,0.006459944114623465
2023-05-02,-0.007347600600356496,0.0033357217775507346,-0.015455768475514825,0.016557221413403867,-3.2240138395421394e-05,0.013293045779963798,-0.007314072264719732,0.0033357344805418363,-0.013152814535794824,-0.007347600600356496,0.0033357217775507337
2023-05-03,-0.009187773577747515,-0.013286794181098677,-0.010768228393504796,0.006463520355866287,-0.0031336758333527746,0.006552620262677794,-0.009200583571629012,-0.013286762536168307,-0.00925074862804241,-0.009187773577747515,-0.013286794181098677
2023-05-04,0.0006172145540848442,-0.010275760017743624,-0.003998704340538511,-0.0019525020699963235,-0.004144601839036089,-0.009522409727748728,0.0006251342208724541,-0.010275772342867587,-0.0044005829510401235,0.0006172145540848442,-0.010275760017743623
2023-05-05,0.011054759210312199,0.00973827827521613,0.015595274252737767,0.02270879629486222,0.013490794701901176,0.020747811517964003,0.011027869121108695,0.009738270500236052,0.015890163164175988,0.011054759210312199,0.00973827827521613
2023-05-08,-0.0002931808678623894,0.0035051399517378044,-0.0013584217722098302,-0.02132634976241327,-0.0476259202467385,-0.03467319152504385,-0.00030337129247147074,0.003505143653758419,-0.004173614349926491,-0.0002931808678623896,0.0035051399517378044
2023-05-09,-0.004597022572563008,-0.003965256419647415,-0.004051202839576464,0.002830902987214331,0.002268552130944461,0.015041502207316211,-0.004601976441190533,-0.00396525413820959,-0.0024287750887682126,-0.004597022572563008,-0.003965256419647415
2023-05-10,-0.0005119481025848867,-0.0028162863422274012,-0.0015021797796449477,0.001118068302238192,0.0022912864147535137,-0.0016021043673521817,-0.0005077503484035469,-0.002816293343849389,-0.0014838511796553902,-0.0005119481025848867,-0.0028162863422274012
2023-05-11,-0.0016511492998645457,-0.0031539408351879466,-0.007799409264121308,-0.022349483959528293,-0.020873930215312923,-0.020408981543766816,-0.0016372265946904526,-0.003153934064326493,-0.008695735994829062,-0.0016511492998645453,-0.0031539408351879475
2023-05-12,0.0013906467101472506,-0.003254878357887098,-0.00016528465264277202,0.0038624419544980425,0.02095153190434251,0.006766701940331173,0.0013956915339302714,-0.0032548837917396154,0.0004186720252869787,0.0013906467101472506,-0.003254878357887098
2023-05-15,-0.0028834947402744597,0.005771326029642002,0.002440347887432763,0.010076366673819444,0.003996643687073534,0.008394194889187882,-0.0028764307917613797,0.005771346933706274,0.0027415434724587105,-0.0028834947402744597,0.005771326029642002
2023-05-16,-0.01497689073497277,-0.006715299375221254,-0.01662203057414882,-0.0015460082109470653,0.032416321637182215,0.007968688843043949,-0.01495658017415354,-0.0067152948539629335,-0.014617475653899446,-0.01497689073497277,-0.006715299375221254
2023-05-17,-0.0013571686504133195,0.00278074511689895,0.00931756800647805,0.010654198554614618,0.016236190613019508,0.014388509118239875,-0.0013762142479180246,0.0027807545866247218,0.009589621985294377,-0.0013571686504133195,0.00278074511689895
2023-05-18,0.0009266255984661223,1.2467500652766045e-05,0.003485696022902664,-0.01601614135654867,0.026104046671342463,-0.01158431888089121,0.0008953165773862512,1.2466078134661432e-05,0.002084761049596137,0.0009266255984661225,1.2467500652766153e-05
2023-05-19,0.0003000347006440403,0.005615535372081657,-0.001549672938966214,0.0036617079244718547,0.016691344442508523,0.0035921573913328744,0.00031188482621869666,0.0056155379496263865,-0.0010373991665734352,0.0003000347006440404,0.005615535372081656
2023-05-22,-0.0057854985596795215,-0.00793572797643405,-0.00016378498883141295,0.018130940578201485,0.00885367713965435,0.009569050988713093,-0.005820836341160529,-0.007935715197006988,0.0005596921558510687,-0.0057854985596795215,-0.00793572797643405
2023-05-23,-0.0033001461936982067,-0.014259012095917118,-0.006672486659575527,0.009514750629011897,0.008295048040969588,0.00842288776147885,-0.0033006219389116976,-0.014259026897344871,-0.005341554838224481,-0.0033001461936982067,-0.014259012095917118
2023-05-24,-0.006646628960891458,-0.00014799385759684067,-0.00886820095367934,-0.027247998008900577,-0.025398023299765038,-0.02885401747191735,-0.006652373404623397,-0.0001480004455885086,-0.010462695697661202,-0.006646628960891458,-0.00014799385759684067
2023-05-25,-0.012679851425307425,-0.008351377937738446,-0.005745465213118597,0.002825084037018315,0.00027561345839899305,0.0008677477046706933,-0.012651951281831853,-0.008351364279269267,-0.005539026849248651,-0.012679851425307425,-0.008351377937738444
2023-05-26,-0.0008668430429468029,-0.0031298013678737694,0.005650377498370005,-0.0012843194501352831,0.03395377551094802,0.012147820108178005,-0.0008847914504760067,-0.0031297901517118414,0.005982848094109862,-0.0008668430429468029,-0.0031298013678737703
2023-05-30,-0.0035548127300827435,-0.0113483370608045,-0.0027612531159250013,0.0009733385693028198,0.05623186021360892,0.009454368975649675,-0.003568322555735264,-0.01134833263778131,-0.0017765630833614496,-0.003554812730082743,-0.0113483370608045
2023-05-31,0.006852630468190907,0.0025780751235973736,-0.0016591885078342259,-0.015034813098104786,-0.008721354825985685,-0.010878742090249593,0.006847242164037056,0.002578073058508724,-0.0022461015234558706,0.006852630468190907,0.0025780751235973745
2023-06-01,-0.0010865367791735047,0.021366715576347835,0.0029988280816839403,-0.009346810525721366,-0.01946131566696396,-0.007261722650727896,-0.0010703977511759743,0.016638538601326816,0.0018734738666779814,-0.0010865367791735052,0.0174707677007975
2023-06-02,0.012754601139260665,0.010085162147769005,0.01757232308137629,0.07815879508007177,0.03561872023612666,0.03511014728018099,0.012743913773632334,0.013008701211684206,0.019077639714421276,0.01275460113926067,0.012521660023376804
2023-06-05,0.0011828648836534573,-0.005590604466408422,-0.0040091590603598196,-0.040894067080191485,-0.047614333960435344,-0.05392823686511155,0.001177384839135968,-0.00954267745555866,-0.00824200863338038,0.0011828648836534547,-0.009600649885186142
2023-06-06,-0.006506858872929433,-0.00870983644285088,0.0016363220705958273,0.013206531566807336,0.0393225964295183,0.03236145464552567,-0.006510979516811918,-0.004465366174098898,0.004158058330061201,-0.006506858872929432,-0.004126420365513684
2023-06-07,0.00039564845316796145,-0.006187109787635775,0.008113762959212682,-0.02267124193898439,-0.020427409480467285,-0.0328948428978828,0.00039198212221643524,-0.007106908114100559,0.004674253724075903,0.00039564845316796037,-0.007545967015035768
2023-06-08,0.006118532288304206,0.011987669601720404,0.004441042602272956,0.007881421818282741,0.009464538006868748,0.0072844785346329,0.006125058264872597,0.011927472251047434,0.0046851795359523895,0.006118532288304208,0.011746903910175908
2023-06-09,6.570555035261184e-05,0.0030317228472770672,-0.002873297471197643,-0.04733291002431832,0.02549059579188361,-0.01500069233767284,6.262376244895444e-05,0.005030199954871826,-0.0038680309000541004,6.570555035260918e-05,0.0051748239391311655
2023-06-12,-0.002612160234596362,-0.00011143704527392839,0.003127131585722593,0.007630848566353389,0.00863363453508703,0.0011672669025005614,-0.002615622701135958,0.0005748908153700714,0.0027305179186737413,-0.0026121602345963615,0.0007230470581109018
2023-06-13,0.006432780668954684,0.007545219186007062,0.006428950159011647,0.00810779692801546,-0.010718656800604572,0.002703062904744556,0.0064289159363070374,0.005274080017679388,0.006038843758455675,0.006432780668954684,0.005802418794155923
2023-06-14,0.0022125555171872424,-0.0038182536468723692,-0.0007081870268756533,-0.019505901094442425,-0.0766527096432965,-0.041165272917907086,0.0022068037878719654,-0.011343086864156606,-0.004386224241661827,0.0022125555171872407,-0.01076836207642386
2023-06-15,0.009672405123575208,0.00507116341074298,0.010633721422733673,0.00017324596462440226,-0.00021236839226013076,0.004762748787328965,0.009666171817423637,0.004841070837669532,0.01016210846316966,0.009672405123575208,0.004566991059628582
2023-06-16,0.0009339845410216295,0.003165562284422077,0.0012686769611465448,0.0033948164927569717,-0.009112365439118971,0.010376938907086545,0.0009244591236884875,0.0019246877563678752,0.0021047946944547104,0.00093398454102163,0.001993961181600686
2023-06-20,-0.007579657837574977,-0.0030028602529878047,-0.011599592309766732,0.0213511312238054,-0.0010640515417482642,0.026607587279533364,-0.007581481978306078,-0.0032922257488384446,-0.008195375700265486,-0.0075796578375749765,-0.0028178526136373393
2023-06-21,-0.0012516979460152127,0.004914443398064607,-0.0017429278256870632,0.034901356171125664,0.015876371306205353,0.06598551751130824,-0.001248838059340719,0.006138154488558129,0.00436220465474447,-0.0012516979460152104,0.00596046737828415
2023-06-22,0.008050207293270523,0.007397405686102361,-0.003503505077406409,-0.005201978877027645,-0.011424099802530119,-0.0036212580417031384,0.008051463647910782,0.005584519475075735,-0.003431364543367846,0.008050207293270523,0.005601394414187094
2023-06-23,-0.005253158997905112,-0.003369990072474597,-0.00725816613737319,0.020324878087535386,0.0032142976487188574,0.06825187039498629,-0.0052405055831427644,-0.002415119149243979,-0.0005688220245284601,-0.00525315899790511,-0.002741695222631746
2023-06-26,0.0005093984676875739,-0.008231087884746151,0.006256962251063335,0.004400302703467771,-0.02232409938723355,0.005712985767513858,0.0005144518111664261,-0.00929575895400851,0.0061756796991054,0.000509398467687573,-0.009575890378307889
2023-06-27,0.002733793969159508,0.007571705246672857,0.005046907126309228,0.019310764146638907,0.009404731357740562,0.023063679987523896,0.0027582788684202956,0.007441127449676132,0.006431793318324034,0.0027337939691595096,0.007746618755009421
2023-06-28,-0.00403516928364079,0.002489342877353474,-0.0021645496149505098,-0.01201450985781849,-0.03847963803580611,-0.036698338859643735,-0.004033174551304762,-0.0013258271174454897,-0.005233951306708765,-0.0040351692836407905,-0.0014200548891193608
2023-06-29,-0.0011068582615648141,0.005816373313815777,0.0056728210104209816,0.010993292129857038,0.020420351743020374,0.0280634239611703,-0.0010957340559373746,0.007342048521751178,0.007648754590066636,-0.0011068582615648135,0.007209933987774628
2023-06-30,0.006540313337909121,0.01939887694086223,0.008368666816142819,0.024304710309886797,-0.0014429632142628328,0.08568862304125013,0.006540971394341572,0.016957897025051686,0.015370849319955552,0.0065403133379091215,0.017410078549114635
2023-07-03,0.0035983487553760403,-0.009073788431243679,0.005243444443828758,0.017713885590041122,-0.014758480252268735,-0.0020117297572718206,0.003881580276066953,-0.010310078473050625,0.004490630924366006,0.003864858686265992,-0.009528236960001385
2023-07-05,0.002084282509080447,-0.0003864739096258036,-0.002505348587288686,-0.0015776035469389413,-0.009448624140222243,-0.014318656760716841,0.002068937449317833,-0.0009542347686672232,-0.0033808527169010326,0.002015143870490385,-0.0011109249386937702
2023-07-06,-0.008161104229272772,-0.012297504673736609,-0.011751687754364415,-0.0023748784741723307,-0.001852398760450917,-0.023296870491782355,-0.007979355125432635,-0.011128163763847723,-0.012812444710863026,-0.008051856763578205,-0.011462496697146742
2023-07-07,-0.0139111516423358,-0.004613027686307806,-0.0020313437250898472,0.01953339866025222,0.006969990556481551,0.01784351996913105,-0.013042325641272612,-0.004013170938448759,-0.00044112163136892095,-0.01327969816704899,-0.003687052142736455
2023-07-10,0.0006878063032465351,0.01327022999815171,0.0043485909817648875,0.002040039436040219,0.02775858812981735,0.011384052381125786,0.0006111624953561176,0.014650435502956681,0.004970964569176795,0.0007133372882164386,0.014428465702802965
2023-07-11,0.00896273626937865,-0.00014030040117797395,0.01302063120735068,-0.0012849722762516844,-0.0029032711029775026,0.00012116546630906526,0.008402624703712093,-0.0005543068479529237,0.011670894773059085,0.008769253291843625,-0.000361179212196269
2023-07-12,-0.002605606378237161,0.00041569914621414854,0.006642607871945401,0.003899346679978327,0.013442031724654753,-0.004188971144933661,-0.0023837142727805684,0.0014292972067043138,0.005576736544832973,-0.002482788903401213,0.0014570568594830197
2023-07-13,0.0014913797706664796,0.001677432237073773,0.004287441786662583,0.047128727819100776,0.29781213107132626,0.19565156528004726,0.002555954306525515,0.015086368169837104,0.02185703321465427,0.0023530406920222544,0.025351183152046926
2023-07-14,0.003397105937420793,-0.0022627824969569197,-0.005057533881747501,-0.02446325480678413,-0.0713427781995942,-0.05974516282937214,0.0027044470807746027,-0.0064016718067197685,-0.009968531800473624,0.002871085361407514,-0.007785210695710419
2023-07-17,-0.005350762057164858,0.001061585179762853,-0.005096000820429852,0.0007802282115158449,-0.02162691053730401,-0.004279158936120063,-0.005439286501520965,-0.0013653975873799198,-0.0052363237158240235,-0.005235005227514545,-0.0007521901000529874
2023-07-18,0.0007130842176084611,0.0031034895294713666,0.004858155839365568,-0.003543100785399991,0.028189866611099988,0.0014410023116006331,0.0006234917823831627,0.0044452560322328916,0.004546840160638218,0.0006327248530095202,0.005108957462568826
2023-07-19,0.008185855004220144,-0.0060834160530496475,0.006535493875207565,0.005650870008433853,0.022693491446649474,0.03039835770052484,0.008347080806399265,-0.0044529542409495766,0.008848933965863073,0.008137992943857345,-0.0037829178576915903
2023-07-20,0.01563271231398231,0.011422275901685387,0.00524220715204891,0.003503122154062502,-0.014673747575962242,0.0004849569449461291,0.015484219191035731,0.01018936773611778,0.005223365221154069,0.01540369826562498,0.009336094302186635
2023-07-21,0.006073096139810599,-0.0007910326049351781,0.0056855737019119845,-0.0005740211213411615,-0.006642034869590689,-0.0024931476898777862,0.005983828080426053,-0.0004033948921824175,0.005044778118131654,0.005947594518254384,-0.0012587764078791407
2023-07-24,0.0010477000126740282,-0.003731744768192579,0.0042619464538009785,-0.02401174524384127,-0.046119783648983094,-0.038157108581430225,0.0003791046078330477,-0.007323345004755871,0.00029689768649703886,0.0005745624266452014,-0.007120350960537789
2023-07-25,-0.002805998552464737,0.029463243960776517,0.0019249084528027787,0.004386968726237633,0.0015694440844536838,0.000941013298121097,-0.0027305249820722194,0.02683755236443737,0.0016856336569438962,-0.0026701909501897127,0.02723334360481122
2023-07-26,0.00340957429434343,-0.011569700118621871,0.002019028019287549,0.005455251636298446,0.014175269025726654,0.015184841964838448,0.003436016075282747,-0.0095834752299036,0.003302092487561896,0.0034481979282450946,-0.009511582683426934
2023-07-27,-0.00723625235617453,-0.0017979895902289558,-0.005116829129823979,0.0011855762477009564,0.0052947953393962174,0.002247642019071761,-0.006878084905214143,-0.0014224927889061728,-0.004413461517258384,-0.007077243103782952,-0.0012309745650447466
2023-07-28,0.0026232948182996546,0.0013229790909636435,0.0032868655802035995,0.026978123445712803,-0.0073622620201132085,0.009341022573583463,0.003393221002280869,0.0005529141132327832,0.0036985173291380576,0.003083128813304954,0.0006286591226873161
2023-07-31,-0.00397603503550482,0.00021383269105811395,0.0025904657723559155,-0.021239621932897846,-0.014514767754657284,-0.017740834704350776,-0.0044751947749016256,-0.0009580766017732508,0.0005967695681963779,-0.004301982068538514,-0.0009636085870178027
2023-08-01,-0.005371897588238587,-0.009472387471506541,-0.004810453163953681,0.009681095501543589,-0.0008992516590450323,0.008160847624051738,-0.005205722013486765,-0.008394973103807088,-0.0037424878584795237,-0.005163930554325759,-0.008666060289917354
2023-08-02,-0.008502912775375831,-0.011249160705285678,-0.011409670919546002,-0.02490868445433104,-0.0481742876220117,-0.03550625373530355,-0.0089256770176732,-0.013443771117206777,-0.013391440961234638,-0.008729569338278217,-0.01472207122109823
2023-08-03,-0.006939291347949152,0.003041124147185259,-0.005456409463289995,0.006583023806035458,-0.02295864113774349,-0.014131954271935743,-0.006618956036175794,0.0004292016798697633,-0.006356163997628008,-0.006752471639906003,0.0005957741699104023
2023-08-04,-0.006007305902301134,0.003187950353503335,-0.0023879229822070885,-0.004722725046799479,-0.017143409897001048,-0.0062157925106953935,-0.006210433643547422,0.0002986266467529053,-0.0027559499158534887,-0.005989558570010042,0.0012757295783658998
2023-08-07,0.011773614811119604,0.013674746430299776,0.008859932526522358,0.00011524800848051932,0.033783277200383814,0.0064822029374862365,0.011403844470173657,0.014503658886441572,0.008831612787175742,0.011612546779682162,0.015566009475284241
2023-08-08,-0.003919686116337274,-0.006126920908008341,-0.002434411640124857,0.005318980665364123,0.020363581549512615,0.013601433944079871,-0.0036845743538764823,-0.0033375085375229796,-0.0008657194975533382,-0.0037920478375949827,-0.0036354157396886683
2023-08-09,0.0021943284730430684,-0.012078448183327997,-0.0004805943528878169,-0.002443518262131392,-0.002179162732619059,-0.0023834044400121456,0.0021976930653521886,-0.010809502453438254,-0.0005456621516857776,0.0021302535596020183,-0.011147392953150186
2023-08-10,-0.0020346026928470193,0.003199091725267276,0.0007606439797701275,0.0042951170621471045,-0.02143577644440064,-0.00848350479101696,-0.0017978342913219534,0.0013516424815419184,-0.00012144818495803684,-0.0019471534370681738,0.0008821141041736623
2023-08-11,0.006097795684306577,0.0046434632230570785,0.0031750610920698737,-0.0012336735277089356,-0.007615588430087228,-0.0024375642434882674,0.005992312618424724,0.00434423836741995,0.0027541321648156913,0.0059965065986641326,0.0034904654420038466
2023-08-14,-0.0005570034052521215,0.01752922916278659,0.0004975504358673586,0.004251878022905592,0.010387686127148039,0.002261435564542163,-0.0004695833052825412,0.016189131148298633,0.0005398680561900074,-0.000490565534651404,0.016857547249179886
2023-08-15,-0.006475037938272951,-0.008444455444467527,-0.01190792902154771,-0.013300349876260002,-0.022612443324462946,-0.025806711178747603,-0.006667250106313203,-0.010067616722208376,-0.013074853771364275,-0.006569334127131,-0.00977699396782336
2023-08-16,-0.0026638914743101214,-0.004100551152232562,-0.006830191823785903,-0.020547303655627024,-0.06299412698784303,-0.03678009511850981,-0.0031227279372589077,-0.008166759325686817,-0.009528293241005258,-0.0029109626159366693,-0.009639655169249448
2023-08-17,-0.00550567651607787,-0.011637865031059336,-0.004559469004515733,-0.036028199815204276,-0.12527293588187724,-0.08152417182527716,-0.005858679922085838,-0.022237712833490287,-0.01154002223176875,-0.00592736531910823,-0.02232555835741991
2023-08-18,0.0037545754656487366,0.003883871991792235,0.0016854976362037104,-0.0028817826149267283,0.006798721614094235,0.004328278260934323,0.003750195752624427,0.004279315160127932,0.0019753926307419954,0.00366288979903287,0.004158021676589105
2023-08-21,-0.0031920302431198244,0.013593819816970705,-0.0015446305943058345,-0.00839060921076871,-0.021312380634069285,-0.009217837305877725,-0.003460273509605041,0.009432164751923912,-0.002396554898537703,-0.0032638520424135087,0.010310794930235226
2023-08-22,-0.005674831945362423,-0.012358244743384091,-0.004627507979436634,0.0022572567455732455,-0.007039441968346525,-0.012388554393817896,-0.0055385037064409155,-0.01167852268360643,-0.005363818122805251,-0.005565244905233698,-0.01185799660258234
2023-08-23,0.010750826759866463,0.024576063697809573,0.007335285767846815,0.025505322787328907,0.03303582249722453,0.03054895384149778,0.011151756383706607,0.02475669645874751,0.009360162821865197,0.010954669859867141,0.025371727457124037
2023-08-24,-0.009270855499272812,-0.016134925661925557,-0.011058557738521952,-0.012793207644140098,-0.008547671373982038,-0.011811348677293169,-0.009313762137078465,-0.015918660972615933,-0.01102839531263855,-0.009319519118766653,-0.015421323369855782
2023-08-25,0.002539376562409996,0.002226693636050989,0.004709913363466371,0.005495618000308583,0.0011170654374085011,-0.0007808499027403474,0.0026193140778249975,0.00300920343744494,0.004254430208577348,0.0025802189888764833,0.0021223300288953947
2023-08-28,0.003073502332372415,0.009643916002588706,0.00698500562522351,-0.010929286316326125,-0.02008343854272922,-0.006496528128839697,0.002671586745825641,0.007022592180818628,0.0056742543895552805,0.002880044565906372,0.00684797592523835
2023-08-29,0.005186058910939791,0.015455099629071765,0.010812059614547422,0.02441566897119757,0.10601053473579496,0.05272610581532504,0.005424506092914738,0.02117465209377966,0.014558669046504547,0.0054517286647010315,0.023972089253924342
2023-08-30,0.0017184374911839544,-0.00159528495247434,0.00135856316006407,-0.0204812681132194,-0.029499583207157627,-0.02168363626746798,0.0011379783320726129,-0.003992825618363614,-0.0007215931447796228,0.0014117339073352643,-0.0042197615335192755
2023-08-31,-0.005260299594006028,-0.0028209261388558327,-0.004119311317659028,-0.0011608311685439663,-0.036084094475795976,-0.034166574854282636,-0.0048568664989652715,-0.005526002854769134,-0.006916473148108889,-0.005203662732221954,-0.005949419301983602
2023-09-01,-2.258544836394264e-05,-0.0010922104940599784,0.0032618137064465555,-0.007340096478567664,-0.03249541307078202,-0.012054695064519663,-0.0002582517503866594,-0.0031146000546921583,0.0018269799022043644,-0.00010342789635908961,-0.003148278330038237
2023-09-05,-0.009300509103384268,-0.012112108728973711,-0.009606543790618257,-0.0004273788784845192,-0.007095709388609113,-0.0011386710946612688,-0.009138889821998852,-0.012027609119564908,-0.008993931090999323,-0.009202480475097984,-0.011783669063912558
2023-09-06,-0.0024747340296984418,-0.009262580005328962,-0.004102528549134705,0.013764003628528004,0.0013788731200599681,0.002710037493756011,-0.0019346861276378692,-0.0086785524484865,-0.0035045523492361797,-0.0022953315936483434,-0.008565850127357826
2023-09-07,0.005670118203492702,-0.0013849495043015327,0.0022169731685263653,0.006403126351951657,0.0021999914721699044,0.0076221228102789414,0.005638551281321985,-0.0009486786924136074,0.002841021632824728,0.005678216335887339,-0.0011502319840869825
2023-09-08,0.003680214723817274,0.0003366898741199167,0.003792497879303882,-0.0023524355534608305,-0.0007242481753605414,-0.005132837213041321,0.0035930897755156377,0.0004968671341904939,0.003092196136353063,0.0036135671691636816,0.00026722687606508687
2023-09-11,0.0037088488813520407,0.006360269295566894,0.0032394386379448184,-0.014318188482408437,-0.0400053645631718,-0.030758976381205325,0.003474634622285829,0.0033238012786935664,0.00017169281547497946,0.003509689655684866,0.003324563359562707
2023-09-12,-0.0018613202883604628,0.0031888064073026523,0.001996774336405497,0.03843654309413197,0.05307392038268473,0.023643679987566387,-0.0008730905720813366,0.005836417037309508,0.003911482441032785,-0.0014161172799375284,0.006454943932235274
2023-09-13,0.0002787335272665195,-0.006640897442111512,-0.0003776232462585469,0.007498428651202217,0.005711431149288565,0.010815994630209373,0.00040964007968069993,-0.0057849647101009885,0.0006102405597363316,0.0003584953240289004,-0.0058321510903926515
2023-09-14,0.008836995241478938,0.01191455085837489,0.012389740749512861,0.026217393380002167,0.028407619630525224,0.016667440383886963,0.009661896938716169,0.01277590687585522,0.012862924151346761,0.009029010521927297,0.01299440467698295
2023-09-15,-0.008888091848779376,-0.010487270763325353,-0.009267701671676433,0.003763883532674431,0.03595443418040797,0.015754206600933403,-0.008617912959225902,-0.007419616269213041,-0.006956395605846643,-0.008748315269340098,-0.007446584210751141
2023-09-18,0.001037571127642526,0.004961353169251468,3.8197630583377466e-05,0.008054472933497226,0.02993243505434132,0.01813988542282366,0.0011827381018633368,0.006376826009719527,0.0017001050892383493,0.0011150925030098378,0.0065962895477331505
2023-09-19,0.0002138061680899843,-0.004979587562958029,-0.003259301872326675,0.00908540046225222,0.013489468143165682,0.011560292888825718,0.0003427722148636799,-0.003594963346774744,-0.0019185670115281703,0.00031181782771024847,-0.0037703595771983833
2023-09-20,0.0017213174094028224,-0.01062593218455198,-0.003296294759232582,-0.001421857842137944,-0.0037990728330398395,-0.010006207986702797,0.001870806317690054,-0.009821387707005967,-0.0037615322195734477,0.0016865922165382693,-0.010178955927939343
2023-09-21,-0.014066131546192288,-0.014752730688872201,-0.01706150043507905,-0.0179429782463657,-0.02982535083690438,-0.019433894699118943,-0.013864631166353957,-0.015558956428200179,-0.017161084305289294,-0.014108962199463638,-0.01573958320541326
2023-09-22,-0.001425343547804735,-0.00444346364102786,-0.0032680198606956667,0.002838542734194144,0.0019839182212238325,0.001236827079239562,-0.0013686935185572117,-0.004091523304013981,-0.0028819262126790566,-0.001378236956015953,-0.00402264244980574
2023-09-25,-0.0017570276189267772,0.0036710855982936084,0.0013875515844066187,0.009358963349770023,0.01841377375850562,0.008738091190266627,-0.001316304422127026,0.004309115338807764,0.002055426266334877,-0.0016342202985015447,0.00463633641524495
2023-09-26,-0.006361438473273032,-0.00970615451738671,-0.011189982968294172,-0.0004079325127410139,0.007822941470553495,-0.002459554879008513,-0.006072142094453723,-0.008697870735290585,-0.010387785288522794,-0.006295665289738834,-0.008558468692460842
2023-09-27,-0.006503955913171599,0.0017808048607492132,-0.0029287665125396307,0.00809820565038573,0.03820312333316479,0.00939229507219572,-0.006200546378060097,0.0032832949650712755,-0.001856278464098215,-0.006342634053601302,0.004165490223330704
2023-09-28,0.002116624617420486,0.009478641652009104,0.0027718658216470643,0.01781138035745025,0.034731593012857956,0.024617119534021674,0.002188201123670684,0.010940083405135873,0.004540642073869717,0.0022900172463448287,0.011132032924116245
2023-09-29,-0.0044257667812477985,-0.010677673753419407,-0.0023978433162869205,0.01996503127793383,0.00037860272510010216,0.006842297559563865,-0.00374509420983822,-0.009556238509313341,-0.0016989992246262873,-0.004156301957003504,-0.009953784067403193
2023-10-02,-0.0071330210867017576,-0.0046323547946627314,-0.014387359770787408,-0.024325522915075906,0.007566439057614661,-0.023067305218373853,-0.007465487980338837,-0.0035980239791283133,-0.015225909906067694,-0.007422187562814141,-0.003904847771736572
2023-10-03,-0.008280607774771093,-0.012454483370172121,-0.008049604114897562,0.024015983658654767,-0.03662296206342662,0.0018038098316137672,-0.007128163024664999,-0.015477387652076771,-0.007072973454565612,-0.007737400530794997,-0.013895833900044499
2023-10-04,0.005523755701149989,0.007104762740193508,0.0019413166117754489,-0.009293822937712574,0.00757369328249802,-0.006412435776073025,0.004810450914730964,0.007925427569514865,0.0011699739975547865,0.005274533857680614,0.007132728641324579
2023-10-05,-0.013263917094245159,0.0038014054268412957,-0.0024002685164567416,-0.009990177343879272,-0.011021880455429517,-0.010993877346994845,-0.013385788924262617,0.0030282704336060747,-0.0032563659813406444,-0.013208854963278276,0.002917379947536968
2023-10-06,0.005348579421795186,0.018544928129742587,0.009475622061335818,-0.001304881276463601,-2.8951416939871315e-05,0.008726666878447953,0.004611327346135813,0.017445290434821435,0.009268535190701994,0.0052366726264216085,0.017437226173563258
2023-10-09,0.004105063531778926,-0.0025102332801196334,0.008841063723012582,-0.01804946692887811,-0.038398145107652604,-0.029372269038110344,0.0032674910362473627,-0.004763106406484981,0.005475595444671496,0.0037324390256317317,-0.00465050290094045
2023-10-10,0.010595472198632924,0.006206247702606415,0.008068393980447508,-0.0017073190765271424,-0.022670924280388336,-0.006542866112991086,0.010525266152776519,0.00436775025183854,0.006700491620697262,0.010388547410437592,0.004484081915211526
2023-10-11,0.0018299606759240806,0.015589877332038345,0.0035324063520214633,-0.008156806404865453,0.0011683700367449337,-0.00857325860139987,0.001429864534449045,0.01588064435822748,0.002555744922629122,0.001661989878344113,0.014729812971122195
2023-10-12,-0.004999384488862538,-0.007703256522318902,-0.007971061546850702,-0.010465516055865022,-0.0033291887252588923,-0.008607822208874908,-0.005201910093570326,-0.007184286478104299,-0.008038590975924,-0.005091321195862803,-0.007442397532516215
2023-10-13,0.002738875097821121,-0.01336700024407972,0.0023837189620056305,0.006152345201485839,0.012749337651123169,0.007045153858187738,0.002784634151397717,-0.01183980539454035,0.0028580233022026395,0.0027962874006404043,-0.011809484028792122
2023-10-16,0.0063666817690625445,0.0029714491185910048,0.009302336256447673,0.03374511477503584,0.061278404230718196,0.030709039640573244,0.006794787761503327,0.006968973309052208,0.01114746880180469,0.00682716885074779,0.006448737106500872
2023-10-17,0.005153602302987309,-0.00415940077236416,0.002885080956091997,-0.00383776437882716,-0.017795711091992905,-0.016965624905650647,0.005028468370397972,-0.005159044859662052,0.0010839165875130194,0.00500237347981955,-0.004972637855018715
2023-10-18,-0.006515347402196842,-0.02261956225240764,-0.01282957657888895,0.003903780910916652,-0.00022943894309857056,-0.005632372471369062,-0.0060755761497441356,-0.020760428597863496,-0.012107843716124691,-0.006340104575495878,-0.021284268603793025
2023-10-19,-0.004623329476250787,-0.007853855734736381,-0.00914026413310493,0.010233218698303008,0.016502284642042793,0.01480175332381451,-0.004096829151229255,-0.007042465547655383,-0.006964579778301077,-0.004373452191041515,-0.00640131350883638
2023-10-20,0.0002190683497535731,-0.004805685587761557,-0.007078440663178552,0.016943225418204158,0.04091355487166571,0.021797091887629114,0.0003845750509590372,-0.0016087969242510726,-0.004477562562632835,0.000500357577680396,-0.0020790989333872275
2023-10-23,-0.004311180491656977,0.009160815216029506,-0.006559612883454894,0.047716618766805226,0.0632685155609441,0.05666197236259739,-0.0037345294666563267,0.0121345138462418,-0.0010471603482456208,-0.0034361074207544897,0.012387669647048582
2023-10-24,0.015570015423593632,0.034164775579178595,0.010973104634254355,0.008946580394710434,-0.020270607369478152,0.0010458721025149156,0.01532797032260118,0.0308087787527463,0.010126037635159159,0.015458613640061434,0.030918378937806596
2023-10-25,-0.0010914581776674502,-0.0188114664783666,-0.009647030529340274,0.014096937620072247,0.006142656103981118,0.005181258991343701,-0.0007322716152783982,-0.017377800777036812,-0.008116069630728532,-0.0008359994355672108,-0.017323262017379746
2023-10-26,-0.002427261879568145,-0.014811322586565093,-0.00142232769672039,-0.007952143430390118,-0.020090004503019752,-0.0011385304678617576,-0.0024353111336642827,-0.015624479129454052,-0.0013171917602878493,-0.002520186722324471,-0.015126130608777646
2023-10-27,-0.016236435272946527,-0.018159351259954586,-0.012509031279132568,0.0033010326213143903,-0.026795890997815666,-0.008925121988632748,-0.01626141319180878,-0.019156877562192615,-0.01251124867456433,-0.015907828023138455,-0.018674413928375842
2023-10-30,0.005790683094368572,0.019894181855760532,0.009185739735724698,0.0048316594798712515,0.00899566548642141,0.01033698369484042,0.006516150368890496,0.018866613541398954,0.009336065936674992,0.005774552953340751,0.01924422028626572
2023-10-31,0.005523075869814681,-0.011162063510244943,0.005184254837034399,0.01253804077798571,0.005431711512725528,0.00908523158047652,0.005712193102501216,-0.01068088112499738,0.005451233360828034,0.005641062926195275,-0.010172450273702381
2023-11-01,0.004024397744362017,0.003954177903248142,0.004867666188919482,0.02886050144703838,0.004665484316488118,0.021658492124646544,0.004199592206082859,0.0035514866982467755,0.0061371746156840936,0.004109684893391338,0.004021518959026185
2023-11-02,0.014660326075176014,0.009815315570667725,0.023024056830771827,-0.010937663038480996,-0.030075337942980968,-0.010766963930955855,0.014487007426025704,0.0057963612248275835,0.02027993093214025,0.014572422612598987,0.006038773319277917
2023-11-03,0.0016617544221752432,0.013611845223965321,0.010595992715732114,-0.015730179581504956,0.009710547531505733,0.0031468817759466227,0.001602693961434757,0.013853696890390607,0.00993774339588942,0.0016020305425749118,0.013242500170097453
2023-11-06,0.0009926350569161467,0.018719882199588627,-0.0036264406788069255,-0.0036482254590381787,0.035929871647263474,0.024392402627690754,0.0009711934988716623,0.020002983758740878,-0.001252176031892792,0.000976698347713011,0.0203491924908547
2023-11-07,0.0014517118111885571,0.0014541155990707756,-0.0034965176030105783,-0.004034011244907521,-0.0071687245772905335,-0.012966146108890617,0.0014047914870563092,0.0014265320646746963,-0.004315376665886773,0.0014328738450800314,0.000637770982358292
2023-11-08,-0.0009137079684664803,0.012012407792302428,-0.0015555831152289684,0.014389737040359325,0.005669582964825414,0.009787438877735144,-0.0008061109666447776,0.012237803209233716,-0.0007808187591650992,-0.0008611559574604585,0.011411917606150544
2023-11-09,-0.009849058163956561,-0.0038805344154856066,-0.010173395149215298,0.012242695989120325,-0.025646407977255828,0.0209945087982712,-0.009834173198511213,-0.0055486542492316614,-0.008147116660062306,-0.00977319510784565,-0.005941161001016695
2023-11-10,0.004847375453356301,0.017908827219065098,0.009021361815811577,0.05694802532105595,-0.0022060846749242234,0.021022027965888694,0.005167642660370418,0.01694321939711656,0.009817449179069732,0.005026289019791127,0.016004501068463368
2023-11-13,0.0032384981496180244,0.0048991861084314225,-0.0007643165185764873,-0.012602099924186476,-0.0016387585994382923,-0.015133614030370593,0.00316285854252419,0.0036365529773638,-0.0019775348934589886,0.0031841015556591844,0.004280223463006916
2023-11-14,0.0073080663198616756,0.0125281425144182,0.02100739693369603,-0.039774855117582386,-0.025948542107463956,-0.03236729650596164,0.007057932279704388,0.01042377363658165,0.01675848650558616,0.007146383626575999,0.008885464032898197
2023-11-15,0.0033734877367742853,-0.007041385026034639,0.0044202455857177275,0.03233923256957746,0.028746327599938427,0.041316194395229364,0.0034399787877763006,-0.0042073540504186544,0.007308832173459024,0.00347295606827567,-0.0036532778653850747
2023-11-16,-0.014642844983899487,0.004305342065752678,-0.00047826977441489324,-0.025180723150994636,-0.027320917151885848,-0.03241329958569619,-0.014633764343782222,0.004269441868186553,-0.0030637982443442015,-0.014679032044335743,0.0013112095141776022
2023-11-17,1.9325788041889822e-05,0.0025545875819992024,0.002518377428030958,0.012403368987167932,-0.01469310759682676,0.000287811796927885,4.5803848322696996e-05,0.0008688397859068638,0.00228791932602523,6.185257688742042e-05,0.0009217076002350069
2023-11-20,0.00399050459940905,0.0069713038584375804,0.00405816869556747,-0.015338954538590176,-0.018872420826374237,-0.012328320099082923,0.0038473581070795114,0.004709587222559379,0.00269077591932708,0.0039241272609225365,0.004524617489359083
2023-11-21,0.0032193381598025423,-0.002997473807086607,-0.0013537906230102522,-0.04705722484927213,-0.04445520092121915,-0.052105040344353634,0.002942534458299656,-0.00683841741205477,-0.005321985316745055,0.0030466885053571503,-0.0069223746122223425
2023-11-22,-0.0008272999631604419,-0.00877066402146079,0.0014834129417175452,0.049852615439027914,0.03790853373528904,0.047873800109621674,-0.0005634784074446948,-0.004783465094958241,0.005115452294782667,-0.000653265197101946,-0.004351434275599912
2023-11-24,0.0044626747595643435,-0.0016361071870353249,0.002570747965509841,0.0215362884492299,0.004706729007163215,0.012064249262102221,0.0045667405241027244,-0.0012909289517428978,0.003307590869404604,0.0045213055276047695,-0.0010356159247691052
2023-11-27,0.00044812697168603597,0.002509077180845376,0.00021890967352717206,-0.03911693308665513,-0.016829017335190644,-0.025774952733993474,0.00018363577866521838,0.0008489823186606679,-0.0018138362771009668,0.00031226060496659957,0.0006782941635605937
2023-11-28,-0.00020831637346418325,-0.006617567212232647,0.0014480902608761757,0.011122548190492281,0.0033841472767756607,0.010790141028978116,-0.00016985237623259896,-0.006228499365662788,0.0021731550696881693,-0.00016940619873363305,-0.00567068131222718
2023-11-29,-0.0018069903718971954,0.00047258975257583307,0.0037150566533414864,0.0036176928803448886,-0.00143326279216392,-0.001085612113793453,-0.001739794850565945,0.0005411697665702101,0.0032904213240178217,-0.0017883620163987052,0.0002921581971573237
2023-11-30,0.008819360851221727,0.006985520042461463,0.007576156430516121,-0.0013536107025144328,-0.006946299336127794,-0.0032034352651542173,0.008822349769463913,0.00587808327492003,0.006816481347951247,0.008784426879639016,0.005666561843294044
2023-12-01,0.003409547949075657,0.002586445633218467,0.008586236204180097,0.009398155978752189,0.022573552767236812,0.015709315997400497,0.0036758877047920265,0.005810523417921014,0.009320268603799512,0.0035467108230642073,0.005461480815765328
2023-12-04,0.0013011218186639779,-0.01268376052952178,-0.0008942210033719632,0.02499201991024332,0.05770759094383516,0.0250283124463151,0.0021863645581157998,-0.0018955156223139447,0.0016306957948537812,0.0018437373402522886,-0.002558352651536609
2023-12-05,0.003061993752771051,-0.002061029077452236,-0.0038025739383861206,0.020211718608671485,0.034363012648381916,0.01920756629993286,0.0035820751877477753,0.0035843030122594136,-0.0017368889528906525,0.0034547904657453066,0.0031783685377280227
2023-12-06,-0.0030611215298592814,-0.006445793321854703,-6.533026434116633e-05,0.0020528432049107346,-0.010398164223775205,-0.0002323219517663712,-0.0027521872654652675,-0.007888291772234676,3.563373486180669e-05,-0.0029439914560556307,-0.007014320088700094
2023-12-07,0.00027530929713288996,0.004674346070364213,0.0031450081444293998,-0.0051602227403072624,-0.004298130052700856,0.02232649749114879,-2.6642023225357083e-05,0.004084405331089811,0.004724162048279048,0.0001508140568003217,0.0033837048407253205
2023-12-08,-0.0021896765471043087,0.009858152413690431,0.002330164469256257,0.02150406911238996,0.023423436242562694,0.04272998259040927,-0.001491408954393931,0.011842341819895484,0.005987794044702755,-0.00164699580491763,0.01180944371401383
2023-12-11,0.006458049960366247,-0.0022053224728023563,0.006673716190752181,-0.04643911713196517,-0.06415819527081393,-0.06335463447316408,0.005135435510088744,-0.01114618705964704,0.00032318121052746706,0.00524649505006289,-0.011116901710348768
2023-12-12,0.0036287077240000614,0.014769467874218449,0.0011238431061221597,0.0008084618687617393,0.005074327024719754,0.00558500717014268,0.0037045786123888844,0.013025345840485009,0.001476987758416139,0.0035641129091546365,0.013374875307362474
2023-12-13,0.015116458103351597,0.0019611987976391235,0.020127069035316338,0.01880106514282446,0.02846499956446001,0.028833399752895693,0.015111152746554904,0.004605317330215046,0.020998762551262713,0.015200850217269902,0.005773624436071316
2023-12-14,-0.003103691777269258,-0.004805576695439099,0.010434699740274462,0.011141402035363814,0.004508929419323397,0.006814345972066653,-0.002782746163535895,-0.003422067865957886,0.01003987003988931,-0.002777422634607938,-0.003465736336930645
2023-12-15,-0.004232967357901334,0.008978307466794913,-0.003967277603415692,-0.035073486177439855,-0.03012988991950087,-0.03992804069071189,-0.005010773209361054,0.004261576970485795,-0.0073285508368892555,-0.004939337548707487,0.0033528088562322384
2023-12-18,0.003936735985279986,0.008568006322974428,-0.0004568031145979318,0.006288438849198893,0.02334011849055425,0.0029464131168973635,0.003949508945534665,0.01142055624309244,-0.00012799692950873757,0.003990599307438281,0.01069289322719457
2023-12-19,0.003949677639974385,0.009358318999051549,0.007182167332114762,-0.005903298494901732,-0.00942156444435217,-0.013075943035472888,0.0036280666949883482,0.006794543059778151,0.0052985194922043335,0.0037240054107513286,0.006656936289593891
2023-12-20,-0.013040884824940209,-0.021239602508360114,-0.014118240509567555,0.025471876071572492,0.028531130524335216,0.019700622274054037,-0.01206117101971802,-0.014275996264730305,-0.011039838984348838,-0.012158789863369508,-0.014080356922159164
2023-12-21,0.007616198604691947,0.021100440598317956,0.007628009889106296,0.013305263378221268,0.00805073441576427,0.026798493984701053,0.007647605235512314,0.019568698192518795,0.00922153448379626,0.0077465007501617104,0.019223312300302067
2023-12-22,0.00654712301442824,-0.00038896007225075783,0.003192117817272242,0.005076786412504891,0.008154384227409536,0.016963489835915294,0.006431329565419469,0.0006466810191331342,0.004498183412804641,0.006513446475063673,0.0008399529101752445
2023-12-26,0.0032335973693726223,0.007276411288352517,0.005338584496756175,-0.02589260043009569,-0.02569344709074377,-0.02208610456065089,0.0025145530803321655,0.002818825788279138,0.0028154784694296923,0.0025664919287198577,0.0025338789064573834
2023-12-27,0.0036988723069104035,0.003404487033780931,0.0018148940807464556,0.02390486127968434,0.054539286143849335,0.0503489777844774,0.004090518424507868,0.0121575556145694,0.006267183328900769,0.004161669588941956,0.010759946005814558
2023-12-28,0.0018764979319789092,0.0015985086456457962,0.0016269834513129855,-0.007153307055733387,-0.014392501731796847,-0.008893984326949291,0.0016424006159393174,-0.00091970555985669,0.000714736941593468,0.0016696795866250123,-0.000701710046901757
2023-12-29,-0.00019621610766652428,-0.002927757745348512,-0.0022423519023935653,-0.005344929941711919,-0.01729786066488459,-0.0171396484768049,-0.0003042519285104449,-0.00515320161090371,-0.003633688822351623,-0.0003141420736543862,-0.004994817835308586
