date,Comm,Consumer,Energy,Financials,Healthcare,Industrials,Materials,RealEstate,Tech,Utilities
2020-01-02,0.08718,-0.068945,0.192462,0.107185,0.21549,0.08408,0.10975,0.00724,0.061591,0.12738
2020-01-03,0.081931,-0.220854,-0.04619,0.050455,0.19668,-0.12488,0.017456,-0.03842,0.078468,0.05634
2020-01-06,0.128401,0.106789,0.08544,0.284306,0.32718,0.004176,-0.055812,0.059219,-0.013117,0.00905
2020-01-07,0.208818,0.147238,0.074992,0.112834,0.108637,-0.010725,0.07636,0.077305,-0.065714,0.182825
2020-01-08,0.154382,0.123885,-0.018875,0.291853,0.216129,0.022931,0.026635,0.026978,0.069954,0.216108
2020-01-09,0.16018,0.283456,0.081698,0.261529,0.190675,0.033717,0.083323,-0.006113,0.091543,0.0592
2020-01-10,0.028677,0.004144,0.073962,0.290903,0.24778,0.067271,-0.035341,-0.08412,0.262672,0.176433
2020-01-13,0.065205,0.089085,0.134543,0.19619,0.133858,0.059237,0.140575,0.037551,0.200916,0.050145
2020-01-14,0.104085,0.04291,0.213818,0.035565,0.304003,0.089663,0.16984,0.020597,0.227789,0.214687
2020-01-15,0.049365,0.09546,0.086007,0.060896,0.248209,-0.073385,0.194953,0.020302,0.018464,0.126571
2020-01-16,0.156501,0.177215,0.135889,0.143429,0.134327,0.135247,0.08808,0.157406,0.164134,0.152048
2020-01-17,0.075135,0.080105,0.112872,0.11718,0.201985,0.204198,0.18836,0.141335,0.071416,0.15105
2020-01-21,-0.02204,0.070093,0.109974,0.199306,0.090574,0.104686,0.010086,0.108177,0.017947,0.17614
2020-01-22,0.093588,0.084427,0.090173,0.069382,0.066373,-0.014111,-0.0592,0.060679,0.091852,0.106103
2020-01-23,0.175303,0.129586,0.061573,0.03247,0.02031,0.029595,0.09407,0.1884,0.034896,-0.0281
2020-01-24,0.11109,0.078664,0.181362,-0.02652,0.224645,0.049345,0.115456,0.074459,0.066004,0.198928
2020-01-27,0.014673,0.036441,0.041912,-0.051761,0.270938,0.063357,-0.001473,0.05106,-0.17687,0.059429
2020-01-28,0.036708,0.038613,0.14889,0.098779,0.186412,-0.00339,0.167525,0.07579,-0.008395,0.067174
2020-01-29,0.252701,0.009241,0.000796,0.152345,0.141442,0.003992,0.118456,0.164759,0.084092,0.177078
2020-01-30,-0.01065,0.044193,0.099252,0.153361,0.179443,0.104419,-0.026406,0.02408,0.003707,0.210841
2020-01-31,-0.188667,-0.027371,0.079834,0.091903,0.264967,0.083309,-0.003335,0.165723,0.177666,0.14702
2020-02-03,0.130922,0.148323,0.051482,0.075555,0.118252,0.094465,0.14187,0.108484,0.110687,0.231209
2020-02-04,0.112579,0.140124,0.101741,0.241323,0.191883,0.177419,0.05411,0.051983,0.074608,0.144917
2020-02-05,0.014115,0.054724,0.504523,-0.037197,0.165068,0.084069,0.06436,0.023096,0.102248,0.031903
2020-02-06,0.06914,0.165189,0.33424,0.271399,0.22736,0.104115,0.051321,0.267086,0.286872,0.130197
2020-02-07,0.089819,0.185553,0.222753,0.136908,0.272103,0.046395,0.032924,0.119514,0.187594,0.123809
2020-02-10,0.104284,-0.006943,0.050993,0.182027,0.105903,0.081883,0.232313,0.084527,0.158188,0.098978
2020-02-11,-0.006141,0.045486,0.095273,0.283961,0.0501,0.071157,0.117328,0.066931,0.066892,0.160325
2020-02-12,0.153652,0.058343,0.033767,0.139766,0.142632,0.07436,0.0592,0.144763,0.037305,0.265706
2020-02-13,0.091723,-0.013982,0.023905,0.08528,0.081533,0.035338,0.079019,0.110812,-0.023313,0.149945
2020-02-14,0.189286,-0.052778,0.026613,0.178858,0.25895,0.191945,0.02847,0.09492,0.031596,0.117529
2020-02-18,0.040218,0.194397,0.146178,-0.005483,0.090152,0.130468,0.122424,0.10593,-0.04732,0.208466
2020-02-19,0.039749,0.157448,0.221725,0.03011,0.240667,0.211529,0.029599,0.0,-0.012978,0.156411
2020-02-20,0.010154,0.06387,0.2394,0.146484,0.195943,0.098072,0.058897,0.046494,0.041481,0.105786
2020-02-21,-0.064708,0.091046,0.072058,0.281672,0.020255,0.11363,0.095716,0.031531,-0.258961,0.228355
2020-02-24,-0.009024,-0.002158,-0.146638,0.081417,0.11284,0.070818,0.066211,0.048205,-0.009185,0.056411
2020-02-25,0.095812,0.163769,-0.033855,0.258161,0.19953,0.076177,0.075627,0.027293,0.019905,0.163803
2020-02-26,0.125587,0.097673,0.222822,0.163629,0.044877,0.116475,0.053241,0.023013,0.212002,0.095458
2020-02-27,0.13194,0.096109,0.08371,0.07106,0.038548,0.118581,0.056373,0.103515,-0.090316,0.297366
2020-02-28,-0.09631,-0.081064,0.086071,0.016808,-0.024808,0.0861,0.168682,-0.002708,0.150194,-0.03968
2020-03-02,0.097267,0.05836,0.039321,0.164584,0.194039,-0.002599,0.031938,0.10974,0.067866,0.229347
2020-03-03,0.040232,0.18419,0.054481,-0.083678,0.374186,0.052558,0.153088,0.106537,0.002538,0.00575
2020-03-04,0.101097,0.137624,0.220017,0.106318,0.425451,0.146314,0.23945,0.231763,0.395786,0.472569
2020-03-05,0.181035,0.078916,0.06623,0.078685,0.169326,0.110562,0.098302,0.278979,0.14698,0.074593
2020-03-06,0.146235,0.031069,-0.00736,-0.000391,0.192462,0.08322,0.006884,0.214728,0.044158,0.13833
2020-03-09,-0.01093,0.056119,-0.099567,0.209831,0.119738,-0.098977,0.10628,0.124561,-0.110207,-0.171963
2020-03-10,-0.044324,-0.015626,0.00847,0.113893,0.137508,-0.089503,0.059308,0.203895,0.272895,0.160708
2020-03-11,0.039811,-0.038428,0.032616,0.18409,0.246131,0.154785,0.060154,0.30446,0.077488,0.033673
2020-03-12,0.021616,0.049359,0.062688,0.007116,-0.147341,-0.17305,-0.062417,0.092697,-0.045709,0.001628
2020-03-13,0.078253,0.034737,0.208427,-0.199697,0.00796,0.04446,0.075802,0.139128,-0.011569,0.141035
2020-03-16,-0.012311,-0.136021,0.000691,-0.059331,0.004297,0.060705,-0.010592,0.049906,-0.105287,0.19956
2020-03-17,0.051866,0.051672,0.025996,-0.11708,0.3171,0.029185,0.044663,0.098041,0.121601,0.184487
2020-03-18,-0.026484,0.030064,0.018743,0.033417,0.187771,-0.004995,0.013887,0.021382,-0.10073,0.24911
2020-03-19,0.036518,0.021881,-0.022017,-0.16123,0.176382,0.068135,0.092128,0.130153,-0.107377,0.22974
2020-03-20,0.014683,0.046295,-0.106807,-0.059727,0.093082,0.128483,0.050302,0.049635,0.19086,0.165727
2020-03-23,0.163313,0.05064,-0.135216,-0.02157,0.044644,0.012568,0.174333,0.04303,0.183702,-0.01468
2020-03-24,0.175141,0.196996,0.113389,0.39868,0.273796,0.240997,0.31854,-0.002887,0.402205,0.162563
2020-03-25,0.177599,0.170133,0.157363,0.172037,0.180964,0.18102,0.209671,0.062278,0.183336,0.29345
2020-03-26,0.129202,0.086075,0.175266,0.218548,0.267409,0.146029,0.182584,0.309393,0.293434,0.12445
2020-03-27,0.183704,0.045832,0.289845,0.150997,0.292235,0.220017,0.280219,0.30251,0.3283,0.305863
2020-03-30,0.183099,0.069349,0.122721,-0.183265,0.144281,0.018956,0.08631,0.265285,0.076167,0.135738
2020-03-31,0.238171,-0.023837,0.006621,0.051159,0.075366,0.040347,0.224695,-0.138415,0.018877,-0.140875
2020-04-01,0.130654,0.179578,-0.05197,0.046318,0.093788,-0.01945,0.047515,-0.1362,0.11331,-0.057558
2020-04-02,-0.09556,0.043528,-0.044638,0.043256,0.115231,-0.078255,0.107912,-0.03122,0.101011,0.056202
2020-04-03,0.213195,-0.014648,-0.018312,0.090062,0.160549,-0.208871,0.05154,0.083912,-0.175947,0.2184
2020-04-06,0.315019,0.191595,0.112511,0.171702,0.333473,0.104016,0.074848,0.145969,0.287167,0.356532
2020-04-07,0.139496,0.2409,0.312661,0.144984,0.043709,0.298147,0.408192,0.075743,0.110834,0.186733
2020-04-08,0.087863,0.047568,0.30184,0.09422,0.125256,0.158806,0.211044,0.433717,0.23468,0.179176
2020-04-09,-0.022963,0.168501,0.131059,0.165225,0.027125,0.025403,0.118139,0.244247,0.131297,0.39142
2020-04-13,0.069971,-0.013241,0.122508,0.078749,-0.004052,0.019677,0.065347,-0.04814,0.165623,-0.00224
2020-04-14,0.219357,0.22204,0.063391,0.150778,0.178066,0.22061,0.042506,0.311878,0.570382,0.182384
2020-04-15,0.132701,0.090831,0.093438,0.106463,-0.062183,0.00011,0.005287,0.04653,0.123804,0.043357
2020-04-16,0.23649,0.115774,-0.01728,0.042723,0.299984,0.129752,0.08621,0.101992,0.308899,0.20834
2020-04-17,0.070743,0.214099,-0.094656,0.072205,0.296377,0.108359,0.26845,0.324067,0.096484,0.306596
2020-04-20,0.058981,0.070452,-0.143564,0.183998,-0.046997,0.067864,0.210267,0.039026,0.241328,-0.026239
2020-04-21,0.082433,0.012584,-0.225778,-0.109923,-0.017922,-0.008877,0.09064,0.030495,-0.33475,-0.0737
2020-04-22,0.127424,0.100937,-0.029025,0.108633,0.235772,0.114966,0.200032,0.189288,0.306038,0.012887
2020-04-23,0.087307,0.08178,0.186422,0.13952,0.15419,0.283292,0.147475,0.248529,0.208454,0.14091
2020-04-24,0.015129,-0.003549,0.067666,0.038144,0.059761,0.136738,0.058589,0.14887,0.117585,-0.00293
2020-04-27,0.081477,0.086633,-0.011834,0.097252,-0.013338,0.116956,0.246607,0.053123,0.145982,0.211036
2020-04-28,0.134261,0.064343,-0.008696,0.244105,0.151993,0.081956,0.053928,0.086165,0.108354,0.221898
2020-04-29,0.168758,0.107237,0.181792,0.117552,0.034186,0.098846,0.29078,0.061665,0.172688,0.042753
2020-04-30,0.073365,0.004515,0.044042,0.072541,0.150983,-0.044917,0.088055,0.015673,0.077652,0.0894
2020-05-01,-0.036331,0.180472,-0.124472,-0.063498,0.040706,-0.078103,0.128583,0.047131,-0.157989,0.115378
2020-05-04,0.075353,0.157035,-0.00683,0.127824,0.051395,0.071132,0.029557,0.03111,0.355646,0.18414
2020-05-05,0.119268,0.141627,0.098118,0.020163,0.167238,0.298226,0.157915,0.096093,0.277724,0.191412
2020-05-06,-0.026564,0.106284,0.152532,0.047625,0.163974,0.138633,-0.021529,0.041022,0.215057,0.224353
2020-05-07,0.140168,0.098882,0.182095,-0.093063,0.163815,0.017405,0.097272,0.261645,0.240682,0.143643
2020-05-08,0.150994,0.068554,0.191528,0.054173,-0.024708,0.027653,0.063679,0.199092,0.442209,0.082878
2020-05-11,0.128943,0.086025,-0.05607,0.161149,0.029247,0.286692,0.056902,0.091074,0.128267,0.190412
2020-05-12,0.068945,0.100199,0.151845,-0.14783,-0.073954,0.024778,0.055973,-0.29967,-0.0453,0.159517
2020-05-13,0.024144,0.068792,-0.062305,0.158649,0.119217,-0.014756,0.128365,0.21844,0.095422,0.294741
2020-05-14,0.171253,0.129312,-0.07579,0.09045,0.122988,0.043791,0.114235,0.158367,0.154292,0.172935
2020-05-15,0.098457,0.082503,0.175802,0.197642,-0.007058,-0.032895,0.222226,-0.001283,-0.012865,0.166855
2020-05-18,0.146469,0.20182,0.143126,0.070144,0.110989,0.385534,0.106797,0.482936,0.015537,0.31219
2020-05-19,0.129557,-0.072486,0.145881,0.059997,0.220874,-0.031965,0.066956,0.257029,0.054217,0.281552
2020-05-20,-0.005675,-0.026941,-0.022844,0.37486,0.13237,0.119327,0.13718,0.06369,0.237002,0.126714
2020-05-21,0.108472,0.024797,-0.04974,0.081625,0.093502,0.0645,0.150983,0.055445,0.012136,0.307131
2020-05-22,-0.05059,0.025326,-0.044225,0.19457,0.127765,0.118903,0.091334,0.09517,-0.170014,0.226791
2020-05-26,0.137805,0.203289,0.101771,0.16174,0.036722,0.3014,0.166325,0.083792,0.064292,0.277373
2020-05-27,0.150163,0.153084,-0.029187,0.277483,-0.01726,0.355189,0.041409,0.067124,0.156823,0.203434
2020-05-28,0.095344,0.087925,0.14303,0.013584,-0.062032,0.131177,0.127,0.180249,0.10205,0.141915
2020-05-29,0.10081,0.080727,0.13018,0.041302,0.158324,0.184233,0.101276,0.046253,0.135827,0.170973
2020-06-01,0.159723,0.081224,-0.02466,0.063421,0.175463,0.113715,0.05464,-0.079774,0.140877,0.054453
2020-06-02,0.173577,-0.116547,0.082955,0.089989,0.021175,0.365932,0.219765,-0.000173,0.219347,0.131285
2020-06-03,-0.072697,0.197954,0.477132,0.216184,0.254027,0.335037,0.12638,0.0872,0.25868,0.066723
2020-06-04,0.160185,0.275595,0.077036,0.177588,0.102827,0.209079,-0.0256,0.0592,0.125261,-0.036432
2020-06-05,0.158804,0.282184,0.255537,0.373024,0.119529,0.35077,0.159845,0.0,0.178768,-0.006982
2020-06-08,-0.113092,0.162587,0.129711,0.205836,0.055461,0.077589,0.026358,0.10444,0.095853,0.310162
2020-06-09,-0.102856,0.054423,0.411489,0.101312,0.024446,0.194168,0.10189,0.113961,0.296642,0.26165
2020-06-10,0.00957,-0.022499,-0.155789,0.149203,0.09912,0.122828,0.0887,0.104124,0.008561,0.190991
2020-06-11,0.006904,0.049953,-0.098045,0.079971,0.21064,0.108451,0.103728,0.151421,0.212795,0.189227
2020-06-12,0.059682,0.072654,0.02737,0.06138,0.113226,-0.029161,0.10095,0.135617,0.122319,0.16397
2020-06-15,0.021924,0.008546,-0.105631,0.041478,0.170326,0.011866,0.142522,0.158252,0.179457,0.311817
2020-06-16,0.09305,0.192131,0.130826,0.054284,0.055107,0.128297,0.076506,0.163144,0.173846,0.303235
2020-06-17,0.128278,0.176891,0.023367,-0.025888,-0.144966,0.040507,-0.021129,0.063956,0.06683,0.048524
2020-06-18,0.002343,0.069083,0.036587,-0.09982,0.215723,-0.001918,0.0,0.21983,0.189032,0.08632
2020-06-19,0.118281,0.007802,0.207614,-0.134717,0.2064,0.102439,-0.04526,0.191373,0.001593,0.12854
2020-06-22,0.140017,0.046423,0.205336,-0.096565,0.272007,0.090013,0.002539,0.1666,0.179736,-0.066983
2020-06-23,0.098578,0.176503,0.184731,0.055013,0.114083,0.171598,0.04588,0.13707,0.073622,0.05464
2020-06-24,0.102741,0.015461,-0.189821,0.07491,0.112303,-0.034453,0.039941,0.000921,-0.112417,0.027027
2020-06-25,0.084808,0.087629,0.114104,-0.010287,0.095387,-0.068765,0.115151,0.000801,-0.278046,0.041409
2020-06-26,0.226423,0.167054,0.068212,0.0104,-0.011083,-0.125573,0.137975,-0.050928,-0.171916,0.068
2020-06-29,0.020961,0.046553,-0.010215,0.135961,0.167875,-0.02725,0.04526,-0.047661,0.078642,0.059197
2020-06-30,0.111463,0.057023,0.081096,0.034919,0.084657,-0.063093,0.04046,0.14436,0.161337,0.034
2020-07-01,-0.010787,-0.100742,0.09503,-0.154192,0.196302,0.130793,0.04046,0.125673,0.096495,0.1408
2020-07-02,0.005602,0.161906,0.178678,0.07885,0.14839,-0.051208,0.035222,-0.0256,0.18029,0.340571
2020-07-06,0.044344,0.001223,0.128364,0.0398,0.092759,0.008783,-0.015107,-0.06364,0.062823,0.143915
2020-07-07,0.08076,0.097571,0.015791,0.003859,0.113745,0.007925,-0.013151,0.041368,0.200132,-0.004442
2020-07-08,-0.07228,0.184757,0.114826,0.207262,0.164703,0.134395,0.1511,-0.035637,0.07044,-0.057802
2020-07-09,0.041407,0.086168,0.14581,0.143423,0.076824,0.065634,0.031967,-0.104362,0.111814,0.10534
2020-07-10,-0.004037,0.007357,0.177947,0.04296,0.220272,-0.045891,0.017611,-0.075412,0.002646,0.14728
2020-07-13,0.023064,0.167008,0.284956,0.031277,0.05238,0.254115,0.015331,-0.06565,0.266164,0.0162
2020-07-14,0.032317,0.081581,0.229105,0.009122,0.22699,0.093593,0.013347,0.011701,0.088662,0.098955
2020-07-15,0.057753,0.127628,-0.057248,0.296224,0.195556,0.16625,0.011619,0.00857,0.064286,0.3174
2020-07-16,0.130653,0.173962,0.162631,0.102521,0.154231,0.033914,0.01032,0.007461,-0.005257,0.11438
2020-07-17,0.018441,0.095832,0.004228,-0.02405,-0.101488,0.047544,0.008984,0.006495,-0.033225,0.291394
2020-07-20,0.110511,0.099303,0.083811,0.072009,0.082468,0.169669,0.007821,0.005654,0.103366,0.094544
2020-07-21,0.175997,0.216076,0.247938,0.144007,0.194741,0.162168,0.006809,0.022538,0.191131,0.112637
2020-07-22,0.148627,0.091004,0.158025,0.044206,0.378567,0.000587,0.060567,0.049491,0.135016,0.098056
2020-07-23,-0.11883,0.048864,0.018157,0.010518,-0.0666,0.265708,0.007454,0.07255,0.189574,0.101373
2020-07-24,-0.080521,-0.008541,0.170935,-0.01097,0.164015,0.252525,0.101401,0.051537,0.198374,0.208667
2020-07-27,-0.014844,0.090079,0.027834,0.135962,-0.003666,0.212666,0.019756,0.149365,0.131973,0.032707
2020-07-28,-0.006413,0.092308,0.078226,0.04396,0.0381,0.136061,0.113295,0.13003,0.054114,0.109207
2020-07-29,-0.046059,0.042265,0.24017,0.067444,0.138288,0.137378,0.045105,0.10453,0.186702,0.156231
2020-07-30,0.063988,0.107411,0.058043,0.164128,0.083067,0.075327,0.0039,-0.09534,0.033039,0.142609
2020-07-31,0.100604,0.02928,-0.004654,0.04689,0.126292,-0.010028,0.034252,0.034182,0.100738,0.147846
2020-08-03,0.242384,0.050338,0.101918,0.05421,0.050586,-0.11562,0.300226,-0.01032,0.110878,0.205947
2020-08-04,0.088775,0.205376,0.101079,0.028712,0.015105,-0.068149,0.195078,-0.068924,0.097288,0.241726
2020-08-05,0.182617,0.020249,0.187059,0.071518,-0.05238,0.120222,0.041267,0.021779,0.068238,0.019923
2020-08-06,0.134178,0.060406,0.164637,0.0025,0.212523,0.18304,0.198819,0.0,0.022785,0.062395
2020-08-07,0.104437,0.117405,0.029141,-0.048983,0.250336,0.051493,0.173082,0.27158,0.134571,0.023653
2020-08-10,0.236903,0.099894,0.19687,0.269683,0.157289,-0.02559,0.186883,0.210656,0.097224,0.019377
2020-08-11,0.208104,0.081221,0.179734,0.163805,0.103222,0.018994,0.078651,0.186374,0.180171,0.169376
2020-08-12,0.123728,0.036697,0.162713,0.076419,0.04046,0.012625,0.06847,0.092273,-0.059202,0.02732
2020-08-13,0.094281,0.053422,0.145285,-0.093803,-0.13394,-0.098041,0.059607,0.080328,0.043084,0.023783
2020-08-14,-0.06364,0.102229,0.177065,0.029559,0.035222,0.008365,0.023238,0.07636,0.223439,0.25476
2020-08-17,0.126587,0.181203,-0.06192,0.11263,0.28033,0.030078,0.20673,0.12738,-0.000822,0.300401
2020-08-18,0.121327,0.084194,0.011273,0.113427,0.019524,0.182294,0.142198,0.222771,0.032919,0.353034
2020-08-19,0.105621,0.151429,0.053013,0.085381,0.153961,0.09804,0.123791,0.0,0.015463,0.307334
2020-08-20,0.071872,0.072577,0.047896,0.172369,0.04426,0.094006,0.107766,0.0,-0.062154,0.18508
2020-08-21,0.093718,0.23627,0.045533,0.206883,0.045366,-0.03522,0.068216,0.033747,0.05094,0.232794
2020-08-24,0.007904,0.078993,0.079976,0.361587,0.18137,0.245522,0.065844,-0.02054,0.086034,0.029076
2020-08-25,0.005936,0.049408,0.063615,0.280339,0.188966,0.1547,0.041142,0.05,0.04122,0.006605
2020-08-26,0.098772,0.125159,0.114751,0.159651,0.117564,-0.105765,0.12599,0.09176,0.092054,0.246362
2020-08-27,0.106935,-0.025801,0.023625,0.039367,0.112959,0.071603,0.058144,0.19455,0.078865,0.116931
2020-08-28,0.138404,0.026412,0.07232,-0.110625,-0.014043,0.085001,0.012293,0.103073,0.208161,0.101794
2020-08-31,0.140883,0.032429,-0.007903,0.08677,0.179831,0.319384,0.0,0.286625,0.0998,0.039043
2020-09-01,0.119537,0.073382,0.03656,0.137547,0.104298,0.177695,0.0,0.063947,0.015601,0.002246
2020-09-02,0.247158,0.2,-0.002636,0.169228,-0.164193,0.220706,0.0,0.088393,0.127158,0.35608
2020-09-03,0.128865,0.204017,0.094769,0.134917,0.027291,0.080023,-0.024627,0.076951,0.089022,0.345367
2020-09-04,0.126248,0.052898,0.018142,-0.06926,0.024988,0.02632,0.0296,0.119182,0.22384,0.233564
2020-09-08,0.144317,0.106807,-0.10191,0.096395,0.047805,-0.039342,0.05,0.131704,0.122794,-0.160069
2020-09-09,0.184061,0.122573,-0.102274,-0.107182,0.133745,0.081279,0.043528,-0.010325,0.077473,-0.041668
2020-09-10,0.138217,0.171148,-0.007639,0.001921,0.230379,0.05369,0.103713,-0.008989,0.09524,0.046545
2020-09-11,0.068584,0.141431,0.132077,-0.055546,-0.056207,0.073024,-0.0019,-0.053039,0.114076,0.04052
2020-09-14,0.028229,0.065809,0.058025,-0.018545,0.120288,0.06375,0.021075,0.099973,0.06121,0.014513
2020-09-15,0.036159,0.136534,-0.031003,0.127588,0.163487,0.128753,0.018347,0.088372,-0.108858,-0.012917
2020-09-16,0.054943,0.136967,0.137503,-0.01954,-0.048115,0.271071,0.0,0.048268,0.207746,0.023902
2020-09-17,0.156656,0.262681,0.198929,0.07329,0.081785,0.159771,0.097435,-0.12248,0.188942,0.020808
2020-09-18,0.032582,0.002136,0.140122,0.08238,-0.02116,0.207687,0.084822,0.08808,0.070158,-0.018024
2020-09-21,0.08297,0.01212,-0.011902,-0.041182,-0.210047,0.018131,0.18928,0.076678,0.063636,0.095789
2020-09-22,0.18247,0.184457,0.208439,0.060492,0.355758,0.137903,0.164778,0.0,0.087574,0.07442
2020-09-23,0.144845,0.094929,0.178569,0.134876,0.227302,0.167273,0.09959,0.0,0.07543,-0.011892
2020-09-24,0.124005,0.065292,0.211864,0.142622,-0.019594,-0.023327,0.190248,0.0,0.123917,0.0
2020-09-25,-0.047192,0.022583,0.010664,0.112712,0.112316,0.10587,0.134129,0.0,-0.030585,0.0
2020-09-28,0.154226,0.069007,0.079759,0.227493,0.086346,0.056624,-0.01996,0.04046,0.19357,0.065564
2020-09-29,0.098251,0.210983,0.25221,-0.05424,0.230476,0.113,-0.017376,0.0,0.175992,0.059132
2020-09-30,0.17758,0.225167,0.017361,-0.004069,0.224423,0.20258,-0.030458,0.07636,0.080161,0.213744
2020-10-01,0.053305,0.157793,0.064871,0.177948,0.169704,0.361164,-0.026516,0.066475,0.036547,0.262153
2020-10-02,-0.12972,0.139703,0.222225,0.262991,-0.001936,0.234974,-0.023083,0.05787,0.066395,0.381221
2020-10-05,0.077888,0.124368,0.129213,0.185719,0.089132,0.167444,0.037765,0.11438,0.103253,0.400726
2020-10-06,0.093161,0.173134,0.013354,0.253784,0.121303,0.028444,0.032876,0.187654,-0.041666,0.342187
2020-10-07,0.211088,0.11064,0.051675,0.170845,0.207623,0.046252,-0.015229,0.163362,0.26556,0.253364
2020-10-08,-0.035337,0.107408,0.160399,0.172139,0.050617,0.095585,-0.013258,0.142215,0.14664,0.106219
2020-10-09,0.128197,0.046356,0.139636,0.26195,-0.080936,0.195104,-0.011542,0.123805,0.153522,0.173389
2020-10-12,-0.008617,0.271884,0.178728,0.212545,0.032321,0.153326,0.04046,0.05719,0.146464,0.306402
2020-10-13,-0.059256,-0.084316,-0.09546,0.061276,-0.065884,0.198123,0.035222,0.049787,0.011006,0.091742
2020-10-14,0.228082,0.040745,0.02732,0.13283,0.059347,0.178914,0.132511,0.096012,0.040427,0.245174
2020-10-15,0.277618,0.116735,0.26669,0.16293,0.182273,0.146973,0.133227,0.083583,0.145797,0.280249
2020-10-16,0.154979,0.231473,0.078558,0.56552,0.053393,0.166348,0.227221,0.072763,0.109528,0.243971
2020-10-19,0.274837,0.24128,0.023919,0.179707,0.170962,0.214345,0.430112,0.063344,0.020803,0.204916
2020-10-20,0.187142,0.260603,0.0743,0.248553,0.298428,0.121101,0.374434,0.175631,0.032956,0.078051
2020-10-21,0.171463,0.248122,-0.030615,0.100775,0.275373,0.10532,0.253821,0.182496,0.14243,0.110873
2020-10-22,0.068402,0.016975,0.007111,0.186549,0.140589,0.027983,0.177791,-0.009703,0.220848,0.125103
2020-10-23,0.182032,0.285165,0.057066,0.352935,0.01877,0.32852,0.129216,-0.008447,0.153678,0.075718
2020-10-26,0.099449,0.05902,0.069804,0.066526,0.064518,0.226826,0.067063,0.069128,0.02977,0.020574
2020-10-27,0.00639,0.065585,0.008177,0.009229,0.061437,-0.02129,0.058382,0.060179,0.147209,0.015683
2020-10-28,0.049939,0.136721,0.058989,0.031878,-0.008315,0.135257,0.050825,0.132929,0.067211,-7e-06
2020-10-29,0.17301,0.094525,-0.103395,0.10489,0.205045,-0.063477,0.055049,0.036049,0.12096,0.042974
2020-10-30,0.21392,0.173182,-0.009761,0.085532,0.080728,0.059577,0.047923,0.031382,0.05574,0.081955
2020-11-02,0.064138,0.092037,-0.081841,0.09403,0.116662,0.156305,0.136989,0.02732,0.031912,0.012837
2020-11-03,-0.069559,0.149619,0.015278,0.080054,0.148743,0.162959,0.175553,0.023783,0.07976,0.019571
2020-11-04,0.082161,0.103509,0.139901,0.160762,0.188358,0.181687,0.144415,0.0,0.085587,-0.100283
2020-11-05,-0.031197,0.158409,0.048587,0.12442,0.04715,0.092157,0.125721,0.026793,0.09168,0.178404
2020-11-06,0.096711,0.055109,0.048044,0.1398,0.0,-0.009406,0.127386,0.09966,0.12655,0.1498
2020-11-09,0.205709,0.035877,0.169047,0.046666,0.209353,0.214273,0.110896,0.196297,-0.015753,0.084355
2020-11-10,0.026925,0.097805,0.026431,0.1362,0.212596,0.177339,-0.030815,0.170886,-0.022237,0.122912
2020-11-11,-0.03368,0.088983,0.10211,0.147834,0.112597,0.03929,0.05759,0.16514,0.116572,0.077164
2020-11-12,0.13139,0.118943,0.342467,0.169284,0.010457,0.034133,0.04404,0.143763,0.184867,0.241394
2020-11-13,0.189699,0.184833,0.274321,0.114513,0.1716,0.09176,0.186719,0.13494,0.069903,0.210146
2020-11-16,0.125346,0.18228,0.306008,0.124984,0.029619,0.17241,0.181546,0.091704,0.286207,0.006982
2020-11-17,0.115872,0.266646,0.205124,-0.015465,-0.021602,0.11739,0.160132,0.079833,0.263592,0.006079
2020-11-18,0.00898,0.239948,0.170154,0.117388,0.108964,-0.025841,0.139403,0.157578,0.200415,0.061093
2020-11-19,-0.006846,-0.037404,0.176751,0.198529,0.115853,-0.016847,0.149272,0.13718,-0.02127,-0.087437
2020-11-20,-0.03622,-0.011567,0.083896,0.102047,0.035198,0.037497,0.129949,0.119422,0.132121,-0.054905
2020-11-23,0.034527,0.171667,-0.024238,0.028934,0.192443,0.128926,0.04046,0.045852,0.07102,0.056622
2020-11-24,0.138494,0.065811,-0.14315,0.135245,0.113496,0.045141,0.123302,0.104186,0.043214,0.126446
2020-11-25,0.151353,0.173252,0.122612,0.000515,0.04019,0.223187,0.137836,0.0907,0.074547,0.181434
2020-11-27,0.270777,0.11065,0.164705,0.223745,-0.031293,0.172659,0.119993,0.035311,0.16755,0.18661
2020-11-30,0.222684,0.143674,0.215179,0.022825,0.168283,0.095545,0.084004,0.136959,0.031302,0.10889
2020-12-01,0.159862,0.172164,0.10927,0.331027,0.04019,0.088459,0.14271,0.152007,0.026777,0.149434
2020-12-02,0.002049,0.015388,0.148931,0.11765,0.207675,-0.001567,0.198145,0.184061,0.160195,0.263803
2020-12-03,0.115611,0.09779,0.01289,0.111708,0.226107,0.115424,0.172495,0.279023,0.102441,0.229654
2020-12-04,0.176924,0.078667,0.003914,-0.02116,0.157692,0.08516,0.150166,0.176428,0.15045,0.224474
2020-12-07,0.08077,0.098967,0.062714,0.048541,-0.013424,0.071889,0.130727,0.24893,0.070008,0.206529
2020-12-08,0.097053,0.060713,0.063587,0.047122,0.15436,-0.001638,0.105271,0.177648,0.10759,0.255667
2020-12-09,0.24064,0.016481,0.047286,0.080543,0.00138,-0.043266,0.149446,0.118176,0.217407,0.404504
2020-12-10,0.218813,0.2186,0.265465,0.140775,0.063135,0.000191,0.145448,0.102878,0.236038,0.202396
2020-12-11,0.12521,0.143473,-0.233304,0.090135,0.301453,-0.075861,0.09194,0.001955,0.045279,0.160728
2020-12-14,0.048268,0.047322,0.07815,0.159958,0.142115,0.093333,0.080038,0.016974,0.075916,0.09249
2020-12-15,0.123859,0.184012,0.201133,0.254693,0.250812,0.245122,0.0,0.08424,0.064346,0.080517
2020-12-16,0.060619,0.278874,0.056494,0.307987,0.299972,0.163125,0.0,0.177348,0.04046,0.070094
2020-12-17,0.069904,0.17274,0.11718,0.366942,0.055705,0.176415,0.08808,0.0,0.232714,0.12379
2020-12-18,0.017647,0.257241,0.0367,0.101491,0.179263,0.026724,0.0907,0.03637,0.19258,0.119923
2020-12-21,0.062107,0.127521,0.134057,-0.029943,0.27162,0.227041,0.223305,0.058982,0.148474,0.225772
2020-12-22,0.00167,0.086088,-0.018832,0.098969,0.040536,0.217555,0.105667,0.051347,0.16148,0.14905
2020-12-23,0.032304,0.131257,0.130928,0.194148,0.097166,0.377239,0.091989,0.0447,0.148499,0.158627
2020-12-24,0.020907,0.194871,0.159334,0.309628,0.241759,0.414403,0.080081,0.106104,0.127534,0.138093
2020-12-28,0.180022,0.245262,0.076766,0.100801,0.14919,0.284754,0.023238,-0.004849,0.145909,0.304531
2020-12-29,0.201174,0.160106,0.080589,-0.33084,0.11306,0.199215,0.11557,0.01366,-0.022181,0.26511
2020-12-30,0.225229,0.35562,0.04612,0.03512,0.132581,0.072314,0.16425,0.0,0.169955,0.164039
2020-12-31,0.189154,0.325483,0.064386,0.306391,0.200872,0.135903,0.167966,0.04074,0.185812,0.145664
2021-01-04,0.130039,0.107026,0.066358,0.197742,0.161041,0.162429,0.04404,0.0,0.109606,0.089355
2021-01-05,0.060412,0.090157,0.123177,0.213551,0.266077,0.119231,0.12264,0.0,0.056595,0.143701
2021-01-06,0.111202,0.06937,-0.019253,0.235748,0.04191,0.176581,0.191064,0.0296,0.111825,0.125099
2021-01-07,0.16188,0.107911,0.054873,0.094018,-0.0477,-0.073473,0.046557,0.025768,0.011565,0.067009
2021-01-08,0.05992,0.208589,0.093421,0.132831,-0.011236,0.001569,0.110864,0.077073,0.034393,0.111938
2021-01-11,0.21937,0.147557,0.12099,0.083054,-0.109573,0.079474,0.141833,0.17246,0.053321,0.166825
2021-01-12,0.061631,0.140301,-0.0088,0.038449,0.102355,0.146148,0.13356,0.054654,0.063513,0.364085
2021-01-13,-0.04493,0.15324,0.06793,0.083648,0.158425,0.29414,0.074861,0.138352,0.071202,0.187855
2021-01-14,0.034494,0.06798,0.064015,-0.013831,0.124003,0.327086,0.06517,0.103264,0.12328,0.03243
2021-01-15,0.040981,0.152797,0.18187,0.235891,0.123662,0.08051,0.056734,0.18457,0.072098,0.182787
2021-01-19,0.077657,0.083588,0.204594,0.169231,0.10955,0.029586,-0.12073,0.110891,0.060899,0.103998
2021-01-20,-0.2,-0.068231,0.139318,0.068199,0.363381,0.0296,-0.016201,0.099086,0.109487,0.086982
2021-01-21,-0.165584,-0.050777,-0.230585,0.089455,0.146452,0.033938,-0.000754,0.086259,0.168503,0.075722
2021-01-22,-0.027991,0.018177,0.039958,0.047039,0.096536,0.088783,0.071583,0.075093,0.131803,0.09966
2021-01-25,0.075475,0.05452,0.13819,0.189128,0.169618,0.2363,0.048752,0.146697,0.117135,0.11417
2021-01-26,-0.001327,0.112581,0.37006,0.171109,-0.003667,0.210141,-0.02084,0.14744,0.078553,0.082662
2021-01-27,-0.003041,0.024555,0.29577,0.000727,0.088737,0.062986,-0.0256,0.205194,0.236271,0.293629
2021-01-28,0.176205,0.112491,0.148858,0.082168,0.181212,0.117184,0.094358,0.079406,-0.083051,0.26645
2021-01-29,0.058777,0.139255,-0.137921,0.098247,-0.032806,0.109178,0.057373,0.021389,0.105405,0.154124
2021-02-01,0.413453,0.077556,0.099432,0.072459,0.23297,-0.042303,0.016076,0.136314,0.22742,0.119052
2021-02-02,0.126383,0.192793,0.008007,0.240183,0.177686,0.025301,0.013995,0.050327,0.32508,0.158281
2021-02-03,0.079268,0.055655,0.000731,0.203556,0.078726,0.079469,0.02064,0.149642,0.171015,0.092906
2021-02-04,-0.023813,0.213289,0.12944,-0.020972,0.101243,0.129238,0.017968,0.100638,0.105045,0.172046
2021-02-05,0.068705,-0.142148,0.036961,0.080357,0.380462,0.013303,0.007821,0.118107,0.171953,0.201034
2021-02-08,-0.007988,0.09791,0.119558,-0.007614,-0.02884,0.199723,0.08928,0.211251,0.110368,0.219693
2021-02-09,0.028845,0.050414,0.125634,0.01008,0.221272,0.078033,0.099213,0.169575,0.101267,0.245894
2021-02-10,-0.008895,0.096822,-0.042803,-0.013977,0.199836,0.106645,0.13225,0.147624,0.04711,0.184996
2021-02-11,0.120215,0.093956,0.043355,0.14888,0.03291,-0.038311,0.115131,0.08808,0.062845,-0.00966
2021-02-12,0.191339,0.043277,0.019595,0.05195,0.07707,0.212147,0.100227,0.506298,0.094733,0.131211
2021-02-16,0.108418,0.062026,0.099493,0.100368,-0.003426,-0.173951,0.114007,0.43506,0.03869,0.33837
2021-02-17,0.063879,0.109582,0.012039,0.234663,0.042918,-0.045101,0.094718,0.224094,0.128401,0.2889
2021-02-18,0.158036,0.191657,0.146465,0.11699,0.11442,0.085484,0.096272,0.195085,0.07062,0.267315
2021-02-19,0.178737,0.138758,0.289299,0.163119,0.132147,0.175617,0.120874,0.034,0.15548,0.390013
2021-02-22,0.147552,0.067157,0.163893,0.026994,0.191966,0.100633,0.010287,0.0,0.18842,0.373113
2021-02-23,0.24726,0.097323,0.275567,-0.005549,-0.001837,0.093264,0.00957,0.04046,0.218798,0.208801
2021-02-24,-0.019179,0.043496,-0.025846,0.080137,0.11243,-0.085222,-0.026656,0.022667,0.118555,0.009529
2021-02-25,0.004498,0.122872,0.10587,0.182685,0.238254,0.113479,0.0,0.031408,-0.00628,0.036049
2021-02-26,0.032314,0.18211,0.090338,0.109578,-0.000369,0.086895,0.0296,0.07034,0.083103,-0.0592
2021-03-01,0.01693,0.205586,0.251738,0.001716,0.223686,-0.040419,0.00267,0.406921,0.10367,0.03738
2021-03-02,0.16122,0.058316,0.068747,0.246396,0.232458,-0.081809,0.002324,0.243355,-0.041973,-0.05672
2021-03-03,0.056626,0.029798,0.110642,0.01108,0.271521,0.033327,0.002023,0.00172,0.13616,0.013412
2021-03-04,0.154,-0.081797,0.102445,0.138412,0.025267,0.082247,0.093949,0.11148,0.05234,0.192477
2021-03-05,0.109857,0.125262,0.112533,0.128544,-0.01999,0.039943,0.068,0.0,0.05286,0.109643
2021-03-08,-0.068966,0.105338,0.104069,0.126522,0.090977,0.122998,0.059693,0.22386,0.211382,0.028566
2021-03-09,0.189928,0.098105,-0.056085,-0.013957,0.044865,0.153315,0.034787,0.194881,-0.010105,-0.003775
2021-03-10,0.109938,0.151287,0.11135,0.200072,0.124177,0.068946,0.073064,0.205234,0.12498,0.183177
2021-03-11,0.131566,0.084396,0.241942,0.155328,0.028588,0.249217,0.165512,0.220653,0.079369,0.159465
2021-03-12,0.156609,0.149183,0.258802,0.071023,-0.006234,0.290163,0.126609,0.08768,0.184598,0.238175
2021-03-15,0.086738,0.234024,0.126297,0.177791,0.206493,0.239576,0.058683,0.285547,0.06113,0.279703
2021-03-16,0.094141,0.193724,-0.011376,0.071535,0.181982,0.124185,0.024571,0.017371,-0.03512,0.132208
2021-03-17,0.1295,0.090702,0.04911,0.15257,0.134139,0.027911,0.04871,-0.023711,0.1967,0.115094
2021-03-18,-0.007813,0.128579,-0.013757,0.143997,0.118813,-0.09713,0.042405,0.183099,0.16507,0.097051
2021-03-19,0.117607,0.054422,0.2208,0.006869,0.197687,-0.107856,0.088705,0.159397,0.135878,0.084488
2021-03-22,0.049052,0.087212,0.03438,0.262805,0.097414,0.067851,0.058484,0.138763,0.079411,0.073551
2021-03-23,0.067029,0.16437,-0.123693,0.271572,0.081577,0.11825,-0.05,0.018974,0.203917,0.064463
2021-03-24,0.18495,0.272599,-0.042819,0.169036,0.17994,0.094993,0.05464,0.016518,-0.025705,0.056119
2021-03-25,-0.002476,0.084116,0.141153,0.054645,0.14908,0.034429,0.10569,0.113829,-0.00588,0.172109
2021-03-26,0.034595,0.009915,0.245569,0.210324,0.030339,-0.002127,-0.050175,0.099094,-0.00811,0.20903
2021-03-29,0.113534,0.261452,0.178169,0.018072,0.283857,0.22221,-0.04368,0.06455,0.15544,0.236538
2021-03-30,0.12869,0.105048,0.267773,0.022658,0.037939,0.248865,-0.038026,0.085344,0.226434,0.209778
2021-03-31,0.017611,0.125685,0.167963,0.063425,0.05041,0.216762,0.065154,0.074296,0.100214,0.115557
2021-04-01,0.06819,0.023637,-0.2929,0.153502,0.02037,0.154248,0.017535,0.005839,0.002878,0.142891
2021-04-05,0.344484,0.149303,0.001648,0.163813,0.158988,0.249714,0.09149,-0.03819,0.097802,0.094649
2021-04-06,0.214551,0.129777,0.026504,-0.022788,0.144748,-0.007865,0.115227,0.106686,-0.013971,0.059832
2021-04-07,0.129475,-0.076091,-0.070679,0.118085,0.237959,0.063573,-0.055098,0.20605,0.106887,0.075345
2021-04-08,0.230767,0.292769,0.07392,0.013633,0.185678,0.086639,0.157105,0.107123,0.0522,0.257784
2021-04-09,0.111689,0.185061,-0.15111,0.023962,0.164738,0.181258,0.136767,0.093256,0.122748,0.263363
2021-04-12,-0.041085,0.179964,0.030158,0.199456,0.080368,0.163278,0.121812,0.200684,0.076795,0.294412
2021-04-13,0.249975,0.140328,0.23388,0.241163,-0.025083,0.318174,0.106043,0.172125,0.081863,0.0931
2021-04-14,0.16172,-0.008063,0.11217,0.119782,-0.011447,0.161922,0.1175,0.098309,0.073987,0.34237
2021-04-15,0.151675,-0.013321,0.00174,0.083267,0.10661,0.306681,0.10229,0.09176,0.16139,0.278357
2021-04-16,0.153889,0.155438,0.084713,0.201463,-0.012636,0.082813,0.058385,0.079882,0.012846,0.242323
2021-04-19,-0.002232,0.06033,0.007294,0.162035,0.044013,0.190928,0.314648,0.085451,0.040117,0.1435
2021-04-20,0.018643,0.021136,0.125285,0.26226,0.087593,0.00399,0.268757,0.074389,0.063545,0.212455
2021-04-21,0.049769,0.084737,0.028655,0.179146,0.24697,0.036237,0.23753,0.06476,0.02798,0.134019
2021-04-22,0.079423,0.221057,0.01238,0.151643,0.048555,0.09017,0.18866,0.090877,0.134533,0.123331
2021-04-23,0.190393,0.114343,-0.0473,0.229128,0.052283,0.081621,0.194428,0.234773,0.060675,0.026541
2021-04-26,0.022261,0.140892,-0.01554,0.229288,0.241355,0.016221,0.169259,0.0636,0.142962,0.0655
2021-04-27,0.031104,0.065783,0.038143,0.222817,0.221282,0.116843,0.19154,0.055367,0.147788,0.04525
2021-04-28,0.215707,0.152062,0.239563,0.049322,0.138827,-0.015243,0.24917,0.160286,0.054177,0.10696
2021-04-29,0.227376,0.113339,0.248257,0.128657,0.120769,0.005193,0.16862,0.141226,0.1084,0.093114
2021-04-30,0.197723,0.193297,0.203975,0.120513,0.15299,0.043036,0.084353,0.246609,0.089544,0.197405
2021-05-03,0.156447,0.079419,0.095535,0.225975,0.206934,0.02985,0.025344,0.346507,0.096406,0.374185
2021-05-04,0.312211,0.085035,0.041635,0.146476,0.10431,0.103743,-0.012938,0.301652,-0.020109,0.307678
2021-05-05,0.210612,0.030539,0.06743,0.055478,0.22193,0.192397,0.160557,0.05452,0.131949,0.074625
2021-05-06,0.176982,0.137278,0.247897,0.083508,0.031871,0.250567,0.193618,0.035363,0.207999,0.064965
2021-05-07,0.194762,-0.001697,0.073879,0.032863,0.045749,0.065264,0.168554,0.030785,0.151187,0.155249
2021-05-10,-0.11144,0.0988,0.113021,0.043842,0.080463,0.231131,0.15298,0.0268,0.160627,0.354671
2021-05-11,0.20482,0.032663,-0.018989,-0.011048,0.107866,0.130256,0.201257,0.051217,0.00184,0.308759
2021-05-12,0.08715,-0.002644,0.108991,0.059072,0.41316,0.082209,0.214717,0.13263,0.13212,0.314905
2021-05-13,0.075868,0.259546,0.064338,0.123999,0.228065,0.042326,0.100929,0.051537,-0.02023,0.196487
2021-05-14,0.018946,0.107715,-0.001342,0.14481,0.13678,0.057327,0.147064,0.044865,0.08216,0.210005
2021-05-17,0.008176,0.062719,0.197115,0.291996,0.123194,0.151741,0.178033,0.039057,0.09753,0.143541
2021-05-18,0.001378,0.116448,0.071467,0.314046,0.164449,0.007116,0.129015,0.0,0.157022,0.07224
2021-05-19,0.016469,0.070029,0.024781,0.330273,0.059448,0.02997,-0.028983,0.0,-0.116409,0.201049
2021-05-20,0.109577,0.206038,0.085521,0.204398,0.129565,0.13894,0.044744,0.0,0.131965,0.19335
2021-05-21,0.212223,0.094796,0.037736,0.011557,0.24296,0.234017,0.070772,0.0,0.22672,0.177167
2021-05-24,-0.01565,0.167027,0.115893,0.03119,0.326767,0.229846,0.0845,0.04632,0.279268,0.211562
2021-05-25,0.193594,0.164207,0.216556,0.126187,0.21816,0.184358,0.115602,0.23349,0.028086,0.201084
2021-05-26,0.207512,0.079069,0.309022,0.075025,0.10713,0.036297,0.100638,0.0,0.26042,0.173401
2021-05-27,0.118326,0.226682,0.220673,0.009452,0.182589,0.074398,0.14282,-0.01027,0.180852,0.231653
2021-05-28,0.401924,0.341207,0.015577,0.201677,0.151311,0.07224,0.08954,0.20112,0.11633,0.129745
2021-06-01,0.392243,0.265916,0.085054,0.159105,0.162071,0.14226,0.07872,0.131237,0.090541,0.185992
2021-06-02,0.12601,0.154718,0.137284,0.165604,0.15079,0.10958,0.020963,0.2348,0.105587,0.290379
2021-06-03,0.027855,0.20841,0.22661,-0.005325,0.17524,0.171613,0.16076,0.140077,0.04951,0.025767
2021-06-04,0.295435,0.112115,0.058771,0.27615,0.095592,0.13876,0.13995,0.11117,0.090086,0.147362
2021-06-07,0.133511,0.086874,-0.2298,0.216018,0.0886,0.231355,0.088285,0.138532,0.187929,0.128286
2021-06-08,0.356114,0.062913,0.091013,0.224108,0.085339,0.17177,0.093203,0.120599,0.216173,0.12498
2021-06-09,0.243012,0.10505,0.019164,0.273839,-0.016589,0.09079,0.081138,0.02836,0.07993,0.05464
2021-06-10,0.064154,0.06159,0.12267,0.159146,0.12728,0.110793,0.015887,0.15928,0.119708,0.047567
2021-06-11,0.060585,0.026685,0.093052,0.237788,0.085689,0.2827,0.01383,0.0,-0.005985,0.0
2021-06-14,0.026065,0.156201,0.204348,0.052632,0.147458,0.06364,0.21578,-0.01544,-0.025934,0.141205
2021-06-15,0.09738,0.283328,0.235529,0.18226,0.259165,0.046149,0.187847,-0.0592,0.013995,0.211652
2021-06-16,0.22462,0.090425,0.229142,0.017823,0.088861,0.172535,0.05787,0.027397,0.109113,0.075452
2021-06-17,0.320002,0.07232,0.032007,0.058728,0.097823,0.00985,0.085791,0.102011,0.035183,0.146065
2021-06-18,0.116875,0.268815,0.118908,0.101878,0.210934,0.01314,0.139702,0.142555,0.075038,0.127157
2021-06-21,0.202231,0.030614,0.101627,0.036677,0.312186,0.12131,0.084643,0.124102,0.103423,0.114242
2021-06-22,0.028864,-0.002869,0.085452,-0.103095,0.199541,-0.052139,0.07097,-0.006459,0.091085,0.099453
2021-06-23,0.092963,0.135323,0.13546,0.122576,0.261355,0.066319,0.061783,-0.005622,0.102804,0.003783
2021-06-24,-0.025867,0.174862,0.142672,0.163155,0.250287,0.013487,0.096736,-0.081255,0.214947,0.198978
2021-06-25,0.058321,0.058239,0.202776,-0.031799,0.097326,0.0167,0.045645,0.019647,0.333904,0.278293
2021-06-28,0.256766,0.089757,-0.057015,0.039691,0.11587,0.139584,0.013487,-0.025455,0.053217,0.157329
2021-06-29,0.255457,-0.024839,0.509124,0.09911,0.090734,0.17492,0.016901,-0.033378,0.266095,0.304949
2021-06-30,0.233311,-0.02797,0.220144,0.041188,0.109378,0.082043,0.014713,-0.029057,0.062079,0.191315
2021-07-01,0.20334,0.102725,0.09316,0.105363,0.068656,0.202035,0.044371,0.29902,0.128393,0.15782
2021-07-02,0.0216,0.18076,0.286435,0.054081,0.45387,0.028991,0.097827,0.507892,-0.079852,0.1546
2021-07-06,0.080122,0.121667,0.031391,-0.10721,0.207006,0.081222,0.115147,0.344725,0.161167,0.154875
2021-07-07,0.062567,0.190772,0.013188,-0.097921,0.24808,0.127013,0.052674,0.35117,0.212692,0.154086
2021-07-08,0.16462,0.00161,0.153505,0.100151,0.112465,0.114713,-0.004015,0.195401,0.158237,0.193994
2021-07-09,0.254528,0.09102,0.15546,0.205955,0.043789,0.04166,-0.003495,0.05398,0.116375,0.196201
2021-07-12,0.097925,0.098402,0.198355,0.150774,0.075003,0.16556,0.065496,0.012991,0.107483,0.087221
2021-07-13,0.11024,0.161994,0.027229,0.13809,0.112488,-0.08556,-0.009457,0.01131,0.152093,0.083749
2021-07-14,0.022667,0.052529,0.070442,0.132937,0.234678,0.04404,-0.008233,0.02023,0.013888,0.030017
2021-07-15,0.050353,0.041161,0.080351,0.046794,0.047507,0.0,0.073213,0.0,0.02564,0.027334
2021-07-16,0.017056,0.090159,0.090625,0.161008,0.186626,0.07506,0.157504,0.0,0.074024,0.138508
2021-07-19,0.271757,0.017716,-0.136662,0.139644,-0.01058,0.05859,0.045567,-0.11438,-0.058755,-0.01413
2021-07-20,0.31083,0.135606,0.43356,0.193689,0.007341,0.051006,0.063725,-0.099574,0.09947,-0.005228
2021-07-21,0.017896,0.104026,0.297113,0.224808,0.0,0.05925,0.000404,-0.086684,0.079715,-0.020805
2021-07-22,0.179282,0.082755,0.093163,0.24904,-0.033357,0.072086,0.095724,0.0592,0.0613,0.083104
2021-07-23,0.085868,0.14946,0.2349,0.10755,-0.043528,0.072555,0.057773,0.051537,-0.038142,0.136889
2021-07-26,0.076077,0.097233,0.134155,0.023043,0.15766,0.005236,0.113735,0.141575,0.100986,0.271303
2021-07-27,0.075391,0.137693,0.081988,0.165706,-0.03526,0.090237,0.185347,0.123248,0.015842,0.183332
2021-07-28,0.045359,0.23362,0.160664,0.073063,0.122777,0.182671,0.161354,0.102892,0.101247,0.092886
2021-07-29,0.128092,0.199063,0.117268,0.25199,0.095577,0.124406,0.239912,-0.068,0.118068,0.09878
2021-07-30,0.056006,0.04146,0.187582,0.020368,0.099106,0.083221,0.250444,-0.059197,0.153145,0.0
2021-08-02,0.059544,0.200066,0.040446,0.327397,0.171493,0.082473,0.171401,-0.027554,0.081965,-0.09325
2021-08-03,0.124854,0.074226,0.242424,0.192318,0.160636,0.056805,0.216973,0.034603,0.077669,-0.081179
2021-08-04,0.133109,0.03111,0.148784,0.06202,0.141985,0.112391,0.0,0.030123,-0.02799,0.017566
2021-08-05,0.10976,0.261665,0.071966,-0.041524,0.183981,0.141575,0.0,0.026224,0.0809,0.173333
2021-08-06,0.100636,0.203847,0.024867,-0.037512,0.129664,0.070733,0.0,0.0888,0.061752,0.217405
2021-08-09,0.147857,0.124042,-0.018449,0.148852,0.146725,0.168244,0.018213,0.07217,0.043475,0.226851
2021-08-10,0.052223,0.053751,-0.107809,0.162755,0.046907,0.074894,0.01366,0.253878,0.013042,0.193727
2021-08-11,0.019545,0.04983,0.117618,0.134623,0.133894,-0.065554,-0.084304,0.266314,0.007666,0.148402
2021-08-12,0.266127,0.066663,0.02286,0.177933,0.234598,-0.099817,0.08038,0.246175,0.13062,0.083942
2021-08-13,0.225071,0.307906,0.0148,0.07355,0.149373,-0.021779,0.069975,0.214307,0.105429,0.1458
2021-08-16,0.070201,0.06067,0.050014,0.064063,0.097128,0.047225,0.04046,0.088835,0.094381,0.114803
2021-08-17,0.1054,0.056994,-0.153445,0.023706,0.25926,0.156971,0.1435,0.16751,-0.026287,0.130263
2021-08-18,-0.057624,0.073852,0.017855,0.128071,0.223656,-0.02528,0.12294,0.381407,0.300772,0.113401
2021-08-19,-0.02777,0.105232,0.046396,0.241983,0.156104,-0.047856,0.095581,0.339038,0.063526,0.098721
2021-08-20,0.029128,0.143544,-0.167635,0.017881,0.137028,-0.120206,0.091348,0.274517,-0.019771,0.333954
2021-08-23,0.215102,0.031409,0.099655,0.17448,-0.041979,0.078519,0.159035,0.188841,0.103185,0.112581
2021-08-24,0.308989,0.019066,0.020399,0.131534,0.112631,0.2178,0.096139,0.190608,0.009739,0.055162
2021-08-25,0.290872,0.140691,0.049367,0.210892,0.05234,0.156575,0.030663,0.173267,0.01366,0.067345
2021-08-26,0.260438,0.124361,0.055644,-0.0505,0.080065,0.0,0.085894,0.150838,0.187971,0.058627
2021-08-27,0.429345,0.057827,0.002535,0.07888,0.24678,0.095162,0.173555,0.060465,-0.0107,0.088931
2021-08-30,0.161919,0.158706,-0.137176,0.077424,0.182421,0.083211,0.11148,0.027967,0.270079,0.27797
2021-08-31,0.092602,0.06124,0.080147,0.194695,-0.01909,0.199189,0.119716,0.00806,0.015429,0.061805
2021-09-01,0.080615,0.247881,-0.062762,0.081215,0.071297,0.08601,0.084486,0.061657,-0.02906,0.080197
2021-09-02,0.037889,0.020185,0.215834,0.180161,0.123527,0.035041,0.0,0.053675,0.25963,0.177823
2021-09-03,0.189527,0.204687,0.139172,0.073333,0.107537,0.0821,0.0,0.045831,0.241114,0.172828
2021-09-07,0.252661,0.199959,0.200114,-0.063713,0.229322,0.159808,0.026793,0.12202,0.194895,0.045767
2021-09-08,0.223919,0.103635,0.17391,0.16177,-0.02143,0.226522,-0.10744,0.071408,0.153694,0.016059
2021-09-09,-0.078913,0.064837,0.307979,-0.038935,0.008285,0.127392,-0.072775,0.047609,0.189472,0.01398
2021-09-10,0.149108,0.165875,0.03972,-0.103997,-0.044024,-0.02471,-0.122552,0.125715,-0.105273,0.131481
2021-09-13,0.244116,0.133685,0.064276,0.047967,0.268731,0.060873,0.070073,0.0,0.0527,0.06191
2021-09-14,0.128243,0.155928,0.018217,0.133525,0.239478,0.019733,0.127351,0.20424,0.194275,0.033191
2021-09-15,0.093155,0.02382,-0.034371,0.198323,0.207797,0.007429,0.110866,0.088901,0.092193,0.43908
2021-09-16,0.066877,-0.022214,-0.021932,0.141128,0.250757,0.041748,0.0592,0.0141,0.200643,0.356948
2021-09-17,0.078801,0.227942,0.011414,0.137427,0.034285,0.013019,0.12798,-0.074484,-0.004447,0.247101
2021-09-20,0.303408,0.165463,0.053949,-0.089165,0.069951,-0.00253,0.12561,0.05859,0.292943,0.186442
2021-09-21,0.205788,0.112199,0.12421,-0.020777,0.097238,-0.02263,0.047747,0.034,0.111172,0.227417
2021-09-22,0.159784,0.242983,0.099693,0.102479,-0.06726,0.02936,0.03682,0.090289,0.080919,0.242486
2021-09-23,0.04259,0.221734,0.174252,0.065805,0.219124,0.264093,0.032054,0.078601,0.043248,0.24784
2021-09-24,-0.018035,0.066286,0.025714,0.1464,-0.022031,0.036073,0.030458,0.053095,0.17522,0.215757
2021-09-27,0.15547,0.127241,0.003622,0.150233,0.263595,0.042776,0.066706,0.14803,0.18366,0.215989
2021-09-28,0.140023,0.105053,0.007547,0.256445,0.180621,0.094605,0.023083,0.234208,0.151244,0.1024
2021-09-29,-0.0542,0.188269,0.037794,0.16847,0.278342,0.146636,0.020095,0.114136,0.218756,0.141814
2021-09-30,0.103427,0.085507,0.099253,0.076181,0.00359,0.139327,0.12498,0.140369,0.169572,-0.032153
2021-10-01,0.234585,0.187742,0.155858,0.150521,0.024233,0.147577,0.108801,0.105197,-0.171766,-0.006651
2021-10-04,0.01814,0.184491,0.183545,0.036401,0.102319,0.096746,0.094717,0.0,0.163959,-0.055533
2021-10-05,-0.00452,-0.021575,0.21606,0.0472,0.035405,0.019733,-0.00412,0.0,0.13896,0.020717
2021-10-06,0.021337,0.166974,0.27018,0.121221,0.075924,-0.143421,0.16543,0.14811,0.098475,0.018035
2021-10-07,0.236742,0.061266,0.113819,0.062368,0.110399,-0.087478,0.182128,0.128937,-0.010752,0.114481
2021-10-08,0.089165,0.07655,0.123761,0.14272,0.079426,-0.036984,0.258891,0.258116,0.059834,0.099661
2021-10-11,0.186583,0.10503,0.095623,0.16343,0.041309,0.37552,0.1889,0.08038,0.075444,0.155917
2021-10-12,0.261148,0.154429,0.121527,0.074534,0.224786,0.253522,0.049659,0.069975,0.213829,0.135733
2021-10-13,-0.029237,0.092937,0.173147,0.136771,-0.055432,0.0965,0.105609,0.20754,0.119463,0.003511
2021-10-14,-0.085558,0.225281,0.111135,0.286406,0.0,0.158051,-0.047225,0.175574,0.071167,-0.005524
2021-10-15,0.065682,0.390972,0.173063,0.215254,0.1066,0.20925,-0.015913,0.187376,0.12802,0.183321
2021-10-18,0.255195,0.118668,0.09308,0.03197,0.234181,0.124453,0.05959,0.109808,0.079231,0.22749
2021-10-19,0.139176,0.090804,0.233526,-0.137742,0.025603,0.086214,0.075114,0.098793,0.274712,0.03612
2021-10-20,0.174267,0.231259,0.208427,-0.03047,0.069664,0.0294,-0.01779,0.136004,0.138253,0.182548
2021-10-21,-0.012994,0.003927,0.120311,0.024579,0.241105,0.05244,0.088918,0.115401,0.087662,0.158917
2021-10-22,0.232337,0.089927,0.135102,-0.099153,0.083056,0.173381,0.173471,0.167464,0.209361,0.238456
2021-10-25,0.399953,0.111214,0.170255,0.008701,0.03323,0.030143,0.148493,0.040935,-0.023132,0.308418
2021-10-26,0.270757,0.023364,0.191077,0.152327,-0.076088,0.055439,0.096349,0.113916,0.094691,0.189558
2021-10-27,0.283133,0.203141,0.021904,0.055445,0.132458,0.011033,0.147807,0.026547,0.085547,0.068125
2021-10-28,0.154243,0.005884,0.083028,0.12492,0.108929,0.142226,0.046597,0.151059,0.25319,-0.034533
2021-10-29,0.18426,0.065493,0.341947,0.186224,0.078875,0.022343,0.032184,0.139039,0.121516,0.059565
2021-11-01,0.13805,0.108028,0.177533,0.194247,0.284601,0.050872,-0.008793,0.032808,0.252678,0.223727
2021-11-02,0.23997,0.186964,0.128306,0.038857,0.221144,0.030388,-0.126109,0.042047,0.150817,0.153356
2021-11-03,0.12103,0.176774,0.14755,0.100812,0.176189,0.031944,-0.109784,0.036604,0.201854,0.077622
2021-11-04,0.139505,0.108447,0.188727,0.2229,0.14604,-0.02464,-0.090636,0.1061,0.200369,0.121229
2021-11-05,0.178034,0.27509,0.184862,0.102348,0.260751,0.208218,0.0371,0.092365,-0.023137,0.129501
2021-11-08,-0.157947,0.093031,0.141579,0.008563,0.147691,0.009497,0.089859,0.00996,0.063098,0.061812
2021-11-09,0.000978,0.10218,0.058188,0.033402,0.122894,0.070146,0.137427,0.137701,0.111057,-0.0126
2021-11-10,-0.152445,0.134607,0.006167,0.033277,-0.020335,-0.096352,0.158394,0.119875,0.090873,0.059006
2021-11-11,0.026455,0.030334,0.04558,0.036383,0.195987,0.133815,0.113585,0.21815,0.19537,0.018125
2021-11-12,0.055078,-0.015451,0.03968,0.003698,0.117395,0.27281,0.147491,0.142139,0.083115,0.100078
2021-11-15,0.129412,-0.023848,0.017592,0.211194,0.100097,0.226575,0.184753,0.15812,0.142412,0.389037
2021-11-16,0.0203,0.100659,-0.029344,0.144544,0.156599,0.070465,0.12554,0.124661,0.183804,0.175623
2021-11-17,-0.0024,0.286726,-0.004856,0.005269,0.239952,0.072593,0.16786,0.118639,0.079621,0.240867
2021-11-18,0.09115,0.135859,-0.022367,0.2992,0.018757,0.117896,0.168417,0.279873,0.088517,0.0592
2021-11-19,0.04325,0.086488,-0.074743,0.187219,0.13001,-0.006975,0.096236,0.243644,0.095955,0.168717
2021-11-22,0.056261,0.118598,-0.097374,0.277034,-0.093752,0.091125,0.257095,0.224882,0.187501,0.204358
2021-11-23,0.135814,0.135459,0.233044,0.055873,0.03478,0.131753,0.180422,0.195771,0.336176,0.118405
2021-11-24,0.18481,0.062769,0.095974,0.094252,-0.215872,0.039836,0.061326,0.210746,-0.007324,0.171077
2021-11-26,0.089847,0.273367,-0.03554,-0.07246,-0.005076,0.016,0.026694,0.220462,0.0126,0.148931
2021-11-29,-0.129175,0.041226,-0.003653,0.054105,0.100937,0.02026,0.023238,0.089974,0.128053,0.177202
2021-11-30,-0.086576,0.209408,0.019597,0.181475,0.093117,0.042847,0.08065,0.0,0.021417,0.178993
2021-12-01,0.150804,-0.080848,0.216723,0.006005,-0.058452,-0.08699,-0.004738,0.04046,-0.0667,0.09652
2021-12-02,-0.064,0.12736,0.113959,-0.008119,-0.120227,-0.00255,-0.176994,0.224222,0.177117,0.036667
2021-12-03,-0.020256,0.220784,0.061656,0.007252,0.20986,0.12738,0.009412,0.007464,0.143425,0.186825
2021-12-06,0.040722,0.079018,0.03753,0.030609,0.174007,0.119617,0.04767,-0.001569,0.15548,0.251443
2021-12-07,0.158633,-0.027633,0.102084,0.068951,0.064433,0.13554,0.041499,-0.041409,0.189757,0.252433
2021-12-08,0.20429,0.063941,0.164092,-0.045172,0.045511,-0.020325,0.08808,-0.026849,0.064335,0.165116
2021-12-09,0.132258,0.119395,0.041519,0.190187,0.041834,0.12253,0.19453,0.181257,0.137425,0.143742
2021-12-10,0.155107,0.024763,0.173799,0.055742,0.051322,0.10374,0.237348,0.189905,0.105664,0.140295
2021-12-13,0.040465,0.05103,0.084412,0.292502,0.211092,-0.021665,0.089656,0.013487,0.080316,0.256622
2021-12-14,0.08383,0.103917,0.216129,0.099603,0.04976,0.110464,0.172036,0.290891,0.029258,0.196627
2021-12-15,0.108174,0.307345,0.183753,0.093361,-0.014915,0.069268,0.13558,0.166816,0.204075,0.124181
2021-12-16,0.19804,0.299182,0.09287,-0.017946,0.011854,-0.027255,0.060854,0.109508,0.082135,0.060539
2021-12-17,-0.034998,0.104304,0.230182,0.110591,0.192793,0.031006,0.052977,0.08606,-0.12269,0.0
2021-12-20,0.19402,0.124913,0.085253,0.013987,0.111519,0.019167,0.06242,0.143896,0.022605,0.17284
2021-12-21,0.118397,0.19211,0.053513,0.14662,0.166763,0.009297,0.05434,0.27568,0.162129,0.283297
2021-12-22,0.249031,0.104849,0.086356,0.158168,0.023086,0.283152,0.047306,0.204771,0.545797,0.187218
2021-12-23,0.119397,0.074422,-0.015327,0.09493,0.211054,0.067806,0.16787,0.09158,0.122708,0.130577
2021-12-27,0.128976,0.060158,0.184108,0.19611,0.182954,0.225545,0.058419,-0.0251,0.130797,0.013771
2021-12-28,0.0631,-0.045397,-0.033847,0.147075,0.142158,0.110815,0.169727,0.062449,0.18943,-0.00634
2021-12-29,0.043085,-0.051087,0.168811,-0.058657,0.138252,0.162976,0.249106,0.166587,0.157214,0.03741
2021-12-30,0.121371,0.077428,0.073352,0.301225,0.137434,0.157849,0.21968,0.167658,0.15874,0.115297
2021-12-31,0.013193,0.055563,0.248379,0.080673,0.11596,0.073387,0.191242,0.128821,0.23387,0.156594
2022-01-03,0.046293,0.052866,0.070057,0.066962,0.176955,0.24409,0.154958,0.092355,0.273292,0.091789
2022-01-04,0.076897,0.0,0.06377,0.086202,0.056783,0.197935,0.073161,0.147844,0.061588,0.2078
2022-01-05,0.256326,0.053691,0.14244,0.129626,9.2e-05,0.103757,0.018213,0.112923,0.135139,0.133117
2022-01-06,0.259594,0.154055,-0.03814,0.07243,0.31234,0.078377,0.140867,0.163265,0.15982,0.175085
2022-01-07,0.133331,0.007655,0.19564,0.068703,0.237914,0.063317,0.162822,0.142131,0.036009,0.20573
2022-01-10,0.110349,0.084414,0.120348,0.186532,0.223367,0.175934,0.200944,0.251112,0.080938,0.382527
2022-01-11,0.080425,0.134773,0.159483,0.112003,0.169866,0.15282,0.144474,-0.028065,0.119373,0.270709
2022-01-12,0.158005,0.115973,0.247003,0.204448,0.102447,0.203716,0.080907,-0.158587,0.14554,0.235666
2022-01-13,0.195997,0.255645,0.141258,0.13048,0.115911,0.071901,0.17415,0.003301,0.225387,0.274659
2022-01-14,0.0408,-0.029882,0.124254,0.098333,0.20001,0.191516,0.178028,0.113797,0.20482,0.142437
2022-01-18,-0.048118,0.032896,0.21999,0.15225,0.141332,0.066352,0.06256,-0.04019,0.181403,0.389753
2022-01-19,0.063283,0.064398,0.132347,0.124864,0.049434,0.063,0.144848,0.142613,0.183381,0.131537
2022-01-20,0.274278,0.103737,0.142822,0.130829,0.037015,0.160899,0.082488,0.27708,0.221601,0.37593
2022-01-21,0.306748,0.17677,0.106516,0.21095,-0.079919,0.065403,0.059206,0.306658,0.168061,0.20318
2022-01-24,0.131623,0.086803,0.042173,0.234608,0.006002,0.149028,0.13702,0.16029,0.153125,0.084222
2022-01-25,0.064992,0.079744,0.208245,0.162536,-0.057997,0.104815,0.089977,0.20551,0.030626,0.260993
2022-01-26,0.286856,0.110512,0.162466,0.089933,0.065339,0.078167,0.063572,0.138292,0.066443,0.296951
2022-01-27,0.150419,0.019297,0.081991,0.17799,0.185648,0.149255,0.119917,0.30445,0.115909,0.326275
2022-01-28,-0.142852,0.018538,0.130131,0.109074,0.10758,0.127348,0.054446,0.056642,0.174963,0.227127
2022-01-31,0.093698,0.133691,0.145155,0.057903,0.138134,0.160995,-0.006983,0.42043,0.09671,0.188067
2022-02-01,0.036911,-0.077415,0.102586,0.075757,0.087483,0.062883,0.084232,0.349077,0.126994,0.343089
2022-02-02,0.139442,-0.049135,0.133138,0.252546,0.036543,0.147495,0.121368,0.170804,0.187802,0.199569
2022-02-03,0.209042,0.227152,0.075375,0.174853,0.109345,0.140852,-0.010914,0.180642,0.140167,0.357462
2022-02-04,0.037856,0.087007,0.101035,0.111415,-0.155233,0.36244,0.101177,0.157258,0.029258,0.2375
2022-02-07,0.185795,0.074788,0.111369,0.028706,0.188395,0.324021,0.11567,0.06249,0.088647,0.140333
2022-02-08,0.084515,0.154769,0.216981,0.159665,0.079878,0.0133,0.038397,0.08823,0.233244,0.194599
2022-02-09,0.256076,0.073011,0.18821,0.160817,0.233793,0.017147,0.048379,0.06493,0.147656,0.254547
2022-02-10,0.411732,0.143086,0.040017,0.012032,0.006827,0.022134,-0.03612,0.186119,0.07351,0.220264
2022-02-11,0.014603,-0.003965,0.186186,0.053121,0.249283,0.081597,0.15434,0.097874,0.040923,0.147532
2022-02-14,0.188569,0.101041,0.10457,-0.039535,-0.011488,-0.079858,0.068,0.37519,0.053582,0.24826
2022-02-15,0.282954,0.175731,0.097322,0.106783,0.023863,0.061239,0.0,0.348537,0.127294,0.2973
2022-02-16,0.130264,0.167585,0.15267,0.096321,0.134112,0.008795,-0.00392,0.345152,0.143632,0.209727
2022-02-17,0.170633,0.049109,0.084544,-0.048275,0.108403,0.058735,0.0,0.04166,0.111496,0.174503
2022-02-18,0.11486,0.020261,0.137694,0.059613,0.167957,0.030375,-0.156416,-0.01779,0.141173,0.085443
2022-02-22,-0.062199,0.105217,0.051988,0.063067,0.12414,0.084238,0.115186,0.106737,0.144588,0.034141
2022-02-23,-0.13194,-0.010833,0.121989,-0.048138,0.05464,-0.06951,0.226549,0.05957,0.212077,0.045533
2022-02-24,0.02401,0.013923,-0.038516,0.025797,0.200692,0.046237,0.182423,0.231153,0.065953,0.036813
2022-02-25,0.061298,0.091163,0.085761,0.009336,-0.03182,0.038463,0.0,0.197725,-0.101335,0.054656
2022-02-28,0.193719,0.184846,0.070235,-0.039139,0.100598,0.145776,0.0,0.044482,0.145863,0.161443
2022-03-01,0.178061,0.011299,0.055956,-0.096958,0.107587,0.132175,0.10212,0.050681,0.182353,0.089513
2022-03-02,0.038777,0.142052,0.165602,0.08833,0.06908,0.111325,0.07999,0.06597,0.258552,0.077926
2022-03-03,-0.039318,0.074712,0.065564,0.21699,0.053504,0.146079,0.069635,0.174575,0.064957,-0.042935
2022-03-04,-0.085702,0.073591,-0.004142,0.096307,0.12007,0.133817,-0.00418,0.251655,0.051969,0.156307
2022-03-07,0.055763,0.110695,0.053554,-0.005925,0.204922,0.145603,0.04526,0.105941,0.018421,0.143206
2022-03-08,0.084812,0.17688,0.12524,0.0681,-0.085295,-0.00481,0.078325,0.153506,0.089486,0.080868
2022-03-09,0.10213,0.041648,0.108066,0.111696,0.05889,0.146884,0.0559,0.025337,0.078409,0.025953
2022-03-10,0.113629,0.073162,0.115469,-0.019381,0.015539,-0.032803,0.09483,0.085534,0.277834,0.06236
2022-03-11,0.069458,0.076753,0.139636,0.026604,0.153598,0.11408,0.104153,0.158503,0.079414,0.165768
2022-03-14,0.107859,0.060793,0.190857,0.17312,0.236274,0.27364,0.140671,0.12754,0.264582,0.067304
2022-03-15,0.151826,0.141804,0.18264,0.004543,-0.07027,0.173188,0.190973,0.234351,0.093214,0.148598
2022-03-16,0.175644,0.086642,0.180904,0.159729,0.090958,0.051238,0.203681,0.272824,0.150663,0.12
2022-03-17,0.033651,0.019871,0.133222,0.194476,0.121016,0.181592,0.140174,0.237507,0.073877,0.054443
2022-03-18,0.28582,0.114509,0.070743,0.133413,0.192185,0.088909,0.01094,0.07003,0.147385,0.127776
2022-03-21,0.154275,0.307152,0.09989,0.059015,0.184453,0.030478,0.158572,0.094987,0.100491,-0.00516
2022-03-22,-0.031003,0.211609,0.132087,0.103861,-0.060538,-0.07499,0.110067,0.104668,0.124552,0.18884
2022-03-23,0.134878,0.145044,0.043834,0.334503,0.054268,-0.059293,0.022432,0.179199,0.062187,0.219035
2022-03-24,0.144271,-0.042955,0.104992,0.052538,0.161075,-0.09189,0.085898,0.093112,0.114369,0.299961
2022-03-25,0.007295,0.117131,0.303555,0.202472,0.145879,0.148207,0.169997,0.09628,0.130068,0.202754
2022-03-28,0.075739,0.152064,0.278943,0.021341,-0.001778,0.174193,0.184144,0.139217,0.26842,0.308207
2022-03-29,0.097066,0.105601,0.112059,-0.049535,0.0409,0.126033,-0.005687,0.225241,0.127021,0.119825
2022-03-30,0.075865,0.171796,0.294733,0.02988,0.102728,0.36178,0.068,0.323516,0.147683,0.409129
2022-03-31,0.14542,0.051818,0.015157,0.010075,0.11594,0.208393,0.298987,0.070117,0.139796,0.356104
2022-04-01,0.056328,0.019735,0.173538,0.11787,0.286792,-0.013111,0.399589,0.250149,0.090314,0.357436
2022-04-04,0.147815,0.084383,0.046626,-0.005731,0.075857,0.150995,0.15,0.143116,0.114916,0.213806
2022-04-05,-0.069578,0.086578,0.086984,0.189116,0.161048,0.025968,0.12087,0.183085,0.022684,0.19754
2022-04-06,-0.048444,0.073961,0.220333,0.107627,0.086809,0.107702,0.166453,0.146562,0.155221,0.277516
2022-04-07,-0.064414,0.014387,0.139066,0.068558,0.126985,0.051603,0.148101,0.08236,0.234898,0.160439
2022-04-08,-0.033357,0.149612,0.232572,0.032795,0.358438,0.040075,0.146719,0.110737,0.381933,0.13967
2022-04-11,0.040996,0.183706,0.303984,0.004413,0.09282,0.072559,0.290499,0.043489,0.234682,0.198045
2022-04-12,0.207963,0.116952,0.181358,0.074177,0.0932,0.065991,0.152981,0.28442,0.122854,0.266957
2022-04-13,0.261609,0.012542,0.243037,0.131924,0.084097,0.101849,0.280392,0.218402,0.125682,0.2324
2022-04-14,0.005143,0.106972,0.27649,0.168781,0.093462,0.075344,0.071135,0.249391,0.006592,0.292536
2022-04-18,0.035903,0.180084,0.305097,0.24753,0.08608,0.0894,0.120015,0.118065,0.09197,0.219737
2022-04-19,-0.038675,0.10733,0.219256,0.196476,-0.007744,0.102618,0.05144,-0.093864,0.170608,0.242377
2022-04-20,0.073028,-0.014678,0.19884,0.04578,0.207743,0.108454,0.069411,-0.078004,0.210276,0.079694
2022-04-21,0.156365,0.149941,0.223098,-0.089607,0.121417,0.2278,0.06708,0.027645,0.040249,0.094915
2022-04-22,0.041769,0.152052,0.075427,0.138025,0.081874,-0.08736,0.006569,0.103927,0.02736,0.138245
2022-04-25,0.068066,0.074314,0.119206,0.141232,0.230237,0.161403,0.190621,0.137047,0.153574,0.160215
2022-04-26,0.281901,0.07064,0.128364,0.157426,-0.045021,-0.023899,0.166895,0.0,0.135942,0.28776
2022-04-27,0.073011,0.051566,0.265136,0.046033,0.089063,0.052595,0.071007,0.046045,0.12967,0.11595
2022-04-28,0.02522,0.171002,0.251509,-0.014191,0.105406,0.043521,0.023806,0.122676,0.076105,0.111327
2022-04-29,0.009362,0.080414,-0.081099,0.140527,0.096828,0.222197,0.020725,0.214018,0.001443,0.173024
2022-05-02,0.121806,0.117147,0.152387,0.120821,0.226363,0.063441,-0.013803,0.18316,0.045771,0.185671
2022-05-03,0.080437,0.11965,0.19153,0.214657,0.141759,0.226571,-0.02619,0.104589,-0.014622,0.24271
2022-05-04,-0.046468,0.077142,0.047799,0.082981,0.081869,0.118367,0.063841,0.094411,-0.087446,0.018209
2022-05-05,-0.027333,-0.093837,0.295545,0.127162,0.059533,0.001161,0.149542,0.103225,0.275813,0.037353
2022-05-06,0.211141,0.035271,0.168324,-0.135983,0.106252,0.080184,0.074867,0.061096,0.072824,0.086524
2022-05-09,-0.02498,0.128824,0.092697,0.025053,0.047823,0.148776,0.008712,0.13553,0.089083,0.049455
2022-05-10,0.045373,0.099241,0.131131,0.14088,0.141972,0.11915,0.2419,0.04052,0.199806,-0.003965
2022-05-11,-0.023369,-0.023896,0.271598,0.083638,0.021427,0.088195,0.210586,0.007944,0.107327,0.082134
2022-05-12,0.030435,0.058015,0.103317,0.095868,-0.005173,0.165912,0.293722,0.252744,0.036395,-0.015517
2022-05-13,0.095082,0.064295,0.133605,0.114992,0.032218,0.086454,0.258995,0.180837,0.099262,0.115123
2022-05-16,0.085596,0.019957,0.087219,0.036647,0.048322,0.137495,0.188083,0.135386,0.017866,0.176263
2022-05-17,0.009181,0.077277,0.042339,0.05021,-0.017348,0.115292,0.15872,0.235656,0.164021,0.31206
2022-05-18,-0.021075,0.017167,0.092236,0.102643,0.17671,0.000293,0.197373,0.002294,0.269345,0.075129
2022-05-19,0.04399,0.15134,0.118942,0.143554,0.108655,0.218307,0.202688,0.001396,0.23596,0.1916
2022-05-20,0.16309,0.136305,0.21657,0.226297,-0.036023,0.102925,0.218561,0.07936,0.279796,0.123868
2022-05-23,0.037312,0.066513,0.109548,-0.022408,0.18671,0.137982,0.257841,0.098474,0.1604,0.172269
2022-05-24,0.095528,0.198939,0.178498,0.32992,0.013724,0.389669,0.02051,0.272725,0.24002,0.144676
2022-05-25,0.201043,0.023675,0.165774,0.140442,-0.103865,0.208208,0.164429,0.237284,0.024118,0.148999
2022-05-26,0.21776,0.091653,0.165098,0.177105,0.202778,0.191618,0.035645,0.141908,0.242168,0.136578
2022-05-27,0.096748,0.112231,0.251074,0.11309,0.063176,0.127237,-0.07432,0.15352,-0.004008,0.171474
2022-05-31,0.135955,0.130594,0.227413,0.061083,0.326647,0.298388,0.07277,0.130337,0.294142,0.211012
2022-06-01,0.114314,-0.057512,0.210796,0.10418,0.116192,0.238698,0.0791,0.1852,0.256966,0.380734
2022-06-02,-0.07633,0.174141,0.326854,0.06272,-0.07786,0.066773,0.074021,0.11127,0.109324,0.442862
2022-06-03,0.079476,0.159729,0.198367,-0.03326,0.052653,0.108872,0.04046,0.18933,0.114257,0.21979
2022-06-06,-0.012227,0.087905,0.173501,0.232708,0.095472,0.036584,0.05873,0.065293,0.068408,0.181588
2022-06-07,0.064039,0.179959,0.095547,0.136407,0.187076,0.32036,0.03102,0.044327,0.062565,0.16316
2022-06-08,0.191892,0.14056,0.18044,0.06199,0.290718,0.114401,-0.015309,0.108652,0.040443,0.1948
2022-06-09,0.080321,0.004125,0.183922,-0.007707,0.062011,0.211094,0.02322,0.164986,0.065266,0.107347
2022-06-10,-0.03137,0.070405,0.093833,0.072619,0.032758,0.143168,-0.062102,0.152114,0.048538,0.234397
2022-06-13,0.09077,0.11722,0.125278,0.127082,0.172853,-0.01241,-0.048188,0.091788,0.121538,0.10225
2022-06-14,0.250908,0.097222,0.171208,-0.092085,-0.03083,0.184065,0.12944,0.08679,0.13441,0.113296
2022-06-15,0.04044,-0.096825,0.215458,0.058607,0.085899,0.171152,0.17692,-0.02241,0.234733,0.082909
2022-06-16,0.022037,0.081741,0.06751,-0.008702,0.24372,0.074234,0.228662,0.08519,0.088348,0.03946
2022-06-17,0.136946,0.14481,0.194833,0.08931,0.278008,0.204255,0.087116,0.305056,0.135767,0.1525
2022-06-21,0.165569,0.03636,0.098581,-0.029255,0.357644,0.187268,0.125656,0.225203,0.118188,0.10598
2022-06-22,0.143462,0.158418,0.042228,0.12168,0.018083,-0.030043,0.153393,0.216322,0.188842,0.382503
2022-06-23,0.047706,0.15621,0.089195,0.049767,-0.094679,0.130004,0.116957,0.20192,0.1661,0.329646
2022-06-24,-0.007888,0.022115,-0.089814,0.301433,0.234034,0.003233,0.086924,-0.048626,-0.009808,0.21742
2022-06-27,0.09763,0.116786,0.106579,0.030147,0.311464,0.121191,0.269683,0.08831,0.214226,0.246575
2022-06-28,0.11567,0.136655,0.269013,0.132313,0.168666,0.046589,0.265032,0.0913,0.07974,0.216017
2022-06-29,0.064442,0.021086,0.2338,0.069259,0.353529,0.172507,0.139643,0.14173,0.166126,0.15226
2022-06-30,0.195922,0.117168,-0.049834,0.135406,0.122943,0.263385,0.088823,0.13185,0.129808,0.14246
2022-07-01,0.368125,0.073083,0.22599,0.069183,0.109917,0.166381,0.144686,0.09706,0.176485,-0.03318
2022-07-05,0.257375,0.111668,0.079079,0.166963,0.136353,0.264021,0.15793,0.130117,0.269934,0.064767
2022-07-06,0.011494,0.119301,0.32752,0.034422,0.00047,0.153915,0.18658,-0.126318,0.131968,0.20287
2022-07-07,0.147658,0.010063,0.262277,0.188133,0.011071,0.077272,-0.04032,0.057144,0.064329,0.368252
2022-07-08,0.120379,-0.034678,0.163709,0.023263,0.30364,0.125309,0.001271,0.201494,0.097119,0.135434
2022-07-11,0.182409,0.094703,0.080882,0.180699,0.038387,0.161118,-0.0185,0.29322,0.237171,0.12783
2022-07-12,0.160393,0.193742,0.23591,0.114988,0.013693,0.117835,-0.016105,0.1097,0.115245,0.111282
2022-07-13,-0.05716,0.162757,0.165368,-0.020762,0.199807,0.188877,0.02647,0.23781,0.019836,0.083288
2022-07-14,0.04177,0.176815,0.180753,-0.031167,-0.010174,0.143623,0.088963,0.200678,0.15716,0.137896
2022-07-15,-0.07432,0.053066,0.274658,0.038111,0.025688,-0.017653,-0.047357,-0.196442,0.156731,0.264842
2022-07-18,-0.025748,0.149505,0.269507,0.121111,0.100544,0.080097,0.035273,0.09613,0.237936,0.219225
2022-07-19,0.20059,0.108105,0.32102,0.084785,0.029859,0.142071,0.075702,0.003525,0.040014,0.193663
2022-07-20,0.037212,0.013165,0.173092,0.12119,0.258679,0.087398,0.04095,0.17764,0.133255,0.113091
2022-07-21,0.093831,0.043456,0.112725,0.215702,0.061543,0.013687,0.043196,0.252444,0.172776,0.0866
2022-07-22,0.08578,0.167523,0.188822,-0.009238,0.278042,0.047509,0.026557,0.331462,0.20978,0.03426
2022-07-25,-0.022425,0.091713,0.339973,0.128082,0.060344,0.037692,0.161358,0.21288,0.07361,0.105409
2022-07-26,0.0,0.006382,0.071235,-0.04619,0.156963,0.134735,0.019328,0.109179,0.009267,0.198288
2022-07-27,0.066537,0.05355,0.117787,0.210925,0.04655,0.03288,0.134384,0.244979,0.133332,0.16386
2022-07-28,0.091841,0.009317,0.139929,-0.003503,0.151388,0.092666,0.082691,0.127057,0.077771,0.172117
2022-07-29,0.098113,0.133187,0.286275,0.05444,0.045545,0.128556,0.01205,0.26866,0.225497,0.27461
2022-08-01,0.044908,0.12408,0.05707,0.18658,0.100021,0.18067,0.01049,0.336971,0.205607,0.13598
2022-08-02,0.047592,0.066624,0.085446,0.182789,0.160788,0.004293,0.057221,0.286995,-0.040069,0.16231
2022-08-03,0.0154,0.077988,0.256759,0.159376,0.274918,0.06666,0.121053,0.093083,0.178536,0.134932
2022-08-04,0.078854,0.061348,0.137048,0.112823,0.073259,0.043847,0.04609,0.109493,0.050597,0.256811
2022-08-05,0.184518,0.025803,0.198822,0.148787,0.177758,0.083808,0.080018,0.222008,0.143257,0.096048
2022-08-08,-0.1625,0.089346,0.208538,0.125891,0.084543,0.159971,0.152422,0.14701,0.102267,0.097371
2022-08-09,-0.090741,0.08117,0.132599,0.120981,0.175647,-0.016721,0.180351,0.272116,0.071348,0.137545
2022-08-10,0.170978,0.088547,0.160806,0.223842,0.184364,0.111807,0.159993,0.10692,0.084513,0.223023
2022-08-11,0.032462,0.065656,0.163892,-0.049685,0.027904,0.095627,0.139282,0.25048,0.094938,0.097139
2022-08-12,0.0695,0.226689,0.226617,0.236917,0.013278,0.147695,0.121252,0.073505,0.278068,0.171161
2022-08-15,0.084248,0.057082,0.141379,0.095623,0.00805,0.266595,0.067973,-0.03005,0.174358,0.225928
2022-08-16,0.109612,0.114424,0.198151,0.062304,0.065717,-0.123791,0.03612,0.14214,0.192991,0.104555
2022-08-17,-0.016815,0.040888,0.307799,0.06278,0.01909,0.02315,0.04404,0.175945,0.146311,0.260274
2022-08-18,0.00453,0.036435,-0.038936,0.204823,0.056644,0.013974,0.060969,0.093932,0.10242,0.245357
2022-08-19,-0.175951,0.038931,0.116867,0.088281,-0.02824,0.095004,0.053077,0.322778,0.16227,0.205083
2022-08-22,0.21372,0.130307,0.221067,0.044505,0.211913,0.159679,0.083286,0.366556,0.257415,0.267137
2022-08-23,0.171565,0.079467,0.124071,0.243863,0.151827,0.178938,0.05385,0.189007,0.041184,0.0407
2022-08-24,0.130187,-0.046269,0.012638,0.054753,0.146516,0.106444,0.011741,0.16047,0.14825,0.15559
2022-08-25,0.070453,0.150502,0.105022,0.017446,0.104547,0.187482,0.00258,0.286621,0.161902,0.098448
2022-08-26,-0.103751,0.004824,0.092183,0.111387,0.167906,0.03547,0.05773,0.334672,0.191783,0.129527
2022-08-29,0.157895,0.133022,0.183822,0.200815,0.264053,0.034967,0.00181,0.152698,0.075023,0.335867
2022-08-30,-0.063484,0.14593,0.091147,0.018852,0.039436,0.142917,0.024356,0.143356,0.116866,0.098289
2022-08-31,0.157763,0.052468,0.184692,0.061617,-0.204585,0.149047,0.024991,0.22335,0.139562,0.103529
2022-09-01,0.076466,0.168611,0.164953,0.277945,0.114602,0.181742,0.090442,0.173049,0.007841,0.11444
2022-09-02,0.097066,0.039372,0.197115,0.110165,0.141713,0.095333,0.09152,0.144772,0.226136,0.17098
2022-09-06,0.162346,0.184598,0.119531,0.068708,0.232144,0.189319,0.0,0.29121,0.106622,0.258199
2022-09-07,0.07007,0.160442,0.17913,0.00998,0.072837,0.086556,0.02653,0.050667,0.114692,0.19389
2022-09-08,0.226101,0.07027,0.27589,0.154652,0.178205,0.005273,0.18839,0.23678,0.02906,0.152843
2022-09-09,-0.02833,0.231719,0.048163,0.207988,-0.008273,-0.079275,0.142965,0.541211,0.146649,0.24855
2022-09-12,-0.019293,0.157476,0.151288,0.066378,0.279326,0.014052,-0.05409,0.315467,0.03785,0.304901
2022-09-13,-0.060461,0.188669,0.263011,0.156033,0.059987,0.250205,0.043211,0.09451,0.025618,0.064752
2022-09-14,0.091919,0.195353,0.146737,-0.008447,-0.005177,0.085813,0.109387,0.12735,0.097316,0.250758
2022-09-15,0.127322,0.145075,0.223204,0.220519,-0.008235,-0.015242,0.055614,0.2533,-0.00714,0.298002
2022-09-16,0.112935,0.135985,0.495585,0.100016,0.066342,0.080391,0.025757,0.262562,0.053076,0.394173
2022-09-19,0.03699,0.310082,0.093878,0.062963,0.015824,0.177053,-0.08276,0.22642,0.090931,0.301376
2022-09-20,0.093496,0.027583,0.22262,0.055906,0.026323,0.108738,-0.072047,0.189901,0.070479,0.06808
2022-09-21,0.140432,0.085812,0.243725,0.028435,-0.08622,0.072151,0.035955,0.083323,0.031576,0.191564
2022-09-22,0.05356,0.178462,0.110573,-0.043147,0.169767,-0.014493,0.172149,-0.05183,0.143466,0.173549
2022-09-23,0.133952,-0.049577,-0.056155,0.093227,0.08872,0.072128,0.211482,0.005866,0.027832,0.213604
2022-09-26,0.102723,0.195453,0.079408,0.183939,0.01548,-0.000439,0.204447,0.073121,0.08646,0.57756
2022-09-27,0.203155,0.018225,-0.016287,0.079482,0.165422,-0.030684,0.177981,0.234575,0.187818,0.288677
2022-09-28,0.133428,0.060516,0.181278,0.149222,0.147205,-0.044523,0.03274,0.040187,-0.01221,-0.049517
2022-09-29,0.053163,0.123674,0.144942,0.101941,0.16066,0.045777,-0.020017,0.099684,0.090472,0.057986
2022-09-30,0.040518,0.183517,0.216717,0.251585,0.073387,0.088095,0.003911,0.225041,-0.138777,0.118663
2022-10-03,0.244891,0.116446,0.090411,0.255836,0.0476,0.215831,0.074254,0.20999,0.303539,0.144871
2022-10-04,0.11384,-0.011167,0.127611,0.266901,-0.08459,0.036541,0.155964,0.33353,0.149836,0.163838
2022-10-05,0.254275,0.055731,0.219127,0.147746,-0.005246,0.259051,0.0559,0.201742,0.112934,0.22012
2022-10-06,0.079815,0.174272,0.137495,0.106155,-0.178565,0.158726,-0.11454,0.073387,0.002891,0.052063
2022-10-07,0.153553,0.013233,0.26993,0.116085,0.030127,0.016622,-0.111735,0.109812,0.056309,0.269483
2022-10-10,0.046161,0.131329,0.133258,0.107996,0.326336,0.110466,0.09469,0.10797,0.076697,0.279963
2022-10-11,0.043071,0.196408,0.11966,-0.283775,0.225812,0.234263,0.035222,0.035588,-0.043977,0.31563
2022-10-12,0.13851,0.1838,0.235168,-0.096361,0.129194,0.303459,0.098663,0.100383,-0.029269,0.123236
2022-10-13,-0.098114,0.0226,0.101116,0.048717,-0.170856,0.079234,0.066884,0.032988,0.002155,0.161923
2022-10-14,-0.119095,-0.031167,0.113909,0.137774,0.174913,0.099104,0.058226,0.020357,0.07374,0.216943
2022-10-17,0.214443,0.09303,0.071201,0.122815,0.120345,-0.074317,-0.03207,0.078908,0.061792,-0.09354
2022-10-18,0.1565,0.069453,-0.013295,0.10424,0.01213,0.089908,0.084131,0.14854,0.13744,0.226676
2022-10-19,0.027696,0.169599,0.156161,0.079133,0.051857,0.06693,0.019824,0.137068,-0.098697,0.055164
2022-10-20,0.071821,0.192093,0.130947,0.083895,0.055195,0.134635,0.022308,0.20521,0.20392,0.125047
2022-10-21,0.113424,0.090225,0.090096,0.00175,0.115816,0.122386,0.118405,0.300555,0.026856,0.118185
2022-10-24,0.136085,0.120034,0.088283,-0.044162,0.05149,0.099724,0.115487,0.25793,-0.002347,0.22194
2022-10-25,0.076771,0.05301,0.1289,0.183721,0.049883,0.033659,0.174804,0.09152,-0.022636,0.12922
2022-10-26,0.036807,0.065809,0.044319,0.135804,0.040111,0.030436,0.100641,0.06871,0.27628,0.106883
2022-10-27,0.211009,0.064214,0.115479,0.196661,0.148353,0.216643,0.157772,-0.005024,0.014155,0.12434
2022-10-28,0.18763,0.044164,0.124207,0.02996,0.009389,0.153731,0.069975,-0.004374,0.070042,0.130981
2022-10-31,0.226091,0.06973,0.116505,0.21304,-0.024391,0.112631,0.060917,0.193267,0.139554,0.399587
2022-11-01,0.148974,0.056185,0.116617,0.059787,0.135517,0.068001,-0.015815,0.100192,0.100521,0.374518
2022-11-02,0.014989,0.271154,0.24665,0.154113,-0.098025,0.076361,-0.048714,0.047203,0.130559,0.263249
2022-11-03,0.07632,-0.002812,0.30889,-0.007953,-0.126033,0.023739,0.03182,0.018178,0.025066,0.211564
2022-11-04,0.014045,-0.0106,0.057297,0.106987,0.076812,0.158,0.027701,-0.038815,0.0556,0.188789
2022-11-07,-0.110387,0.082831,0.07274,-0.023293,0.02281,0.0,0.0,0.096945,0.150521,-0.012233
2022-11-08,0.051533,0.03053,0.120235,0.008284,-0.0525,0.05247,0.027466,0.170816,0.099831,0.103689
2022-11-09,0.040576,0.072467,-0.047618,0.122136,0.024401,0.0843,0.076678,0.147899,0.053851,0.128297
2022-11-10,0.04046,-0.02397,0.090743,0.0256,0.12435,0.073,0.0,0.081331,0.074273,0.30974
2022-11-11,0.0,0.165647,0.060731,0.107653,0.267824,0.157801,0.0765,0.318793,0.127609,0.11736
2022-11-14,0.352573,0.167843,0.120695,0.207647,0.159805,-0.03398,0.066,0.170943,0.07509,0.048155
2022-11-15,0.035269,0.068781,0.319153,0.080232,0.20067,0.049831,0.23031,0.178053,0.127123,0.073238
2022-11-16,0.094271,0.071871,0.20551,-0.00386,0.219994,0.08882,0.200497,0.197301,-0.016431,0.156565
2022-11-17,-0.010207,0.314564,0.04165,0.213385,0.013487,0.092285,0.187914,0.171761,0.086507,0.136298
2022-11-18,-0.008885,-0.05742,0.06452,0.210883,0.083783,0.044105,0.1615,0.042439,0.242791,0.161309
2022-11-21,0.199995,0.254256,0.149736,0.133184,0.170038,0.056218,0.180736,0.194718,0.176582,0.06885
2022-11-22,0.251299,0.013169,-0.076025,0.202613,0.127521,0.146947,0.15734,-0.004604,0.004435,0.0
2022-11-23,0.13878,0.264135,0.241295,0.162267,0.115094,0.04659,0.140775,0.271474,0.234012,0.19208
2022-11-25,0.322643,0.182682,0.210782,0.140077,0.135205,0.047415,0.095858,0.339697,0.048494,0.17414
2022-11-28,0.344152,0.095964,0.007767,0.121084,0.201681,0.005906,0.110563,0.337223,0.110168,0.149687
2022-11-29,0.340618,0.068155,0.042769,0.305575,0.19279,0.11988,0.019529,0.29357,-0.089165,0.192561
2022-11-30,0.234819,0.060576,0.165376,0.142593,0.194033,0.102673,0.22732,0.137036,0.098277,0.132754
2022-12-01,0.103047,0.160097,0.209417,-0.074546,0.135137,0.234213,0.121214,0.23104,0.193481,0.232482
2022-12-02,0.25708,0.150919,0.388469,0.140975,-0.09793,-0.019853,-0.070362,0.153634,0.069562,0.341905
2022-12-05,0.129584,0.050852,0.188123,0.200094,0.097068,0.056417,-0.061254,0.239906,0.067314,0.279223
2022-12-06,0.167824,0.11515,0.255548,-0.024983,0.019797,-0.121482,0.022132,0.19974,0.006491,0.061703
2022-12-07,0.079656,0.171248,0.083456,-0.002,-0.046141,-0.059876,0.019267,0.309097,0.215405,0.261785
2022-12-08,0.075708,0.104273,0.229835,0.114028,0.035645,0.12439,0.123829,0.239486,0.130409,0.088217
2022-12-09,-0.1574,0.266982,0.086361,0.0,0.092443,0.14728,0.112292,0.417655,0.105365,0.111008
2022-12-12,-0.079374,0.137291,0.268323,0.074716,0.008627,-0.029133,-0.018875,0.223985,0.109597,0.24038
2022-12-13,-0.152664,0.091417,0.149775,0.132186,0.116378,0.20892,0.140778,0.010638,0.1414,0.190642
2022-12-14,-0.044175,0.151657,-0.048951,0.003927,0.179466,0.24986,0.0802,0.068,0.004423,0.106766
2022-12-15,0.063461,0.126274,0.03632,0.301388,0.162805,0.210275,0.069818,0.034527,-0.066206,0.32604
2022-12-16,-0.136945,0.144397,0.114072,-0.084787,0.169217,0.044738,-0.0642,0.237817,0.080433,0.313748
2022-12-19,0.125767,0.14828,0.07207,0.034465,0.054403,0.15825,0.085839,0.164395,0.012095,0.289132
2022-12-20,0.282472,0.16354,0.260688,0.252178,0.185314,0.117985,0.179842,0.077061,0.184157,0.376603
2022-12-21,-0.006523,-0.065106,0.06484,0.082194,0.168378,0.354241,0.12093,0.013665,0.185002,0.312466
2022-12-22,0.01532,0.051079,0.378585,0.293308,0.065476,0.123067,0.016619,0.011896,-0.11699,0.166378
2022-12-23,0.15746,0.134698,0.020424,0.180484,-0.068395,0.05007,0.014468,0.010356,0.047672,0.280256
2022-12-27,0.16654,0.220512,0.191496,0.14616,0.109378,0.112105,0.182715,0.276205,-0.024003,0.131771
2022-12-28,0.077467,0.099218,0.155009,0.124249,0.176088,0.080714,0.038284,0.241487,0.079413,0.128371
2022-12-29,0.023599,0.158369,0.038562,0.05307,0.116396,0.054502,0.056588,0.125785,0.178527,0.07741
2022-12-30,0.002432,0.114755,0.16362,0.114453,0.063955,0.116993,-0.003262,0.088489,0.044518,0.07732
2023-01-03,0.003714,0.098269,0.28271,0.10187,0.171742,0.062325,0.10212,0.208531,0.09885,0.159997
2023-01-04,0.028547,0.076065,0.243942,0.196169,0.072293,0.08129,0.04404,0.201882,0.034404,0.15975
2023-01-05,0.071244,0.237687,0.242212,0.055217,0.157785,0.13137,0.12264,0.191036,0.223515,0.105259
2023-01-06,0.241787,0.19072,0.154494,0.1332,0.063903,0.068015,0.0,0.124224,0.230965,-0.006735
2023-01-09,0.334205,0.183287,0.286579,0.067696,0.193815,0.171765,0.08038,0.051759,0.121156,0.073777
2023-01-10,0.344107,0.109892,0.044927,0.094318,0.064153,0.157197,0.150355,-0.005387,0.238118,0.039226
2023-01-11,0.183428,0.037726,0.118658,0.063079,0.031677,0.029257,0.156862,0.03349,0.061187,0.030396
2023-01-12,0.106753,0.062836,0.056329,0.101041,0.056579,0.115522,0.156419,-0.019357,0.056658,0.11652
2023-01-13,0.169965,0.191123,0.173943,0.067127,0.172322,0.03766,0.28611,-0.028188,0.100065,0.162941
2023-01-17,0.203657,0.238678,0.069819,0.158071,0.262109,0.215895,0.144367,0.0635,0.125481,0.21774
2023-01-18,0.022158,0.176819,0.241063,0.187011,0.124088,-0.095755,0.136917,-0.035407,0.187357,0.203321
2023-01-19,0.04128,-0.002996,0.17214,0.047324,-0.017162,0.05073,0.13397,0.08114,0.14084,0.16392
2023-01-20,-0.014143,0.013133,0.180122,0.051685,0.066125,-0.00316,0.159958,0.045287,0.064669,0.13795
2023-01-23,0.054547,0.210389,0.038813,-0.054972,0.253675,0.183461,0.013497,0.077247,0.04196,0.201597
2023-01-24,0.038075,0.156044,0.22336,0.104095,0.142978,0.065502,0.019971,0.237174,0.033441,0.232971
2023-01-25,0.001426,0.122619,0.190507,0.062324,0.00229,0.126592,-0.090304,0.33177,0.061449,0.186743
2023-01-26,0.228736,0.111553,0.20452,0.176397,0.17705,0.025139,0.075,0.174149,0.094907,0.14764
2023-01-27,0.096855,0.041882,0.110591,0.192108,0.181002,0.122083,0.072794,0.218219,-0.001674,0.150507
2023-01-30,0.072581,0.01352,0.139528,0.155533,0.145627,-0.005256,0.149394,0.249116,0.08135,0.161193
2023-01-31,-0.017449,0.061749,0.123394,0.098415,0.041951,0.117438,0.1142,0.152378,-0.004828,0.185017
2023-02-01,0.02168,0.101755,-0.126762,0.046891,0.128392,0.07608,0.061191,0.26651,-0.06427,-0.02065
2023-02-02,0.125709,0.13993,0.180115,0.139686,0.237574,0.17712,0.067485,0.167851,0.210097,0.235533
2023-02-03,0.18137,0.161052,-0.004062,0.085516,0.046571,0.228325,0.00299,0.075213,-0.045936,0.267737
2023-02-06,-0.020167,0.083021,0.036634,-0.040033,0.042994,0.144531,0.083332,0.170559,0.205311,0.150767
2023-02-07,0.027477,0.165284,0.000777,0.243033,0.122067,-0.009796,-0.065318,0.084057,0.192443,0.260334
2023-02-08,0.05899,0.10051,0.085334,0.0311,0.050586,0.155213,0.079524,-0.025768,0.146933,0.194788
2023-02-09,0.069414,0.071215,0.118474,-0.03315,0.008086,0.084346,-0.04827,0.13115,0.211365,0.21886
2023-02-10,0.08831,0.112336,0.148976,-0.041515,0.021839,0.048925,-0.03128,0.25075,-0.017941,0.151985
2023-02-13,-0.019585,0.131039,0.279759,0.102241,0.10701,0.11876,-0.023285,0.3554,0.206883,0.230364
2023-02-14,-0.011585,0.263443,-0.06863,-0.029541,0.212427,0.088623,0.027236,0.15886,0.219755,0.12393
2023-02-15,0.186697,0.103358,0.036427,-0.078845,0.08731,0.053409,0.017866,0.100063,-0.00974,0.188563
2023-02-16,0.02366,0.006371,0.13396,0.04416,0.127585,0.137915,0.07598,0.058449,0.178579,0.16417
2023-02-17,0.26779,0.070984,0.121328,0.22299,0.141227,0.029433,0.011228,-0.007774,0.098927,0.08026
2023-02-21,0.100445,0.117679,0.116175,0.001251,0.023423,0.195737,-0.026625,0.076981,0.110847,0.048961
2023-02-22,0.110903,0.089176,0.114664,0.083987,0.092842,0.0,0.06796,0.100235,0.112917,0.10825
2023-02-23,0.12297,0.10625,0.149252,0.131722,0.084523,0.049003,-0.002797,0.050415,0.014443,0.056576
2023-02-24,0.113833,0.036689,0.056115,0.105561,0.065394,0.081447,0.084858,0.026225,0.00044,0.097607
2023-02-27,0.127015,0.075353,-0.019698,-0.011214,0.080933,0.070885,0.2454,0.09504,0.1029,0.173532
2023-02-28,0.125395,0.12186,0.123548,0.09226,0.064623,0.168409,0.315753,0.110218,0.249636,0.222065
2023-03-01,-0.033398,0.09564,0.063142,0.092847,0.028242,0.04426,0.170193,0.08008,0.183314,0.370658
2023-03-02,0.231347,0.202401,0.276288,0.137394,0.039298,0.204595,0.03019,0.190249,0.081086,0.202713
2023-03-03,0.044499,0.079881,0.202296,0.008717,0.268867,0.116157,0.000248,0.119616,0.206285,0.104819
2023-03-06,0.02023,-0.040311,0.053778,0.098061,0.06327,0.16074,0.034216,0.04136,0.079112,-0.029489
2023-03-07,0.172151,0.164523,0.121447,0.242312,0.164617,0.21112,0.04767,0.113284,0.112984,0.081397
2023-03-08,0.035238,0.253262,0.149416,0.068287,0.056163,0.148073,0.0991,0.205431,0.088036,0.06351
2023-03-09,0.021679,0.10084,0.256829,0.047027,0.127323,0.08122,0.014289,0.149744,0.166029,0.122331
2023-03-10,0.025708,0.120612,0.170851,0.007582,0.22964,0.102844,0.109767,0.26162,0.113837,0.221157
2023-03-13,0.064639,0.053982,0.157854,-0.079644,0.141126,0.132476,0.13992,0.021647,0.058681,0.231619
2023-03-14,0.070781,-0.046497,0.211972,0.171484,-0.015801,0.170362,0.06376,0.2027,0.163058,0.037987
2023-03-15,0.13586,0.065562,0.129466,0.011017,0.081627,0.04638,0.083742,0.177891,-0.012915,0.267557
2023-03-16,0.134786,0.029327,-0.040012,-0.12862,0.04588,0.248279,0.077267,0.221762,0.111555,0.1459
2023-03-17,0.07952,-0.025813,0.032275,-0.048261,0.042446,0.063711,-0.003589,0.229473,0.054475,0.25517
2023-03-20,0.183634,0.042434,0.262595,0.135838,0.081449,0.079197,0.142597,0.04058,0.141291,0.151392
2023-03-21,0.084422,0.141742,0.047393,0.125513,0.157915,0.19473,0.021875,0.359607,0.076383,0.250835
2023-03-22,0.122396,-0.044512,0.131869,0.057744,0.011968,0.12519,0.078207,0.20178,0.067102,0.087963
2023-03-23,0.296031,0.050467,0.169822,-0.025778,0.148239,0.07804,0.046795,0.144422,0.140676,0.129865
2023-03-24,0.290373,0.157884,0.194102,-0.10549,0.089221,0.072587,0.040737,0.119537,0.046421,0.193917
2023-03-27,0.210868,0.111424,0.061273,0.099485,0.130187,0.15124,0.046931,0.040598,0.145005,0.088839
2023-03-28,0.232054,0.158019,0.088873,0.22001,0.192328,0.104971,0.14841,0.081214,0.12816,0.329291
2023-03-29,0.085327,0.122973,0.04029,0.028923,0.055337,0.049815,0.086313,0.121313,0.10061,0.15079
2023-03-30,0.164733,0.115521,0.079897,0.221725,0.001365,0.171827,0.035231,0.10969,0.167531,0.201489
2023-03-31,0.196585,0.038565,0.140608,0.149081,0.066781,0.043841,0.090405,0.181687,0.173086,0.131532
2023-04-03,0.133313,0.115642,-0.046703,0.11056,-0.040465,0.093135,-0.05267,0.098706,0.150192,0.242885
2023-04-04,0.059763,0.124177,0.244804,-0.064423,0.186481,0.073694,0.069727,0.157641,0.137419,0.214354
2023-04-05,0.038553,0.097574,0.044649,-0.006243,0.052147,0.063549,0.1704,0.158417,0.10532,0.121172
2023-04-06,0.08838,0.106067,0.13331,0.184617,0.051402,0.044604,0.14561,0.146224,0.320578,0.296958
2023-04-10,0.037697,0.148807,0.105476,0.055542,0.121243,0.129433,0.188598,0.079982,0.181637,0.248605
2023-04-11,0.027079,0.064405,0.117958,0.024666,-0.00778,-0.016513,0.051214,0.35245,0.062146,0.08196
2023-04-12,0.14808,0.057565,0.045978,0.114314,0.054188,0.062933,0.044585,0.311221,0.124461,0.233274
2023-04-13,0.001437,-0.01488,0.079566,0.056471,-0.082632,0.17934,-0.00815,0.115865,0.047862,0.144018
2023-04-14,0.013184,0.124798,0.17745,0.057005,0.008999,0.125492,0.008815,0.07364,0.195642,0.144923
2023-04-17,0.014847,0.048682,0.124802,0.110593,0.128709,0.093882,0.10534,0.01059,0.132804,0.113783
2023-04-18,0.028428,-0.033448,0.011319,0.10403,0.104337,0.05858,0.14026,0.087071,0.235452,0.088961
2023-04-19,0.081301,0.100898,0.187308,0.119259,0.108684,0.10007,0.045385,0.092267,0.14302,0.272013
2023-04-20,0.007523,0.145528,0.108739,0.037138,0.171373,0.067604,0.107872,0.119311,0.055783,0.117931
2023-04-21,0.211542,0.150176,0.162722,0.072606,0.054498,0.12317,0.041315,0.154125,0.110727,0.0
2023-04-24,0.07227,0.17766,0.109863,0.083126,0.134767,0.059229,0.06069,0.170153,0.266574,0.059515
2023-04-25,-0.024839,0.053595,0.085231,-0.007581,0.213076,0.049584,0.022217,0.079727,0.250555,0.14902
2023-04-26,0.042644,0.118746,0.147761,0.166163,0.025,0.120729,-0.004534,-0.035601,0.15251,0.229834
2023-04-27,0.061578,0.012288,0.099512,0.215913,0.096908,0.03922,0.063993,0.002771,0.085892,0.150727
2023-04-28,0.000458,0.22745,0.207649,0.003704,-0.034623,0.040527,0.07992,0.143774,0.071817,0.080523
2023-05-01,-0.000722,0.073401,0.051633,-0.101929,0.072244,0.106305,0.119956,0.075713,0.110888,0.03741
2023-05-02,0.053782,0.056548,0.03555,0.068052,-0.041869,0.08362,0.029599,0.044473,0.054336,0.170893
2023-05-03,0.111137,0.10964,0.061915,0.078663,-0.008525,0.101817,-0.104333,0.025105,0.134929,0.14476
2023-05-04,-0.01449,0.002101,0.112894,0.057943,0.07444,0.301218,-0.000198,0.066557,0.058703,0.132265
2023-05-05,0.280658,0.070849,0.06815,0.348262,0.13888,-0.17014,-0.019701,0.22796,0.019782,0.156485
2023-05-08,0.067487,0.017195,0.13892,0.048367,0.14424,0.082067,0.142506,0.113227,0.137948,0.203933
2023-05-09,-0.00412,0.143264,0.336925,-0.147408,0.157306,0.183222,0.124058,0.13903,0.031134,0.124631
2023-05-10,0.106853,-0.004055,0.178482,0.025476,0.061268,0.104861,0.076205,0.025016,0.112299,0.197613
2023-05-11,0.286314,0.131244,0.290757,-0.046867,0.231377,0.058466,0.194457,0.04404,0.039163,0.28435
2023-05-12,0.142905,0.087734,0.085386,-0.01715,0.05106,0.05544,0.158775,0.102029,0.095828,0.127098
2023-05-15,0.021256,0.080738,0.097185,-0.081246,0.114601,0.12548,0.135432,0.135317,0.176012,0.213453
2023-05-16,0.062167,0.071718,0.086154,0.031086,0.008872,0.0608,0.070826,0.07757,0.093437,0.237767
2023-05-17,0.006847,0.031926,-0.036239,0.077335,-0.131548,0.06658,0.043691,0.068,0.148773,0.138796
2023-05-18,0.02983,0.252214,-0.046546,0.077354,0.0412,0.0148,0.03275,0.073738,0.120648,0.148776
2023-05-19,0.251387,0.079226,0.058658,0.046974,0.028155,0.07576,0.0,0.03647,0.238598,0.164784
2023-05-22,0.080063,0.044529,0.142908,0.058491,0.065889,0.161153,0.090434,0.155039,0.024013,0.109
2023-05-23,0.033214,-0.020525,0.032651,0.153937,0.124822,0.136731,0.087584,0.092061,0.23763,-0.036025
2023-05-24,0.064547,0.017273,-0.02143,0.054311,-0.037947,0.107105,-0.007663,0.171909,0.035611,0.083492
2023-05-25,0.051872,0.06134,0.021213,0.070185,0.110065,0.11104,0.051475,0.092465,0.200891,0.118501
2023-05-26,0.298727,0.064198,0.202087,0.060635,0.121165,0.111142,0.059206,0.080496,0.131522,0.13502
2023-05-30,0.003577,0.106153,0.132756,0.008883,0.290695,0.069423,0.138727,0.15797,0.117569,0.160708
2023-05-31,0.09654,0.091659,0.171704,0.091118,0.140733,0.069663,0.155695,0.236177,0.101268,0.191504
2023-06-01,0.104567,0.134392,0.201073,0.045124,-0.06024,0.106751,-0.026755,0.152751,0.162873,0.200773
2023-06-02,-0.012119,-0.003415,0.004056,-0.004618,0.031049,0.117098,0.077207,0.0344,0.088226,0.205357
2023-06-05,0.082711,0.009053,0.082553,0.067547,0.0538,0.078114,0.051556,0.084001,0.078635,0.08196
2023-06-06,0.0705,0.161352,0.011694,0.159019,0.220181,0.246539,0.036287,0.134573,0.020369,0.07135
2023-06-07,0.221051,0.124032,0.087703,0.176465,0.257772,0.106807,0.171005,0.161629,0.161015,0.283519
2023-06-08,0.053375,0.107101,0.03469,0.080722,0.277517,0.094813,0.109822,0.054165,0.114421,0.158817
2023-06-09,0.225692,0.077757,0.077951,0.045203,0.035365,0.026658,0.163606,0.145912,0.060315,0.108044
2023-06-12,0.083126,0.090705,0.055565,0.059516,0.199897,0.121445,0.136224,0.211125,0.117506,0.162033
2023-06-13,0.120877,0.086493,0.115253,0.199521,0.056737,0.0765,0.29026,0.094267,0.129191,0.086045
2023-06-14,0.17772,0.043523,0.035237,0.084057,0.247603,0.119637,0.328509,0.098705,0.224833,0.243485
2023-06-15,0.073577,0.077834,0.070129,0.234303,0.017659,0.078398,0.09621,0.11988,0.133587,0.122933
2023-06-16,0.130587,-0.00949,0.09272,0.125684,0.069499,0.1201,0.14136,0.005908,0.132425,0.254683
2023-06-20,0.104862,0.029339,0.085532,0.101279,0.092104,0.098313,0.165661,-0.005827,0.088543,0.075396
2023-06-21,0.11794,0.127686,0.03936,0.093877,0.169849,-0.082895,0.13445,0.0,0.001077,0.109551
2023-06-22,0.32592,0.043131,0.030545,0.165607,0.07414,0.02985,0.119399,0.046345,0.096555,0.294789
2023-06-23,0.186735,0.041397,0.08087,-0.014857,0.172123,0.0646,0.054279,0.112477,0.144576,0.254681
2023-06-26,0.128357,0.153912,0.053009,0.112462,0.112871,0.153485,0.083373,0.15677,0.162652,0.297803
2023-06-27,0.176568,0.114273,0.102518,0.243315,0.13997,0.056354,0.12264,0.293719,0.187206,0.230065
2023-06-28,0.02695,0.107239,0.11212,-0.108671,0.12248,0.042222,0.20529,0.230241,0.063569,0.200063
2023-06-29,0.077377,0.002469,0.065871,0.063947,0.301491,0.04767,0.035073,0.258858,0.081873,0.218774
2023-06-30,-0.001808,0.099085,0.017703,-0.004592,0.009564,0.12335,-0.07432,0.143469,0.051834,0.16813
2023-07-03,0.115765,0.077536,0.10649,0.067603,0.169505,0.093324,-0.042033,0.198415,0.302904,0.161482
2023-07-05,0.219418,0.093782,0.045479,0.140941,0.243113,0.202541,0.113652,0.21311,0.145582,0.167514
2023-07-06,0.12168,0.054733,0.160278,0.114428,0.349625,0.050552,0.0592,0.094047,0.029536,0.173597
2023-07-07,0.151255,0.091283,-0.005559,0.047145,0.10098,-0.038615,0.042336,0.043555,0.010513,0.145707
2023-07-10,0.055541,0.038425,0.077948,0.010549,0.094086,0.051985,0.19686,0.15241,0.120323,0.163235
2023-07-11,0.115675,0.148304,-0.043403,0.103742,-0.0193,0.11171,0.05744,0.107972,0.135302,0.176217
2023-07-12,0.107225,0.102396,0.066905,0.054551,0.292268,0.013353,0.10863,0.1404,0.122702,0.128027
2023-07-13,0.116293,0.18475,0.159968,-0.008363,0.106642,0.084983,0.0,0.120317,0.172196,0.04496
2023-07-14,0.107051,0.160243,0.107797,0.023352,0.09642,0.05429,0.0,0.03335,0.13539,0.11593
2023-07-17,-0.088604,0.045599,0.172886,0.04881,0.085432,0.01073,0.02976,0.209581,0.125749,0.054697
2023-07-18,0.068732,0.049771,-0.024509,0.153426,0.12676,0.222063,0.02546,0.106953,0.278128,0.159672
2023-07-19,0.193892,0.168018,0.0264,0.122667,-0.011843,0.157138,0.0,0.15344,0.20008,-0.00572
2023-07-20,-0.00232,0.088567,0.102567,0.113442,0.005415,0.010132,0.107035,-0.016861,0.076751,0.229207
2023-07-21,0.078851,0.024183,0.043467,0.108903,-0.043439,0.077605,-0.04404,0.088688,0.056383,0.07752
2023-07-24,0.049917,0.097336,0.172026,0.098092,0.088336,0.179275,0.111228,0.254723,0.172724,0.050827
2023-07-25,-0.067168,0.065373,0.054073,0.11352,0.04148,0.022146,0.078215,0.08722,0.019383,0.173956
2023-07-26,0.202827,0.170692,0.079716,0.086931,-0.052292,-0.063856,0.068309,0.068926,0.072705,0.31093
2023-07-27,0.032108,0.200475,-0.024406,0.13279,0.174563,0.160814,0.008952,0.15286,0.078647,0.039637
2023-07-28,0.146267,0.139445,0.203425,0.059689,-0.029597,-0.005885,0.062433,0.224787,0.258062,0.026973
2023-07-31,0.117139,0.111874,0.295402,0.043616,0.158178,0.071981,0.054351,0.119206,0.192682,0.27928
2023-08-01,0.304845,0.118555,0.186396,0.049138,0.263353,0.070853,0.16848,0.08504,0.209482,0.144589
2023-08-02,0.103793,0.000319,0.06764,0.080769,0.282458,0.079853,0.043515,0.107651,0.04899,0.01201
2023-08-03,0.058635,0.014076,0.056586,0.104483,0.094094,0.079051,0.03558,0.037217,0.059218,0.076323
2023-08-04,0.016595,0.07977,-0.068349,0.055847,-0.037665,0.115097,0.030974,-0.08166,0.065607,0.100984
2023-08-07,0.08163,0.075559,0.105471,-0.039059,0.113333,0.05873,0.026965,-0.051422,0.044322,0.091735
2023-08-08,0.1498,0.113146,0.219688,-0.066639,0.158976,0.089719,0.01032,-0.013321,0.122801,0.10054
2023-08-09,0.056634,0.049837,-0.019293,0.084286,0.242629,0.12237,0.12886,-0.03062,0.132904,0.145372
2023-08-10,0.056511,0.067131,0.162549,0.130885,0.256299,0.024135,0.04404,0.326865,0.05379,0.09966
2023-08-11,0.101782,0.07658,0.148173,0.135721,0.068855,0.059333,0.098286,0.193569,0.146444,0.133293
2023-08-14,0.044858,0.058432,0.178631,0.089769,0.150716,0.088122,0.128293,0.126823,0.13544,0.176514
2023-08-15,0.021986,0.060225,0.026051,-0.068028,0.033177,0.12577,0.034815,0.112388,0.144086,0.026658
2023-08-16,0.14273,0.116197,0.127098,-0.020947,-0.02409,0.179895,0.030308,0.190784,0.136823,0.092216
2023-08-17,0.06904,0.031221,0.053767,0.081252,0.08139,0.014409,0.133335,0.072998,0.060907,0.266013
2023-08-18,0.13355,-0.001388,0.171541,0.086385,0.132069,-0.04342,0.076932,0.120235,0.170361,0.11366
2023-08-21,0.028349,0.079909,0.164622,0.140108,0.064272,0.054113,0.020211,0.156006,0.038895,-0.08816
2023-08-22,-0.005668,0.046683,0.020663,0.00033,-0.010727,0.16688,0.015087,0.120617,0.096004,0.0
2023-08-23,0.007355,0.151265,0.176147,0.177311,0.131292,0.072454,0.013134,0.105003,0.178199,0.081655
2023-08-24,0.019923,0.069197,0.070531,-0.014457,0.169873,0.12956,0.07636,0.06904,0.13619,0.043303
2023-08-25,-0.077265,0.112282,0.06442,0.023236,0.073462,0.027447,0.185053,0.070705,0.039432,0.098573
2023-08-28,0.028857,0.086468,0.217414,0.12842,0.046845,-0.001852,0.227113,0.19812,0.192867,0.002903
2023-08-29,0.074282,0.200396,-0.0384,-0.059907,0.114348,-0.016525,0.121036,0.195116,0.158436,0.220139
2023-08-30,0.02991,0.102784,0.07273,0.076117,0.043234,0.058375,0.204287,0.194257,0.135049,0.207043
2023-08-31,0.119017,0.228715,0.014126,0.09643,0.110472,0.061981,0.221063,0.172059,0.066601,0.154555
2023-09-01,0.01918,0.184002,0.191923,0.05401,0.103614,0.131087,0.242497,0.29386,0.193087,0.329894
2023-09-05,0.40599,0.099945,-0.018475,0.100058,-0.038212,0.128181,0.06364,0.147571,0.216847,0.23893
2023-09-06,0.141573,0.043815,0.250289,0.294283,0.192973,0.083673,0.12696,0.198454,0.111524,0.080067
2023-09-07,0.147289,0.034474,0.245675,0.27011,-0.189493,0.18894,0.04648,0.022667,0.143068,0.27001
2023-09-08,0.140835,0.17325,0.141711,0.098857,0.261324,0.050347,0.061497,0.204,0.081288,0.144177
2023-09-11,0.006898,0.082206,0.108891,0.114061,0.125103,0.089769,0.16076,0.246966,0.21561,-0.123527
2023-09-12,0.037547,0.058548,0.101971,0.19237,-0.02757,0.119136,0.110165,-0.049794,0.056966,-0.125233
2023-09-13,0.020765,0.097308,0.098299,0.086734,0.143467,0.063371,0.114594,0.109479,0.351122,0.13178
2023-09-14,0.10732,0.031052,0.122991,0.171734,0.081808,0.09646,0.107811,0.089137,0.181783,0.21654
2023-09-15,0.032758,0.273074,-0.010076,0.027318,-0.000179,0.078187,0.073136,0.282277,-0.009785,0.25713
2023-09-18,0.098897,0.0881,0.058334,0.280374,0.080601,0.092996,0.136513,0.170325,0.160216,0.069507
2023-09-19,0.081126,0.110618,0.04519,0.124159,0.04774,0.122252,0.008371,0.258646,0.102514,0.263322
2023-09-20,0.145884,-0.082029,0.038433,0.065153,-0.139545,0.062049,0.02023,0.450912,0.051817,0.214507
2023-09-21,0.039677,0.037884,0.146003,0.07937,0.132327,0.128242,0.10848,0.197573,0.193569,0.018453
2023-09-22,0.017472,0.149438,0.214824,-0.002622,0.046038,0.208967,0.121035,0.15811,0.099278,-0.040124
2023-09-25,-0.023808,0.077548,0.189347,0.097939,0.174102,0.149903,-0.0846,0.087117,0.076504,0.121844
2023-09-26,0.157733,0.131094,0.158054,0.135942,0.069857,0.128098,-0.046329,0.171585,0.072294,0.177659
2023-09-27,0.116491,-0.012613,0.121955,0.092289,0.215821,0.188875,0.115673,0.189768,0.131694,-0.007531
2023-09-28,0.074091,0.089488,0.14098,0.155607,0.1254,0.050451,0.124806,0.370631,0.014731,0.091384
2023-09-29,0.32741,0.168529,0.214951,0.208852,0.126405,0.131832,0.08699,0.208926,0.083063,0.490372
2023-10-02,0.264206,0.141631,0.217528,0.173649,0.058763,0.131063,0.18959,0.30891,0.200712,0.218729
2023-10-03,0.122454,0.368542,0.235757,0.168359,0.213968,0.101469,0.157691,0.16413,0.241958,0.182245
2023-10-04,0.165245,0.114709,0.191367,0.12015,0.12248,0.069547,0.001375,0.193182,0.082888,0.103167
2023-10-05,0.081918,0.162426,0.205033,0.08972,-0.02732,0.099449,0.096847,0.221558,0.192149,0.174672
2023-10-06,0.13359,0.069477,0.155399,0.136798,0.090551,0.088795,0.113324,0.255864,0.055071,0.184135
2023-10-09,0.165673,0.05832,-0.14293,0.146371,0.348723,-0.031811,0.057637,0.1751,0.125914,0.076732
2023-10-10,0.171265,0.183609,0.104314,0.039749,-5.6e-05,0.116997,0.024524,0.162946,0.131233,0.204988
2023-10-11,0.159463,0.058204,0.131517,0.020824,0.039178,0.187309,0.143016,0.131224,0.18174,0.1566
2023-10-12,0.088083,0.096068,0.264472,0.076369,0.066949,0.189395,0.12335,0.338747,0.106257,0.111348
2023-10-13,0.0125,0.056993,-0.026795,-0.018407,0.03893,0.12499,0.105637,0.333024,0.166458,0.444533
2023-10-16,0.016153,0.160782,0.163734,0.041932,0.031012,0.078171,0.139446,0.154074,0.140965,0.200766
2023-10-17,-0.0256,0.068331,0.188793,0.15136,0.138425,0.051899,0.077513,-0.024773,0.075245,0.284754
2023-10-18,0.042297,0.091163,-0.047527,0.023193,0.10263,0.04653,-0.097847,0.147031,0.041153,0.230755
2023-10-19,0.224956,0.047858,0.184889,0.071921,0.218597,0.08238,0.048395,0.032949,0.116627,0.203284
2023-10-20,0.075779,0.089546,0.083097,0.093659,0.105972,-0.00231,-0.08038,0.23721,0.123026,0.24792
2023-10-23,0.052052,0.148059,0.015655,0.016845,0.088669,0.180469,0.095673,0.216533,0.139688,0.005383
2023-10-24,0.096811,0.076397,0.161121,0.101302,0.118175,0.210546,0.111317,0.21792,0.171836,-0.001495
2023-10-25,0.10521,-0.018668,0.178601,0.122351,0.063877,0.074822,0.140796,0.122098,0.15567,0.059803
2023-10-26,0.1434,0.059376,0.059367,0.176184,0.184967,0.067365,0.131602,0.047513,0.113791,0.28066
2023-10-27,-0.065627,0.11859,0.083442,0.063675,0.123049,-0.084401,0.094499,0.111854,0.187254,0.214639
2023-10-30,0.073493,0.107344,0.056137,0.116247,0.043557,0.138209,0.16892,0.232477,0.039338,0.192687
2023-10-31,0.103248,0.133276,0.108549,0.065878,0.092558,0.097922,0.030974,0.08741,0.11477,0.094133
2023-11-01,0.062753,0.151829,0.180841,0.083579,0.017937,0.12493,0.221952,0.043496,0.095402,0.035853
2023-11-02,0.047298,0.106307,0.065923,0.182036,0.062079,0.185848,0.103592,0.158413,0.18315,0.167359
2023-11-03,0.1055,0.07733,0.137735,0.20951,0.070373,0.054549,0.144127,0.03575,0.146965,0.057503
2023-11-06,0.053104,0.052473,0.145131,0.033971,0.119137,0.133763,0.230852,0.06939,0.172985,0.108338
2023-11-07,0.173423,0.186682,0.188166,0.115122,0.086484,0.093569,0.086831,0.218112,0.344049,0.240824
2023-11-08,0.115955,0.019636,0.163118,0.074881,0.04333,0.090087,0.065864,0.068353,0.049458,0.227715
2023-11-09,0.28097,0.133252,0.08789,0.031096,0.145438,0.230656,0.00129,0.184619,0.235851,0.318575
2023-11-10,0.065432,0.138952,0.091944,0.125108,-0.011329,0.090224,-0.0106,0.027956,0.247792,0.367426
2023-11-13,0.12335,0.157528,0.187561,-0.13722,0.122006,0.012518,0.032227,0.127965,0.164904,0.111536
2023-11-14,0.076617,0.087683,0.25366,0.093724,0.080059,0.057953,0.125627,0.165468,0.268267,0.222344
2023-11-15,0.166,0.154647,0.095413,0.08716,0.15714,0.145138,0.2202,0.201628,0.074995,0.113313
2023-11-16,0.03111,0.021419,-0.074611,0.041192,0.02616,0.133306,0.092911,0.136764,0.114469,0.27994
2023-11-17,0.023206,0.084903,0.074214,0.117218,0.038597,0.213802,0.238976,0.061119,0.139206,0.204764
2023-11-20,0.046685,0.042926,0.017734,0.02975,0.171025,-0.001797,0.337807,0.106787,0.206296,0.139102
2023-11-21,0.04221,0.07686,0.143266,0.075168,0.080232,0.085013,0.055646,0.135488,0.134178,0.02602
2023-11-22,-0.051142,0.011287,0.123323,-0.087449,0.12618,0.153278,0.159409,0.074183,0.092955,0.124484
2023-11-24,0.077227,-0.065594,0.146568,0.047514,0.038858,0.190482,0.086751,0.02023,0.107542,0.14172
2023-11-27,0.000283,0.130432,0.161849,0.089992,0.194687,0.03903,0.072502,0.05815,0.172308,0.201846
2023-11-28,0.075646,0.09942,-0.025393,0.117615,0.089167,0.068119,0.125333,0.108302,0.161767,0.096139
2023-11-29,0.038913,0.079833,0.055536,0.095256,0.099418,0.119573,0.125423,0.099983,0.203104,0.154542
2023-11-30,0.19064,0.024959,0.12192,0.134763,0.083562,0.08169,0.085458,0.08189,0.082137,0.265537
2023-12-01,0.128539,0.164795,0.021804,-0.021476,0.0,0.036412,0.12363,0.148521,0.070048,0.274471
2023-12-04,0.083549,0.081544,0.022403,0.076693,0.063808,0.133074,0.107626,0.16784,0.175584,0.305618
2023-12-05,0.085605,0.135013,-0.001275,0.104646,0.140441,-0.06629,0.093694,0.219264,0.154538,0.12248
2023-12-06,0.051855,0.068462,0.232608,-0.015112,0.261624,-0.068195,0.08038,0.117877,0.184651,0.141387
2023-12-07,0.056582,0.279373,-0.049162,0.053248,0.15392,-0.054917,0.015875,0.071445,0.102667,0.165475
2023-12-08,0.06279,-0.015177,0.118837,0.064345,0.043767,0.029865,0.160693,0.102823,0.181133,0.044931
2023-12-11,0.089326,0.137149,0.119602,0.098064,0.174718,0.080812,0.143073,0.066823,0.123385,0.109228
2023-12-12,0.139608,0.066637,0.069271,0.176188,0.062725,0.247368,0.034031,0.082543,0.096734,0.06729
2023-12-13,0.174338,0.062286,0.13694,0.117689,0.023512,0.147918,0.303512,0.23891,0.172476,0.097022
2023-12-14,0.201274,0.076505,0.095457,0.093037,0.083206,0.098915,0.062835,0.140934,0.144896,0.142468
2023-12-15,-0.010207,0.104994,0.003451,0.203666,0.099834,0.077167,6.1e-05,0.103217,0.109704,0.135716
2023-12-18,0.238517,0.069945,0.105887,0.151868,0.160357,0.235794,-0.05473,0.181574,0.111649,0.11473
2023-12-19,0.207641,0.060891,0.09218,0.132209,0.139599,0.20527,-0.047645,0.158069,0.109375,0.099878
2023-12-20,0.180762,0.053009,0.080247,0.115094,0.121528,0.178698,-0.041478,0.137607,0.066892,0.086949
2023-12-21,0.157363,0.046147,0.069859,0.100196,0.105796,0.155566,-0.036108,0.119794,0.081954,0.075693
2023-12-22,0.136992,0.040173,0.060816,0.087225,0.092101,0.135428,-0.031434,0.104287,0.071724,0.065895
2023-12-26,0.119259,0.034973,0.052944,0.075934,0.080178,0.117897,-0.027365,0.090787,0.088386,0.057365
2023-12-27,0.103821,0.030445,0.04609,0.066104,0.069799,0.102635,-0.023823,0.079035,0.076241,0.049939
2023-12-28,0.090381,0.026504,0.040124,0.057547,0.060764,0.089349,-0.020739,0.068804,0.05177,0.043474
2023-12-29,0.078681,0.023073,0.03493,0.050098,0.052898,0.077783,-0.018054,0.059897,0.058211,0.037847
